This file contains any messages produced by compilers while
running configure, to aid debugging if configure makes a mistake.

It was created by bash configure 5.2-release, which was
generated by GNU Autoconf 2.71.  Invocation command line was

  $ ../source/bash-5.2.21/configure --prefix=/usr --without-bash-malloc --with-installed-readline

## --------- ##
## Platform. ##
## --------- ##

hostname = rogue
uname -m = x86_64
uname -r = 6.12.68-1-lts
uname -s = Linux
uname -v = #1 SMP PREEMPT_DYNAMIC Fri, 30 Jan 2026 11:42:40 +0000

/usr/bin/uname -p = unknown
/bin/uname -X     = unknown

/bin/arch              = unknown
/usr/bin/arch -k       = unknown
/usr/convex/getsysinfo = unknown
/usr/bin/hostinfo      = unknown
/bin/machine           = unknown
/usr/bin/oslevel       = unknown
/bin/universe          = unknown

PATH: /usr/local/sbin/
PATH: /usr/local/bin/
PATH: /usr/bin/
PATH: /usr/bin/site_perl/
PATH: /usr/bin/vendor_perl/
PATH: /usr/bin/core_perl/


## ----------- ##
## Core tests. ##
## ----------- ##

configure:3017: looking for aux files: config.rpath install-sh config.guess config.sub
configure:3030:  trying ../source/bash-5.2.21/./support/
configure:3059:   ../source/bash-5.2.21/./support/config.rpath found
configure:3044:   ../source/bash-5.2.21/./support/install.sh found
configure:3059:   ../source/bash-5.2.21/./support/config.guess found
configure:3059:   ../source/bash-5.2.21/./support/config.sub found
configure:3193: checking build system type
configure:3208: result: x86_64-pc-linux-gnu
configure:3228: checking host system type
configure:3242: result: x86_64-pc-linux-gnu
configure:3958: checking for gcc
configure:3979: found /usr/bin/gcc
configure:3990: result: gcc
configure:4343: checking for C compiler version
configure:4352: gcc --version >&5
gcc (GCC) 15.2.1 20260103
Copyright (C) 2025 Free Software Foundation, Inc.
This is free software; see the source for copying conditions.  There is NO
warranty; not even for MERCHANTABILITY or FITNESS FOR A PARTICULAR PURPOSE.

configure:4363: $? = 0
configure:4352: gcc -v >&5
Using built-in specs.
COLLECT_GCC=gcc
COLLECT_LTO_WRAPPER=/usr/lib/gcc/x86_64-pc-linux-gnu/15.2.1/lto-wrapper
Target: x86_64-pc-linux-gnu
Configured with: /build/gcc/src/gcc/configure --enable-languages=ada,c,c++,d,fortran,go,lto,m2,objc,obj-c++,rust,cobol --enable-bootstrap --prefix=/usr --libdir=/usr/lib --libexecdir=/usr/lib --mandir=/usr/share/man --infodir=/usr/share/info --with-bugurl=https://gitlab.archlinux.org/archlinux/packaging/packages/gcc/-/issues --with-build-config=bootstrap-lto --with-linker-hash-style=gnu --with-system-zlib --enable-__cxa_atexit --enable-cet=auto --enable-checking=release --enable-clocale=gnu --enable-default-pie --enable-default-ssp --enable-gnu-indirect-function --enable-gnu-unique-object --enable-libstdcxx-backtrace --enable-link-serialization=1 --enable-linker-build-id --enable-lto --enable-multilib --enable-plugin --enable-shared --enable-threads=posix --disable-libssp --disable-libstdcxx-pch --disable-werror
Thread model: posix
Supported LTO compression algorithms: zlib zstd
gcc version 15.2.1 20260103 (GCC) 
configure:4363: $? = 0
configure:4352: gcc -V >&5
gcc: error: unrecognized command-line option '-V'
gcc: fatal error: no input files
compilation terminated.
configure:4363: $? = 1
configure:4352: gcc -qversion >&5
gcc: error: unrecognized command-line option '-qversion'; did you mean '--version'?
gcc: fatal error: no input files
compilation terminated.
configure:4363: $? = 1
configure:4352: gcc -version >&5
gcc: error: unrecognized command-line option '-version'
gcc: fatal error: no input files
compilation terminated.
configure:4363: $? = 1
configure:4383: checking whether the C compiler works
configure:4405: gcc    conftest.c  >&5
configure:4409: $? = 0
configure:4459: result: yes
configure:4462: checking for C compiler default output file name
configure:4464: result: a.out
configure:4470: checking for suffix of executables
configure:4477: gcc -o conftest    conftest.c  >&5
configure:4481: $? = 0
configure:4504: result: 
configure:4526: checking whether we are cross compiling
configure:4534: gcc -o conftest    conftest.c  >&5
configure:4538: $? = 0
configure:4545: ./conftest
configure:4549: $? = 0
configure:4564: result: no
configure:4569: checking for suffix of object files
configure:4592: gcc -c   conftest.c >&5
configure:4596: $? = 0
configure:4618: result: o
configure:4622: checking whether the compiler supports GNU C
configure:4642: gcc -c   conftest.c >&5
configure:4642: $? = 0
configure:4652: result: yes
configure:4663: checking whether gcc accepts -g
configure:4684: gcc -c -g  conftest.c >&5
configure:4684: $? = 0
configure:4728: result: yes
configure:4748: checking for gcc option to enable C11 features
configure:4763: gcc  -c -g -O2  conftest.c >&5
conftest.c: In function 'e':
conftest.c:49:14: warning: old-style function definition [-Wold-style-definition]
   49 | static char *e (p, i)
      |              ^
configure:4763: $? = 0
configure:4781: result: none needed
configure:4906: checking for stdio.h
configure:4906: gcc -c -g -O2  conftest.c >&5
configure:4906: $? = 0
configure:4906: result: yes
configure:4906: checking for stdlib.h
configure:4906: gcc -c -g -O2  conftest.c >&5
configure:4906: $? = 0
configure:4906: result: yes
configure:4906: checking for string.h
configure:4906: gcc -c -g -O2  conftest.c >&5
configure:4906: $? = 0
configure:4906: result: yes
configure:4906: checking for inttypes.h
configure:4906: gcc -c -g -O2  conftest.c >&5
configure:4906: $? = 0
configure:4906: result: yes
configure:4906: checking for stdint.h
configure:4906: gcc -c -g -O2  conftest.c >&5
configure:4906: $? = 0
configure:4906: result: yes
configure:4906: checking for strings.h
configure:4906: gcc -c -g -O2  conftest.c >&5
configure:4906: $? = 0
configure:4906: result: yes
configure:4906: checking for sys/stat.h
configure:4906: gcc -c -g -O2  conftest.c >&5
configure:4906: $? = 0
configure:4906: result: yes
configure:4906: checking for sys/types.h
configure:4906: gcc -c -g -O2  conftest.c >&5
configure:4906: $? = 0
configure:4906: result: yes
configure:4906: checking for unistd.h
configure:4906: gcc -c -g -O2  conftest.c >&5
configure:4906: $? = 0
configure:4906: result: yes
configure:4906: checking for wchar.h
configure:4906: gcc -c -g -O2  conftest.c >&5
configure:4906: $? = 0
configure:4906: result: yes
configure:4906: checking for minix/config.h
configure:4906: gcc -c -g -O2  conftest.c >&5
conftest.c:73:10: fatal error: minix/config.h: No such file or directory
   73 | #include <minix/config.h>
      |          ^~~~~~~~~~~~~~~~
compilation terminated.
configure:4906: $? = 1
configure: failed program was:
| /* confdefs.h */
| #define PACKAGE_NAME "bash"
| #define PACKAGE_TARNAME "bash"
| #define PACKAGE_VERSION "5.2-release"
| #define PACKAGE_STRING "bash 5.2-release"
| #define PACKAGE_BUGREPORT "bug-bash@gnu.org"
| #define PACKAGE_URL ""
| #define ALIAS 1
| #define PUSHD_AND_POPD 1
| #define RESTRICTED_SHELL 1
| #define PROCESS_SUBSTITUTION 1
| #define PROMPT_STRING_DECODE 1
| #define SELECT_COMMAND 1
| #define HELP_BUILTIN 1
| #define ARRAY_VARS 1
| #define DPAREN_ARITHMETIC 1
| #define BRACE_EXPANSION 1
| #define COMMAND_TIMING 1
| #define EXTENDED_GLOB 1
| #define EXTGLOB_DEFAULT 0
| #define COND_COMMAND 1
| #define COND_REGEXP 1
| #define COPROCESS_SUPPORT 1
| #define ARITH_FOR_COMMAND 1
| #define NETWORK_REDIRECTIONS 1
| #define PROGRAMMABLE_COMPLETION 1
| #define DEBUGGER 1
| #define CASEMOD_ATTRS 1
| #define CASEMOD_EXPANSIONS 1
| #define GLOBASCII_DEFAULT 1
| #define FUNCTION_IMPORT 1
| #define TRANSLATABLE_STRINGS 1
| #define MEMSCRAMBLE 1
| #define HAVE_STDIO_H 1
| #define HAVE_STDLIB_H 1
| #define HAVE_STRING_H 1
| #define HAVE_INTTYPES_H 1
| #define HAVE_STDINT_H 1
| #define HAVE_STRINGS_H 1
| #define HAVE_SYS_STAT_H 1
| #define HAVE_SYS_TYPES_H 1
| #define HAVE_UNISTD_H 1
| #define HAVE_WCHAR_H 1
| /* end confdefs.h.  */
| #include <stddef.h>
| #ifdef HAVE_STDIO_H
| # include <stdio.h>
| #endif
| #ifdef HAVE_STDLIB_H
| # include <stdlib.h>
| #endif
| #ifdef HAVE_STRING_H
| # include <string.h>
| #endif
| #ifdef HAVE_INTTYPES_H
| # include <inttypes.h>
| #endif
| #ifdef HAVE_STDINT_H
| # include <stdint.h>
| #endif
| #ifdef HAVE_STRINGS_H
| # include <strings.h>
| #endif
| #ifdef HAVE_SYS_TYPES_H
| # include <sys/types.h>
| #endif
| #ifdef HAVE_SYS_STAT_H
| # include <sys/stat.h>
| #endif
| #ifdef HAVE_UNISTD_H
| # include <unistd.h>
| #endif
| #include <minix/config.h>
configure:4906: result: no
configure:4906: checking for sys/param.h
configure:4906: gcc -c -g -O2  conftest.c >&5
configure:4906: $? = 0
configure:4906: result: yes
configure:4906: checking for xlocale.h
configure:4906: gcc -c -g -O2  conftest.c >&5
conftest.c:74:10: fatal error: xlocale.h: No such file or directory
   74 | #include <xlocale.h>
      |          ^~~~~~~~~~~
compilation terminated.
configure:4906: $? = 1
configure: failed program was:
| /* confdefs.h */
| #define PACKAGE_NAME "bash"
| #define PACKAGE_TARNAME "bash"
| #define PACKAGE_VERSION "5.2-release"
| #define PACKAGE_STRING "bash 5.2-release"
| #define PACKAGE_BUGREPORT "bug-bash@gnu.org"
| #define PACKAGE_URL ""
| #define ALIAS 1
| #define PUSHD_AND_POPD 1
| #define RESTRICTED_SHELL 1
| #define PROCESS_SUBSTITUTION 1
| #define PROMPT_STRING_DECODE 1
| #define SELECT_COMMAND 1
| #define HELP_BUILTIN 1
| #define ARRAY_VARS 1
| #define DPAREN_ARITHMETIC 1
| #define BRACE_EXPANSION 1
| #define COMMAND_TIMING 1
| #define EXTENDED_GLOB 1
| #define EXTGLOB_DEFAULT 0
| #define COND_COMMAND 1
| #define COND_REGEXP 1
| #define COPROCESS_SUPPORT 1
| #define ARITH_FOR_COMMAND 1
| #define NETWORK_REDIRECTIONS 1
| #define PROGRAMMABLE_COMPLETION 1
| #define DEBUGGER 1
| #define CASEMOD_ATTRS 1
| #define CASEMOD_EXPANSIONS 1
| #define GLOBASCII_DEFAULT 1
| #define FUNCTION_IMPORT 1
| #define TRANSLATABLE_STRINGS 1
| #define MEMSCRAMBLE 1
| #define HAVE_STDIO_H 1
| #define HAVE_STDLIB_H 1
| #define HAVE_STRING_H 1
| #define HAVE_INTTYPES_H 1
| #define HAVE_STDINT_H 1
| #define HAVE_STRINGS_H 1
| #define HAVE_SYS_STAT_H 1
| #define HAVE_SYS_TYPES_H 1
| #define HAVE_UNISTD_H 1
| #define HAVE_WCHAR_H 1
| #define HAVE_SYS_PARAM_H 1
| /* end confdefs.h.  */
| #include <stddef.h>
| #ifdef HAVE_STDIO_H
| # include <stdio.h>
| #endif
| #ifdef HAVE_STDLIB_H
| # include <stdlib.h>
| #endif
| #ifdef HAVE_STRING_H
| # include <string.h>
| #endif
| #ifdef HAVE_INTTYPES_H
| # include <inttypes.h>
| #endif
| #ifdef HAVE_STDINT_H
| # include <stdint.h>
| #endif
| #ifdef HAVE_STRINGS_H
| # include <strings.h>
| #endif
| #ifdef HAVE_SYS_TYPES_H
| # include <sys/types.h>
| #endif
| #ifdef HAVE_SYS_STAT_H
| # include <sys/stat.h>
| #endif
| #ifdef HAVE_UNISTD_H
| # include <unistd.h>
| #endif
| #include <xlocale.h>
configure:4906: result: no
configure:4906: checking for sys/time.h
configure:4906: gcc -c -g -O2  conftest.c >&5
configure:4906: $? = 0
configure:4906: result: yes
configure:4937: checking whether it is safe to define __EXTENSIONS__
configure:4956: gcc -c -g -O2  conftest.c >&5
configure:4956: $? = 0
configure:4964: result: yes
configure:4967: checking whether _XOPEN_SOURCE should be defined
configure:4989: gcc -c -g -O2  conftest.c >&5
configure:4989: $? = 0
configure:5016: result: no
configure:5080: checking for special C compiler options needed for large files
configure:5128: result: no
configure:5134: checking for _FILE_OFFSET_BITS value needed for large files
configure:5160: gcc -c -g -O2  conftest.c >&5
configure:5160: $? = 0
configure:5194: result: no
configure:5390: checking how to run the C preprocessor
configure:5416: gcc -E  conftest.c
configure:5416: $? = 0
configure:5431: gcc -E  conftest.c
conftest.c:64:10: fatal error: ac_nonexistent.h: No such file or directory
   64 | #include <ac_nonexistent.h>
      |          ^~~~~~~~~~~~~~~~~~
compilation terminated.
configure:5431: $? = 1
configure: failed program was:
| /* confdefs.h */
| #define PACKAGE_NAME "bash"
| #define PACKAGE_TARNAME "bash"
| #define PACKAGE_VERSION "5.2-release"
| #define PACKAGE_STRING "bash 5.2-release"
| #define PACKAGE_BUGREPORT "bug-bash@gnu.org"
| #define PACKAGE_URL ""
| #define ALIAS 1
| #define PUSHD_AND_POPD 1
| #define RESTRICTED_SHELL 1
| #define PROCESS_SUBSTITUTION 1
| #define PROMPT_STRING_DECODE 1
| #define SELECT_COMMAND 1
| #define HELP_BUILTIN 1
| #define ARRAY_VARS 1
| #define DPAREN_ARITHMETIC 1
| #define BRACE_EXPANSION 1
| #define COMMAND_TIMING 1
| #define EXTENDED_GLOB 1
| #define EXTGLOB_DEFAULT 0
| #define COND_COMMAND 1
| #define COND_REGEXP 1
| #define COPROCESS_SUPPORT 1
| #define ARITH_FOR_COMMAND 1
| #define NETWORK_REDIRECTIONS 1
| #define PROGRAMMABLE_COMPLETION 1
| #define DEBUGGER 1
| #define CASEMOD_ATTRS 1
| #define CASEMOD_EXPANSIONS 1
| #define GLOBASCII_DEFAULT 1
| #define FUNCTION_IMPORT 1
| #define TRANSLATABLE_STRINGS 1
| #define MEMSCRAMBLE 1
| #define HAVE_STDIO_H 1
| #define HAVE_STDLIB_H 1
| #define HAVE_STRING_H 1
| #define HAVE_INTTYPES_H 1
| #define HAVE_STDINT_H 1
| #define HAVE_STRINGS_H 1
| #define HAVE_SYS_STAT_H 1
| #define HAVE_SYS_TYPES_H 1
| #define HAVE_UNISTD_H 1
| #define HAVE_WCHAR_H 1
| #define HAVE_SYS_PARAM_H 1
| #define HAVE_SYS_TIME_H 1
| #define STDC_HEADERS 1
| #define _ALL_SOURCE 1
| #define _DARWIN_C_SOURCE 1
| #define _GNU_SOURCE 1
| #define _HPUX_ALT_XOPEN_SOCKET_API 1
| #define _NETBSD_SOURCE 1
| #define _OPENBSD_SOURCE 1
| #define _POSIX_PTHREAD_SEMANTICS 1
| #define __STDC_WANT_IEC_60559_ATTRIBS_EXT__ 1
| #define __STDC_WANT_IEC_60559_BFP_EXT__ 1
| #define __STDC_WANT_IEC_60559_DFP_EXT__ 1
| #define __STDC_WANT_IEC_60559_FUNCS_EXT__ 1
| #define __STDC_WANT_IEC_60559_TYPES_EXT__ 1
| #define __STDC_WANT_LIB_EXT2__ 1
| #define __STDC_WANT_MATH_SPEC_FUNCS__ 1
| #define _TANDEM_SOURCE 1
| #define __EXTENSIONS__ 1
| /* end confdefs.h.  */
| #include <ac_nonexistent.h>
configure:5458: result: gcc -E
configure:5472: gcc -E  conftest.c
configure:5472: $? = 0
configure:5487: gcc -E  conftest.c
conftest.c:64:10: fatal error: ac_nonexistent.h: No such file or directory
   64 | #include <ac_nonexistent.h>
      |          ^~~~~~~~~~~~~~~~~~
compilation terminated.
configure:5487: $? = 1
configure: failed program was:
| /* confdefs.h */
| #define PACKAGE_NAME "bash"
| #define PACKAGE_TARNAME "bash"
| #define PACKAGE_VERSION "5.2-release"
| #define PACKAGE_STRING "bash 5.2-release"
| #define PACKAGE_BUGREPORT "bug-bash@gnu.org"
| #define PACKAGE_URL ""
| #define ALIAS 1
| #define PUSHD_AND_POPD 1
| #define RESTRICTED_SHELL 1
| #define PROCESS_SUBSTITUTION 1
| #define PROMPT_STRING_DECODE 1
| #define SELECT_COMMAND 1
| #define HELP_BUILTIN 1
| #define ARRAY_VARS 1
| #define DPAREN_ARITHMETIC 1
| #define BRACE_EXPANSION 1
| #define COMMAND_TIMING 1
| #define EXTENDED_GLOB 1
| #define EXTGLOB_DEFAULT 0
| #define COND_COMMAND 1
| #define COND_REGEXP 1
| #define COPROCESS_SUPPORT 1
| #define ARITH_FOR_COMMAND 1
| #define NETWORK_REDIRECTIONS 1
| #define PROGRAMMABLE_COMPLETION 1
| #define DEBUGGER 1
| #define CASEMOD_ATTRS 1
| #define CASEMOD_EXPANSIONS 1
| #define GLOBASCII_DEFAULT 1
| #define FUNCTION_IMPORT 1
| #define TRANSLATABLE_STRINGS 1
| #define MEMSCRAMBLE 1
| #define HAVE_STDIO_H 1
| #define HAVE_STDLIB_H 1
| #define HAVE_STRING_H 1
| #define HAVE_INTTYPES_H 1
| #define HAVE_STDINT_H 1
| #define HAVE_STRINGS_H 1
| #define HAVE_SYS_STAT_H 1
| #define HAVE_SYS_TYPES_H 1
| #define HAVE_UNISTD_H 1
| #define HAVE_WCHAR_H 1
| #define HAVE_SYS_PARAM_H 1
| #define HAVE_SYS_TIME_H 1
| #define STDC_HEADERS 1
| #define _ALL_SOURCE 1
| #define _DARWIN_C_SOURCE 1
| #define _GNU_SOURCE 1
| #define _HPUX_ALT_XOPEN_SOCKET_API 1
| #define _NETBSD_SOURCE 1
| #define _OPENBSD_SOURCE 1
| #define _POSIX_PTHREAD_SEMANTICS 1
| #define __STDC_WANT_IEC_60559_ATTRIBS_EXT__ 1
| #define __STDC_WANT_IEC_60559_BFP_EXT__ 1
| #define __STDC_WANT_IEC_60559_DFP_EXT__ 1
| #define __STDC_WANT_IEC_60559_FUNCS_EXT__ 1
| #define __STDC_WANT_IEC_60559_TYPES_EXT__ 1
| #define __STDC_WANT_LIB_EXT2__ 1
| #define __STDC_WANT_MATH_SPEC_FUNCS__ 1
| #define _TANDEM_SOURCE 1
| #define __EXTENSIONS__ 1
| /* end confdefs.h.  */
| #include <ac_nonexistent.h>
configure:5518: checking for grep that handles long lines and -e
configure:5582: result: /usr/bin/grep
configure:5587: checking for egrep
configure:5655: result: /usr/bin/grep -E
configure:5661: checking whether gcc needs -traditional
conftest.c:64:10: fatal error: termio.h: No such file or directory
   64 | #include <termio.h>
      |          ^~~~~~~~~~
compilation terminated.
configure:5698: result: no
configure:5725: checking for tgetent
configure:5725: gcc -o conftest -g -O2   conftest.c  >&5
/usr/bin/ld: /tmp/ccEQIczO.o: in function `main':
/home/rogue/workspace/rogue-linux/cogman/packages/bash/build/conftest.c:91:(.text.startup+0x5): undefined reference to `tgetent'
collect2: error: ld returned 1 exit status
configure:5725: $? = 1
configure: failed program was:
| /* confdefs.h */
| #define PACKAGE_NAME "bash"
| #define PACKAGE_TARNAME "bash"
| #define PACKAGE_VERSION "5.2-release"
| #define PACKAGE_STRING "bash 5.2-release"
| #define PACKAGE_BUGREPORT "bug-bash@gnu.org"
| #define PACKAGE_URL ""
| #define ALIAS 1
| #define PUSHD_AND_POPD 1
| #define RESTRICTED_SHELL 1
| #define PROCESS_SUBSTITUTION 1
| #define PROMPT_STRING_DECODE 1
| #define SELECT_COMMAND 1
| #define HELP_BUILTIN 1
| #define ARRAY_VARS 1
| #define DPAREN_ARITHMETIC 1
| #define BRACE_EXPANSION 1
| #define COMMAND_TIMING 1
| #define EXTENDED_GLOB 1
| #define EXTGLOB_DEFAULT 0
| #define COND_COMMAND 1
| #define COND_REGEXP 1
| #define COPROCESS_SUPPORT 1
| #define ARITH_FOR_COMMAND 1
| #define NETWORK_REDIRECTIONS 1
| #define PROGRAMMABLE_COMPLETION 1
| #define DEBUGGER 1
| #define CASEMOD_ATTRS 1
| #define CASEMOD_EXPANSIONS 1
| #define GLOBASCII_DEFAULT 1
| #define FUNCTION_IMPORT 1
| #define TRANSLATABLE_STRINGS 1
| #define MEMSCRAMBLE 1
| #define HAVE_STDIO_H 1
| #define HAVE_STDLIB_H 1
| #define HAVE_STRING_H 1
| #define HAVE_INTTYPES_H 1
| #define HAVE_STDINT_H 1
| #define HAVE_STRINGS_H 1
| #define HAVE_SYS_STAT_H 1
| #define HAVE_SYS_TYPES_H 1
| #define HAVE_UNISTD_H 1
| #define HAVE_WCHAR_H 1
| #define HAVE_SYS_PARAM_H 1
| #define HAVE_SYS_TIME_H 1
| #define STDC_HEADERS 1
| #define _ALL_SOURCE 1
| #define _DARWIN_C_SOURCE 1
| #define _GNU_SOURCE 1
| #define _HPUX_ALT_XOPEN_SOCKET_API 1
| #define _NETBSD_SOURCE 1
| #define _OPENBSD_SOURCE 1
| #define _POSIX_PTHREAD_SEMANTICS 1
| #define __STDC_WANT_IEC_60559_ATTRIBS_EXT__ 1
| #define __STDC_WANT_IEC_60559_BFP_EXT__ 1
| #define __STDC_WANT_IEC_60559_DFP_EXT__ 1
| #define __STDC_WANT_IEC_60559_FUNCS_EXT__ 1
| #define __STDC_WANT_IEC_60559_TYPES_EXT__ 1
| #define __STDC_WANT_LIB_EXT2__ 1
| #define __STDC_WANT_MATH_SPEC_FUNCS__ 1
| #define _TANDEM_SOURCE 1
| #define __EXTENSIONS__ 1
| /* end confdefs.h.  */
| /* Define tgetent to an innocuous variant, in case <limits.h> declares tgetent.
|    For example, HP-UX 11i <limits.h> declares gettimeofday.  */
| #define tgetent innocuous_tgetent
| 
| /* System header to define __stub macros and hopefully few prototypes,
|    which can conflict with char tgetent (); below.  */
| 
| #include <limits.h>
| #undef tgetent
| 
| /* Override any GCC internal prototype to avoid an error.
|    Use char because int might match the return type of a GCC
|    builtin and then its argument prototype would still apply.  */
| #ifdef __cplusplus
| extern "C"
| #endif
| char tgetent ();
| /* The GNU C library defines this for functions which it implements
|     to always fail with ENOSYS.  Some functions are actually named
|     something starting with __ and the normal name is an alias.  */
| #if defined __stub_tgetent || defined __stub___tgetent
| choke me
| #endif
| 
| int
| main (void)
| {
| return tgetent ();
|   ;
|   return 0;
| }
configure:5725: result: no
configure:5730: checking for tgetent in -ltermcap
configure:5753: gcc -o conftest -g -O2   conftest.c -ltermcap   >&5
/usr/bin/ld: cannot find -ltermcap: No such file or directory
collect2: error: ld returned 1 exit status
configure:5753: $? = 1
configure: failed program was:
| /* confdefs.h */
| #define PACKAGE_NAME "bash"
| #define PACKAGE_TARNAME "bash"
| #define PACKAGE_VERSION "5.2-release"
| #define PACKAGE_STRING "bash 5.2-release"
| #define PACKAGE_BUGREPORT "bug-bash@gnu.org"
| #define PACKAGE_URL ""
| #define ALIAS 1
| #define PUSHD_AND_POPD 1
| #define RESTRICTED_SHELL 1
| #define PROCESS_SUBSTITUTION 1
| #define PROMPT_STRING_DECODE 1
| #define SELECT_COMMAND 1
| #define HELP_BUILTIN 1
| #define ARRAY_VARS 1
| #define DPAREN_ARITHMETIC 1
| #define BRACE_EXPANSION 1
| #define COMMAND_TIMING 1
| #define EXTENDED_GLOB 1
| #define EXTGLOB_DEFAULT 0
| #define COND_COMMAND 1
| #define COND_REGEXP 1
| #define COPROCESS_SUPPORT 1
| #define ARITH_FOR_COMMAND 1
| #define NETWORK_REDIRECTIONS 1
| #define PROGRAMMABLE_COMPLETION 1
| #define DEBUGGER 1
| #define CASEMOD_ATTRS 1
| #define CASEMOD_EXPANSIONS 1
| #define GLOBASCII_DEFAULT 1
| #define FUNCTION_IMPORT 1
| #define TRANSLATABLE_STRINGS 1
| #define MEMSCRAMBLE 1
| #define HAVE_STDIO_H 1
| #define HAVE_STDLIB_H 1
| #define HAVE_STRING_H 1
| #define HAVE_INTTYPES_H 1
| #define HAVE_STDINT_H 1
| #define HAVE_STRINGS_H 1
| #define HAVE_SYS_STAT_H 1
| #define HAVE_SYS_TYPES_H 1
| #define HAVE_UNISTD_H 1
| #define HAVE_WCHAR_H 1
| #define HAVE_SYS_PARAM_H 1
| #define HAVE_SYS_TIME_H 1
| #define STDC_HEADERS 1
| #define _ALL_SOURCE 1
| #define _DARWIN_C_SOURCE 1
| #define _GNU_SOURCE 1
| #define _HPUX_ALT_XOPEN_SOCKET_API 1
| #define _NETBSD_SOURCE 1
| #define _OPENBSD_SOURCE 1
| #define _POSIX_PTHREAD_SEMANTICS 1
| #define __STDC_WANT_IEC_60559_ATTRIBS_EXT__ 1
| #define __STDC_WANT_IEC_60559_BFP_EXT__ 1
| #define __STDC_WANT_IEC_60559_DFP_EXT__ 1
| #define __STDC_WANT_IEC_60559_FUNCS_EXT__ 1
| #define __STDC_WANT_IEC_60559_TYPES_EXT__ 1
| #define __STDC_WANT_LIB_EXT2__ 1
| #define __STDC_WANT_MATH_SPEC_FUNCS__ 1
| #define _TANDEM_SOURCE 1
| #define __EXTENSIONS__ 1
| /* end confdefs.h.  */
| 
| /* Override any GCC internal prototype to avoid an error.
|    Use char because int might match the return type of a GCC
|    builtin and then its argument prototype would still apply.  */
| char tgetent ();
| int
| main (void)
| {
| return tgetent ();
|   ;
|   return 0;
| }
configure:5763: result: no
configure:5769: checking for tgetent in -ltinfo
configure:5792: gcc -o conftest -g -O2   conftest.c -ltinfo   >&5
configure:5792: $? = 0
configure:5802: result: yes
configure:5941: checking which library has the termcap functions
configure:5944: result: using libtinfo
configure:5971: checking version of installed readline library
configure:6030: gcc -o conftest -g -O2 -I/usr/include   -L/usr/lib conftest.c  -lreadline -ltinfo >&5
configure:6030: $? = 0
configure:6030: ./conftest
configure:6030: $? = 0
configure:6084: result: 8.3
configure:6223: checking for a BSD-compatible install
configure:6296: result: /usr/bin/install -c
configure:6355: checking for ar
configure:6376: found /usr/bin/ar
configure:6387: result: ar
configure:6458: checking for ranlib
configure:6479: found /usr/bin/ranlib
configure:6490: result: ranlib
configure:6516: checking for bison
configure:6537: found /usr/bin/bison
configure:6548: result: bison -y
configure:6560: checking whether make sets $(MAKE)
configure:6583: result: yes
configure:6971: checking for an ANSI C-conforming const
configure:7038: gcc -c -g -O2  conftest.c >&5
configure:7038: $? = 0
configure:7046: result: yes
configure:7054: checking for inline
configure:7071: gcc -c -g -O2  conftest.c >&5
configure:7071: $? = 0
configure:7080: result: inline
configure:7098: checking whether byte ordering is bigendian
configure:7114: gcc -c -g -O2  conftest.c >&5
conftest.c:68:16: error: unknown type name 'not'
   68 |                not a universal capable compiler
      |                ^~~
conftest.c:68:22: error: expected '=', ',', ';', 'asm' or '__attribute__' before 'universal'
   68 |                not a universal capable compiler
      |                      ^~~~~~~~~
conftest.c:68:22: error: unknown type name 'universal'
configure:7114: $? = 1
configure: failed program was:
| /* confdefs.h */
| #define PACKAGE_NAME "bash"
| #define PACKAGE_TARNAME "bash"
| #define PACKAGE_VERSION "5.2-release"
| #define PACKAGE_STRING "bash 5.2-release"
| #define PACKAGE_BUGREPORT "bug-bash@gnu.org"
| #define PACKAGE_URL ""
| #define ALIAS 1
| #define PUSHD_AND_POPD 1
| #define RESTRICTED_SHELL 1
| #define PROCESS_SUBSTITUTION 1
| #define PROMPT_STRING_DECODE 1
| #define SELECT_COMMAND 1
| #define HELP_BUILTIN 1
| #define ARRAY_VARS 1
| #define DPAREN_ARITHMETIC 1
| #define BRACE_EXPANSION 1
| #define COMMAND_TIMING 1
| #define EXTENDED_GLOB 1
| #define EXTGLOB_DEFAULT 0
| #define COND_COMMAND 1
| #define COND_REGEXP 1
| #define COPROCESS_SUPPORT 1
| #define ARITH_FOR_COMMAND 1
| #define NETWORK_REDIRECTIONS 1
| #define PROGRAMMABLE_COMPLETION 1
| #define DEBUGGER 1
| #define CASEMOD_ATTRS 1
| #define CASEMOD_EXPANSIONS 1
| #define GLOBASCII_DEFAULT 1
| #define FUNCTION_IMPORT 1
| #define TRANSLATABLE_STRINGS 1
| #define MEMSCRAMBLE 1
| #define HAVE_STDIO_H 1
| #define HAVE_STDLIB_H 1
| #define HAVE_STRING_H 1
| #define HAVE_INTTYPES_H 1
| #define HAVE_STDINT_H 1
| #define HAVE_STRINGS_H 1
| #define HAVE_SYS_STAT_H 1
| #define HAVE_SYS_TYPES_H 1
| #define HAVE_UNISTD_H 1
| #define HAVE_WCHAR_H 1
| #define HAVE_SYS_PARAM_H 1
| #define HAVE_SYS_TIME_H 1
| #define STDC_HEADERS 1
| #define _ALL_SOURCE 1
| #define _DARWIN_C_SOURCE 1
| #define _GNU_SOURCE 1
| #define _HPUX_ALT_XOPEN_SOCKET_API 1
| #define _NETBSD_SOURCE 1
| #define _OPENBSD_SOURCE 1
| #define _POSIX_PTHREAD_SEMANTICS 1
| #define __STDC_WANT_IEC_60559_ATTRIBS_EXT__ 1
| #define __STDC_WANT_IEC_60559_BFP_EXT__ 1
| #define __STDC_WANT_IEC_60559_DFP_EXT__ 1
| #define __STDC_WANT_IEC_60559_FUNCS_EXT__ 1
| #define __STDC_WANT_IEC_60559_TYPES_EXT__ 1
| #define __STDC_WANT_LIB_EXT2__ 1
| #define __STDC_WANT_MATH_SPEC_FUNCS__ 1
| #define _TANDEM_SOURCE 1
| #define __EXTENSIONS__ 1
| #define READLINE 1
| #define HISTORY 1
| #define BANG_HISTORY 1
| /* end confdefs.h.  */
| #ifndef __APPLE_CC__
| 	       not a universal capable compiler
| 	     #endif
| 	     typedef int dummy;
| 
configure:7160: gcc -c -g -O2  conftest.c >&5
configure:7160: $? = 0
configure:7179: gcc -c -g -O2  conftest.c >&5
conftest.c: In function 'main':
conftest.c:74:18: error: unknown type name 'not'; did you mean 'ino_t'?
   74 |                  not big endian
      |                  ^~~
      |                  ino_t
conftest.c:74:26: error: expected '=', ',', ';', 'asm' or '__attribute__' before 'endian'
   74 |                  not big endian
      |                          ^~~~~~
configure:7179: $? = 1
configure: failed program was:
| /* confdefs.h */
| #define PACKAGE_NAME "bash"
| #define PACKAGE_TARNAME "bash"
| #define PACKAGE_VERSION "5.2-release"
| #define PACKAGE_STRING "bash 5.2-release"
| #define PACKAGE_BUGREPORT "bug-bash@gnu.org"
| #define PACKAGE_URL ""
| #define ALIAS 1
| #define PUSHD_AND_POPD 1
| #define RESTRICTED_SHELL 1
| #define PROCESS_SUBSTITUTION 1
| #define PROMPT_STRING_DECODE 1
| #define SELECT_COMMAND 1
| #define HELP_BUILTIN 1
| #define ARRAY_VARS 1
| #define DPAREN_ARITHMETIC 1
| #define BRACE_EXPANSION 1
| #define COMMAND_TIMING 1
| #define EXTENDED_GLOB 1
| #define EXTGLOB_DEFAULT 0
| #define COND_COMMAND 1
| #define COND_REGEXP 1
| #define COPROCESS_SUPPORT 1
| #define ARITH_FOR_COMMAND 1
| #define NETWORK_REDIRECTIONS 1
| #define PROGRAMMABLE_COMPLETION 1
| #define DEBUGGER 1
| #define CASEMOD_ATTRS 1
| #define CASEMOD_EXPANSIONS 1
| #define GLOBASCII_DEFAULT 1
| #define FUNCTION_IMPORT 1
| #define TRANSLATABLE_STRINGS 1
| #define MEMSCRAMBLE 1
| #define HAVE_STDIO_H 1
| #define HAVE_STDLIB_H 1
| #define HAVE_STRING_H 1
| #define HAVE_INTTYPES_H 1
| #define HAVE_STDINT_H 1
| #define HAVE_STRINGS_H 1
| #define HAVE_SYS_STAT_H 1
| #define HAVE_SYS_TYPES_H 1
| #define HAVE_UNISTD_H 1
| #define HAVE_WCHAR_H 1
| #define HAVE_SYS_PARAM_H 1
| #define HAVE_SYS_TIME_H 1
| #define STDC_HEADERS 1
| #define _ALL_SOURCE 1
| #define _DARWIN_C_SOURCE 1
| #define _GNU_SOURCE 1
| #define _HPUX_ALT_XOPEN_SOCKET_API 1
| #define _NETBSD_SOURCE 1
| #define _OPENBSD_SOURCE 1
| #define _POSIX_PTHREAD_SEMANTICS 1
| #define __STDC_WANT_IEC_60559_ATTRIBS_EXT__ 1
| #define __STDC_WANT_IEC_60559_BFP_EXT__ 1
| #define __STDC_WANT_IEC_60559_DFP_EXT__ 1
| #define __STDC_WANT_IEC_60559_FUNCS_EXT__ 1
| #define __STDC_WANT_IEC_60559_TYPES_EXT__ 1
| #define __STDC_WANT_LIB_EXT2__ 1
| #define __STDC_WANT_MATH_SPEC_FUNCS__ 1
| #define _TANDEM_SOURCE 1
| #define __EXTENSIONS__ 1
| #define READLINE 1
| #define HISTORY 1
| #define BANG_HISTORY 1
| /* end confdefs.h.  */
| #include <sys/types.h>
| 		#include <sys/param.h>
| 
| int
| main (void)
| {
| #if BYTE_ORDER != BIG_ENDIAN
| 		 not big endian
| 		#endif
| 
|   ;
|   return 0;
| }
configure:7313: result: no
configure:7331: checking for preprocessor stringizing operator
configure:7353: result: yes
configure:7362: checking for long double
configure:7397: result: yes
configure:7414: checking whether char is unsigned
configure:7434: gcc -c -g -O2  conftest.c >&5
configure:7434: $? = 0
configure:7442: result: no
configure:7449: checking for working volatile
configure:7469: gcc -c -g -O2  conftest.c >&5
configure:7469: $? = 0
configure:7477: result: yes
configure:7485: checking for C/C++ restrict keyword
configure:7515: gcc -c -g -O2  conftest.c >&5
configure:7515: $? = 0
configure:7524: result: __restrict__
configure:7537: checking for a race-free mkdir -p
configure:7581: result: /usr/bin/mkdir -p
configure:7584: checking for a sed that does not truncate output
configure:7654: result: /usr/bin/sed
configure:7660: checking whether NLS is requested
configure:7670: result: yes
configure:7710: checking for msgfmt
configure: trying /usr/bin/msgfmt...
0 translated messages.
configure:7743: result: /usr/bin/msgfmt
configure:7752: checking for gmsgfmt
configure:7788: result: /usr/bin/msgfmt
configure:7838: checking for xgettext
configure: trying /usr/bin/xgettext...
/usr/bin/xgettext: warning: file '/dev/null' extension '' is unknown; will try C
configure:7871: result: /usr/bin/xgettext
configure:7916: checking for msgmerge
configure: trying /usr/bin/msgmerge...
configure:7948: result: /usr/bin/msgmerge
configure:7963: checking whether we are using the GNU C Library 2 or newer
configure:7992: result: yes
configure:8003: checking whether the -Werror option is usable
configure:8022: gcc -c -g -O2 -Werror  conftest.c >&5
configure:8022: $? = 0
configure:8032: result: yes
configure:8034: checking for simple visibility declarations
configure:8061: gcc -c -g -O2 -fvisibility=hidden -Werror  conftest.c >&5
configure:8061: $? = 0
configure:8071: result: yes
configure:8084: checking for size_t
configure:8084: gcc -c -g -O2  conftest.c >&5
configure:8084: $? = 0
configure:8084: gcc -c -g -O2  conftest.c >&5
conftest.c: In function 'main':
conftest.c:104:21: error: expected expression before ')' token
  104 | if (sizeof ((size_t)))
      |                     ^
configure:8084: $? = 1
configure: failed program was:
| /* confdefs.h */
| #define PACKAGE_NAME "bash"
| #define PACKAGE_TARNAME "bash"
| #define PACKAGE_VERSION "5.2-release"
| #define PACKAGE_STRING "bash 5.2-release"
| #define PACKAGE_BUGREPORT "bug-bash@gnu.org"
| #define PACKAGE_URL ""
| #define ALIAS 1
| #define PUSHD_AND_POPD 1
| #define RESTRICTED_SHELL 1
| #define PROCESS_SUBSTITUTION 1
| #define PROMPT_STRING_DECODE 1
| #define SELECT_COMMAND 1
| #define HELP_BUILTIN 1
| #define ARRAY_VARS 1
| #define DPAREN_ARITHMETIC 1
| #define BRACE_EXPANSION 1
| #define COMMAND_TIMING 1
| #define EXTENDED_GLOB 1
| #define EXTGLOB_DEFAULT 0
| #define COND_COMMAND 1
| #define COND_REGEXP 1
| #define COPROCESS_SUPPORT 1
| #define ARITH_FOR_COMMAND 1
| #define NETWORK_REDIRECTIONS 1
| #define PROGRAMMABLE_COMPLETION 1
| #define DEBUGGER 1
| #define CASEMOD_ATTRS 1
| #define CASEMOD_EXPANSIONS 1
| #define GLOBASCII_DEFAULT 1
| #define FUNCTION_IMPORT 1
| #define TRANSLATABLE_STRINGS 1
| #define MEMSCRAMBLE 1
| #define HAVE_STDIO_H 1
| #define HAVE_STDLIB_H 1
| #define HAVE_STRING_H 1
| #define HAVE_INTTYPES_H 1
| #define HAVE_STDINT_H 1
| #define HAVE_STRINGS_H 1
| #define HAVE_SYS_STAT_H 1
| #define HAVE_SYS_TYPES_H 1
| #define HAVE_UNISTD_H 1
| #define HAVE_WCHAR_H 1
| #define HAVE_SYS_PARAM_H 1
| #define HAVE_SYS_TIME_H 1
| #define STDC_HEADERS 1
| #define _ALL_SOURCE 1
| #define _DARWIN_C_SOURCE 1
| #define _GNU_SOURCE 1
| #define _HPUX_ALT_XOPEN_SOCKET_API 1
| #define _NETBSD_SOURCE 1
| #define _OPENBSD_SOURCE 1
| #define _POSIX_PTHREAD_SEMANTICS 1
| #define __STDC_WANT_IEC_60559_ATTRIBS_EXT__ 1
| #define __STDC_WANT_IEC_60559_BFP_EXT__ 1
| #define __STDC_WANT_IEC_60559_DFP_EXT__ 1
| #define __STDC_WANT_IEC_60559_FUNCS_EXT__ 1
| #define __STDC_WANT_IEC_60559_TYPES_EXT__ 1
| #define __STDC_WANT_LIB_EXT2__ 1
| #define __STDC_WANT_MATH_SPEC_FUNCS__ 1
| #define _TANDEM_SOURCE 1
| #define __EXTENSIONS__ 1
| #define READLINE 1
| #define HISTORY 1
| #define BANG_HISTORY 1
| #define HAVE_STRINGIZE 1
| #define HAVE_LONG_DOUBLE 1
| #define PROTOTYPES 1
| #define __PROTOTYPES 1
| #define restrict __restrict__
| #define HAVE_VISIBILITY 1
| /* end confdefs.h.  */
| #include <stddef.h>
| #ifdef HAVE_STDIO_H
| # include <stdio.h>
| #endif
| #ifdef HAVE_STDLIB_H
| # include <stdlib.h>
| #endif
| #ifdef HAVE_STRING_H
| # include <string.h>
| #endif
| #ifdef HAVE_INTTYPES_H
| # include <inttypes.h>
| #endif
| #ifdef HAVE_STDINT_H
| # include <stdint.h>
| #endif
| #ifdef HAVE_STRINGS_H
| # include <strings.h>
| #endif
| #ifdef HAVE_SYS_TYPES_H
| # include <sys/types.h>
| #endif
| #ifdef HAVE_SYS_STAT_H
| # include <sys/stat.h>
| #endif
| #ifdef HAVE_UNISTD_H
| # include <unistd.h>
| #endif
| int
| main (void)
| {
| if (sizeof ((size_t)))
| 	    return 0;
|   ;
|   return 0;
| }
configure:8084: result: yes
configure:8095: checking for stdint.h
configure:8113: gcc -c -g -O2  conftest.c >&5
configure:8113: $? = 0
configure:8121: result: yes
configure:8131: checking for working alloca.h
configure:8149: gcc -o conftest -g -O2   conftest.c  >&5
configure:8149: $? = 0
configure:8158: result: yes
configure:8166: checking for alloca
configure:8211: result: yes
configure:8283: checking for getpagesize
configure:8283: gcc -o conftest -g -O2   conftest.c  >&5
configure:8283: $? = 0
configure:8283: result: yes
configure:8283: checking for symlink
configure:8283: gcc -o conftest -g -O2   conftest.c  >&5
configure:8283: $? = 0
configure:8283: result: yes
configure:8283: checking for uselocale
configure:8283: gcc -o conftest -g -O2   conftest.c  >&5
configure:8283: $? = 0
configure:8283: result: yes
configure:8283: checking for vprintf
configure:8283: gcc -o conftest -g -O2   conftest.c  >&5
conftest.c:95:6: warning: conflicting types for built-in function 'vprintf'; expected 'int(const char *, __va_list_tag *)' [-Wbuiltin-declaration-mismatch]
   95 | char vprintf ();
      |      ^~~~~~~
conftest.c:87:1: note: 'vprintf' is declared in header '<stdio.h>'
   86 | #include <limits.h>
   87 | #undef vprintf
configure:8283: $? = 0
configure:8283: result: yes
configure:8283: checking for alarm
configure:8283: gcc -o conftest -g -O2   conftest.c  >&5
configure:8283: $? = 0
configure:8283: result: yes
configure:8283: checking for fpurge
configure:8283: gcc -o conftest -g -O2   conftest.c  >&5
/usr/bin/ld: /tmp/ccs0gJpx.o: in function `main':
/home/rogue/workspace/rogue-linux/cogman/packages/bash/build/conftest.c:108:(.text.startup+0x5): undefined reference to `fpurge'
collect2: error: ld returned 1 exit status
configure:8283: $? = 1
configure: failed program was:
| /* confdefs.h */
| #define PACKAGE_NAME "bash"
| #define PACKAGE_TARNAME "bash"
| #define PACKAGE_VERSION "5.2-release"
| #define PACKAGE_STRING "bash 5.2-release"
| #define PACKAGE_BUGREPORT "bug-bash@gnu.org"
| #define PACKAGE_URL ""
| #define ALIAS 1
| #define PUSHD_AND_POPD 1
| #define RESTRICTED_SHELL 1
| #define PROCESS_SUBSTITUTION 1
| #define PROMPT_STRING_DECODE 1
| #define SELECT_COMMAND 1
| #define HELP_BUILTIN 1
| #define ARRAY_VARS 1
| #define DPAREN_ARITHMETIC 1
| #define BRACE_EXPANSION 1
| #define COMMAND_TIMING 1
| #define EXTENDED_GLOB 1
| #define EXTGLOB_DEFAULT 0
| #define COND_COMMAND 1
| #define COND_REGEXP 1
| #define COPROCESS_SUPPORT 1
| #define ARITH_FOR_COMMAND 1
| #define NETWORK_REDIRECTIONS 1
| #define PROGRAMMABLE_COMPLETION 1
| #define DEBUGGER 1
| #define CASEMOD_ATTRS 1
| #define CASEMOD_EXPANSIONS 1
| #define GLOBASCII_DEFAULT 1
| #define FUNCTION_IMPORT 1
| #define TRANSLATABLE_STRINGS 1
| #define MEMSCRAMBLE 1
| #define HAVE_STDIO_H 1
| #define HAVE_STDLIB_H 1
| #define HAVE_STRING_H 1
| #define HAVE_INTTYPES_H 1
| #define HAVE_STDINT_H 1
| #define HAVE_STRINGS_H 1
| #define HAVE_SYS_STAT_H 1
| #define HAVE_SYS_TYPES_H 1
| #define HAVE_UNISTD_H 1
| #define HAVE_WCHAR_H 1
| #define HAVE_SYS_PARAM_H 1
| #define HAVE_SYS_TIME_H 1
| #define STDC_HEADERS 1
| #define _ALL_SOURCE 1
| #define _DARWIN_C_SOURCE 1
| #define _GNU_SOURCE 1
| #define _HPUX_ALT_XOPEN_SOCKET_API 1
| #define _NETBSD_SOURCE 1
| #define _OPENBSD_SOURCE 1
| #define _POSIX_PTHREAD_SEMANTICS 1
| #define __STDC_WANT_IEC_60559_ATTRIBS_EXT__ 1
| #define __STDC_WANT_IEC_60559_BFP_EXT__ 1
| #define __STDC_WANT_IEC_60559_DFP_EXT__ 1
| #define __STDC_WANT_IEC_60559_FUNCS_EXT__ 1
| #define __STDC_WANT_IEC_60559_TYPES_EXT__ 1
| #define __STDC_WANT_LIB_EXT2__ 1
| #define __STDC_WANT_MATH_SPEC_FUNCS__ 1
| #define _TANDEM_SOURCE 1
| #define __EXTENSIONS__ 1
| #define READLINE 1
| #define HISTORY 1
| #define BANG_HISTORY 1
| #define HAVE_STRINGIZE 1
| #define HAVE_LONG_DOUBLE 1
| #define PROTOTYPES 1
| #define __PROTOTYPES 1
| #define restrict __restrict__
| #define HAVE_VISIBILITY 1
| #define HAVE_STDINT_H_WITH_UINTMAX 1
| #define HAVE_ALLOCA_H 1
| #define HAVE_ALLOCA 1
| #define HAVE_GETPAGESIZE 1
| #define HAVE_SYMLINK 1
| #define HAVE_USELOCALE 1
| #define HAVE_VPRINTF 1
| #define HAVE_ALARM 1
| /* end confdefs.h.  */
| /* Define fpurge to an innocuous variant, in case <limits.h> declares fpurge.
|    For example, HP-UX 11i <limits.h> declares gettimeofday.  */
| #define fpurge innocuous_fpurge
| 
| /* System header to define __stub macros and hopefully few prototypes,
|    which can conflict with char fpurge (); below.  */
| 
| #include <limits.h>
| #undef fpurge
| 
| /* Override any GCC internal prototype to avoid an error.
|    Use char because int might match the return type of a GCC
|    builtin and then its argument prototype would still apply.  */
| #ifdef __cplusplus
| extern "C"
| #endif
| char fpurge ();
| /* The GNU C library defines this for functions which it implements
|     to always fail with ENOSYS.  Some functions are actually named
|     something starting with __ and the normal name is an alias.  */
| #if defined __stub_fpurge || defined __stub___fpurge
| choke me
| #endif
| 
| int
| main (void)
| {
| return fpurge ();
|   ;
|   return 0;
| }
configure:8283: result: no
configure:8283: checking for __fpurge
configure:8283: gcc -o conftest -g -O2   conftest.c  >&5
configure:8283: $? = 0
configure:8283: result: yes
configure:8283: checking for snprintf
configure:8283: gcc -o conftest -g -O2   conftest.c  >&5
conftest.c:98:6: warning: conflicting types for built-in function 'snprintf'; expected 'int(char *, long unsigned int,  const char *, ...)' [-Wbuiltin-declaration-mismatch]
   98 | char snprintf ();
      |      ^~~~~~~~
conftest.c:90:1: note: 'snprintf' is declared in header '<stdio.h>'
   89 | #include <limits.h>
   90 | #undef snprintf
configure:8283: $? = 0
configure:8283: result: yes
configure:8283: checking for vsnprintf
configure:8283: gcc -o conftest -g -O2   conftest.c  >&5
conftest.c:99:6: warning: conflicting types for built-in function 'vsnprintf'; expected 'int(char *, long unsigned int,  const char *, __va_list_tag *)' [-Wbuiltin-declaration-mismatch]
   99 | char vsnprintf ();
      |      ^~~~~~~~~
conftest.c:91:1: note: 'vsnprintf' is declared in header '<stdio.h>'
   90 | #include <limits.h>
   91 | #undef vsnprintf
configure:8283: $? = 0
configure:8283: result: yes
configure:8294: checking for working mmap
configure:8446: gcc -o conftest -g -O2   conftest.c  >&5
configure:8446: $? = 0
configure:8446: ./conftest
configure:8446: $? = 0
configure:8457: result: yes
configure:8468: checking whether integer division by zero raises SIGFPE
configure:8536: gcc -o conftest -g -O2   conftest.c  >&5
configure:8536: $? = 0
configure:8536: ./conftest
configure:8536: $? = 0
configure:8549: result: yes
configure:8560: checking for inttypes.h
configure:8580: gcc -c -g -O2  conftest.c >&5
configure:8580: $? = 0
configure:8588: result: yes
configure:8597: checking for unsigned long long int
configure:8639: gcc -o conftest -g -O2   conftest.c  >&5
configure:8639: $? = 0
configure:8649: result: yes
configure:8675: checking for inttypes.h
configure:8675: result: yes
configure:8683: checking whether the inttypes.h PRIxNN macros are broken
configure:8706: gcc -c -g -O2  conftest.c >&5
configure:8706: $? = 0
configure:8715: result: no
configure:8823: checking for ld used by gcc
configure:8951: result: /usr/bin/ld
configure:8958: checking if the linker (/usr/bin/ld) is GNU ld
configure:8974: result: yes
configure:8983: checking for shared library run path origin
configure:8997: result: done
configure:9019: checking 32-bit host C ABI
configure:9058: gcc -c -g -O2  conftest.c >&5
configure:9058: $? = 0
configure:9254: result: no
configure:9293: checking for the common suffixes of directories in the library search path
configure:9345: result: lib,lib
configure:9359: checking whether imported symbols can be declared weak
configure:9378: gcc -o conftest -g -O2   conftest.c  >&5
configure:9378: $? = 0
configure:9415: gcc -o conftest -g -O2   conftest.c  >&5
configure:9415: $? = 0
configure:9415: ./conftest
configure:9415: $? = 0
configure:9431: result: yes
configure:9436: checking for pthread.h
configure:9436: gcc -c -g -O2  conftest.c >&5
configure:9436: $? = 0
configure:9436: result: yes
configure:9474: gcc -o conftest -g -O2   conftest.c   >&5
configure:9474: $? = 0
configure:9491: checking for pthread_kill in -lpthread
configure:9514: gcc -o conftest -g -O2   conftest.c -lpthread   >&5
configure:9514: $? = 0
configure:9524: result: yes
configure:10272: checking for multithread API to use
configure:10274: result: posix
configure:10291: checking for pthread_rwlock_t
configure:10291: gcc -c -g -O2  conftest.c >&5
configure:10291: $? = 0
configure:10291: gcc -c -g -O2  conftest.c >&5
conftest.c: In function 'main':
conftest.c:97:31: error: expected expression before ')' token
   97 | if (sizeof ((pthread_rwlock_t)))
      |                               ^
configure:10291: $? = 1
configure: failed program was:
| /* confdefs.h */
| #define PACKAGE_NAME "bash"
| #define PACKAGE_TARNAME "bash"
| #define PACKAGE_VERSION "5.2-release"
| #define PACKAGE_STRING "bash 5.2-release"
| #define PACKAGE_BUGREPORT "bug-bash@gnu.org"
| #define PACKAGE_URL ""
| #define ALIAS 1
| #define PUSHD_AND_POPD 1
| #define RESTRICTED_SHELL 1
| #define PROCESS_SUBSTITUTION 1
| #define PROMPT_STRING_DECODE 1
| #define SELECT_COMMAND 1
| #define HELP_BUILTIN 1
| #define ARRAY_VARS 1
| #define DPAREN_ARITHMETIC 1
| #define BRACE_EXPANSION 1
| #define COMMAND_TIMING 1
| #define EXTENDED_GLOB 1
| #define EXTGLOB_DEFAULT 0
| #define COND_COMMAND 1
| #define COND_REGEXP 1
| #define COPROCESS_SUPPORT 1
| #define ARITH_FOR_COMMAND 1
| #define NETWORK_REDIRECTIONS 1
| #define PROGRAMMABLE_COMPLETION 1
| #define DEBUGGER 1
| #define CASEMOD_ATTRS 1
| #define CASEMOD_EXPANSIONS 1
| #define GLOBASCII_DEFAULT 1
| #define FUNCTION_IMPORT 1
| #define TRANSLATABLE_STRINGS 1
| #define MEMSCRAMBLE 1
| #define HAVE_STDIO_H 1
| #define HAVE_STDLIB_H 1
| #define HAVE_STRING_H 1
| #define HAVE_INTTYPES_H 1
| #define HAVE_STDINT_H 1
| #define HAVE_STRINGS_H 1
| #define HAVE_SYS_STAT_H 1
| #define HAVE_SYS_TYPES_H 1
| #define HAVE_UNISTD_H 1
| #define HAVE_WCHAR_H 1
| #define HAVE_SYS_PARAM_H 1
| #define HAVE_SYS_TIME_H 1
| #define STDC_HEADERS 1
| #define _ALL_SOURCE 1
| #define _DARWIN_C_SOURCE 1
| #define _GNU_SOURCE 1
| #define _HPUX_ALT_XOPEN_SOCKET_API 1
| #define _NETBSD_SOURCE 1
| #define _OPENBSD_SOURCE 1
| #define _POSIX_PTHREAD_SEMANTICS 1
| #define __STDC_WANT_IEC_60559_ATTRIBS_EXT__ 1
| #define __STDC_WANT_IEC_60559_BFP_EXT__ 1
| #define __STDC_WANT_IEC_60559_DFP_EXT__ 1
| #define __STDC_WANT_IEC_60559_FUNCS_EXT__ 1
| #define __STDC_WANT_IEC_60559_TYPES_EXT__ 1
| #define __STDC_WANT_LIB_EXT2__ 1
| #define __STDC_WANT_MATH_SPEC_FUNCS__ 1
| #define _TANDEM_SOURCE 1
| #define __EXTENSIONS__ 1
| #define READLINE 1
| #define HISTORY 1
| #define BANG_HISTORY 1
| #define HAVE_STRINGIZE 1
| #define HAVE_LONG_DOUBLE 1
| #define PROTOTYPES 1
| #define __PROTOTYPES 1
| #define restrict __restrict__
| #define HAVE_VISIBILITY 1
| #define HAVE_STDINT_H_WITH_UINTMAX 1
| #define HAVE_ALLOCA_H 1
| #define HAVE_ALLOCA 1
| #define HAVE_GETPAGESIZE 1
| #define HAVE_SYMLINK 1
| #define HAVE_USELOCALE 1
| #define HAVE_VPRINTF 1
| #define HAVE_ALARM 1
| #define HAVE___FPURGE 1
| #define HAVE_SNPRINTF 1
| #define HAVE_VSNPRINTF 1
| #define HAVE_MMAP 1
| #define INTDIV0_RAISES_SIGFPE 1
| #define HAVE_INTTYPES_H_WITH_UINTMAX 1
| #define HAVE_UNSIGNED_LONG_LONG_INT 1
| #define HAVE_UINTMAX_T 1
| #define HAVE_INTTYPES_H 1
| #define USE_POSIX_THREADS 1
| #define USE_POSIX_THREADS_WEAK 1
| /* end confdefs.h.  */
| #include <pthread.h>
| 
| int
| main (void)
| {
| if (sizeof ((pthread_rwlock_t)))
| 	    return 0;
|   ;
|   return 0;
| }
configure:10291: result: yes
configure:10304: checking whether pthread_rwlock_rdlock prefers a writer to a reader
configure:10431: gcc -o conftest -g -O2   conftest.c  -lpthread >&5
configure:10431: $? = 0
configure:10431: ./conftest
configure:10431: $? = 1
configure: program exited with status 1
configure: failed program was:
| /* confdefs.h */
| #define PACKAGE_NAME "bash"
| #define PACKAGE_TARNAME "bash"
| #define PACKAGE_VERSION "5.2-release"
| #define PACKAGE_STRING "bash 5.2-release"
| #define PACKAGE_BUGREPORT "bug-bash@gnu.org"
| #define PACKAGE_URL ""
| #define ALIAS 1
| #define PUSHD_AND_POPD 1
| #define RESTRICTED_SHELL 1
| #define PROCESS_SUBSTITUTION 1
| #define PROMPT_STRING_DECODE 1
| #define SELECT_COMMAND 1
| #define HELP_BUILTIN 1
| #define ARRAY_VARS 1
| #define DPAREN_ARITHMETIC 1
| #define BRACE_EXPANSION 1
| #define COMMAND_TIMING 1
| #define EXTENDED_GLOB 1
| #define EXTGLOB_DEFAULT 0
| #define COND_COMMAND 1
| #define COND_REGEXP 1
| #define COPROCESS_SUPPORT 1
| #define ARITH_FOR_COMMAND 1
| #define NETWORK_REDIRECTIONS 1
| #define PROGRAMMABLE_COMPLETION 1
| #define DEBUGGER 1
| #define CASEMOD_ATTRS 1
| #define CASEMOD_EXPANSIONS 1
| #define GLOBASCII_DEFAULT 1
| #define FUNCTION_IMPORT 1
| #define TRANSLATABLE_STRINGS 1
| #define MEMSCRAMBLE 1
| #define HAVE_STDIO_H 1
| #define HAVE_STDLIB_H 1
| #define HAVE_STRING_H 1
| #define HAVE_INTTYPES_H 1
| #define HAVE_STDINT_H 1
| #define HAVE_STRINGS_H 1
| #define HAVE_SYS_STAT_H 1
| #define HAVE_SYS_TYPES_H 1
| #define HAVE_UNISTD_H 1
| #define HAVE_WCHAR_H 1
| #define HAVE_SYS_PARAM_H 1
| #define HAVE_SYS_TIME_H 1
| #define STDC_HEADERS 1
| #define _ALL_SOURCE 1
| #define _DARWIN_C_SOURCE 1
| #define _GNU_SOURCE 1
| #define _HPUX_ALT_XOPEN_SOCKET_API 1
| #define _NETBSD_SOURCE 1
| #define _OPENBSD_SOURCE 1
| #define _POSIX_PTHREAD_SEMANTICS 1
| #define __STDC_WANT_IEC_60559_ATTRIBS_EXT__ 1
| #define __STDC_WANT_IEC_60559_BFP_EXT__ 1
| #define __STDC_WANT_IEC_60559_DFP_EXT__ 1
| #define __STDC_WANT_IEC_60559_FUNCS_EXT__ 1
| #define __STDC_WANT_IEC_60559_TYPES_EXT__ 1
| #define __STDC_WANT_LIB_EXT2__ 1
| #define __STDC_WANT_MATH_SPEC_FUNCS__ 1
| #define _TANDEM_SOURCE 1
| #define __EXTENSIONS__ 1
| #define READLINE 1
| #define HISTORY 1
| #define BANG_HISTORY 1
| #define HAVE_STRINGIZE 1
| #define HAVE_LONG_DOUBLE 1
| #define PROTOTYPES 1
| #define __PROTOTYPES 1
| #define restrict __restrict__
| #define HAVE_VISIBILITY 1
| #define HAVE_STDINT_H_WITH_UINTMAX 1
| #define HAVE_ALLOCA_H 1
| #define HAVE_ALLOCA 1
| #define HAVE_GETPAGESIZE 1
| #define HAVE_SYMLINK 1
| #define HAVE_USELOCALE 1
| #define HAVE_VPRINTF 1
| #define HAVE_ALARM 1
| #define HAVE___FPURGE 1
| #define HAVE_SNPRINTF 1
| #define HAVE_VSNPRINTF 1
| #define HAVE_MMAP 1
| #define INTDIV0_RAISES_SIGFPE 1
| #define HAVE_INTTYPES_H_WITH_UINTMAX 1
| #define HAVE_UNSIGNED_LONG_LONG_INT 1
| #define HAVE_UINTMAX_T 1
| #define HAVE_INTTYPES_H 1
| #define USE_POSIX_THREADS 1
| #define USE_POSIX_THREADS_WEAK 1
| #define HAVE_PTHREAD_RWLOCK 1
| /* end confdefs.h.  */
| 
| #include <errno.h>
| #include <pthread.h>
| #include <stdlib.h>
| #include <unistd.h>
| 
| #define SUCCEED() exit (0)
| #define FAILURE() exit (1)
| #define UNEXPECTED(n) (exit (10 + (n)))
| 
| /* The main thread creates the waiting writer and the requesting reader threads
|    in the default way; this guarantees that they have the same priority.
|    We can reuse the main thread as first reader thread.  */
| 
| static pthread_rwlock_t lock;
| static pthread_t reader1;
| static pthread_t writer;
| static pthread_t reader2;
| static pthread_t timer;
| /* Used to pass control from writer to reader2 and from reader2 to timer,
|    as in a relay race.
|    Passing control from one running thread to another running thread
|    is most likely faster than to create the second thread.  */
| static pthread_mutex_t baton;
| 
| static void *
| timer_func (void *ignored)
| {
|   /* Step 13 (can be before or after step 12):
|      The timer thread takes the baton, then waits a moment to make sure
|      it can tell whether the second reader thread is blocked at step 12.  */
|   if (pthread_mutex_lock (&baton))
|     UNEXPECTED (13);
|   usleep (100000);
|   /* By the time we get here, it's clear that the second reader thread is
|      blocked at step 12.  This is the desired behaviour.  */
|   SUCCEED ();
| }
| 
| static void *
| reader2_func (void *ignored)
| {
|   int err;
| 
|   /* Step 8 (can be before or after step 7):
|      The second reader thread takes the baton, then waits a moment to make sure
|      the writer thread has reached step 7.  */
|   if (pthread_mutex_lock (&baton))
|     UNEXPECTED (8);
|   usleep (100000);
|   /* Step 9: The second reader thread requests the lock.  */
|   err = pthread_rwlock_tryrdlock (&lock);
|   if (err == 0)
|     FAILURE ();
|   else if (err != EBUSY)
|     UNEXPECTED (9);
|   /* Step 10: Launch a timer, to test whether the next call blocks.  */
|   if (pthread_create (&timer, NULL, timer_func, NULL))
|     UNEXPECTED (10);
|   /* Step 11: Release the baton.  */
|   if (pthread_mutex_unlock (&baton))
|     UNEXPECTED (11);
|   /* Step 12: The second reader thread requests the lock.  */
|   err = pthread_rwlock_rdlock (&lock);
|   if (err == 0)
|     FAILURE ();
|   else
|     UNEXPECTED (12);
| }
| 
| static void *
| writer_func (void *ignored)
| {
|   /* Step 4: Take the baton, so that the second reader thread does not go ahead
|      too early.  */
|   if (pthread_mutex_lock (&baton))
|     UNEXPECTED (4);
|   /* Step 5: Create the second reader thread.  */
|   if (pthread_create (&reader2, NULL, reader2_func, NULL))
|     UNEXPECTED (5);
|   /* Step 6: Release the baton.  */
|   if (pthread_mutex_unlock (&baton))
|     UNEXPECTED (6);
|   /* Step 7: The writer thread requests the lock.  */
|   if (pthread_rwlock_wrlock (&lock))
|     UNEXPECTED (7);
|   return NULL;
| }
| 
| int
| main ()
| {
|   reader1 = pthread_self ();
| 
|   /* Step 1: The main thread initializes the lock and the baton.  */
|   if (pthread_rwlock_init (&lock, NULL))
|     UNEXPECTED (1);
|   if (pthread_mutex_init (&baton, NULL))
|     UNEXPECTED (1);
|   /* Step 2: The main thread acquires the lock as a reader.  */
|   if (pthread_rwlock_rdlock (&lock))
|     UNEXPECTED (2);
|   /* Step 3: Create the writer thread.  */
|   if (pthread_create (&writer, NULL, writer_func, NULL))
|     UNEXPECTED (3);
|   /* Job done.  Go to sleep.  */
|   for (;;)
|     {
|       sleep (1);
|     }
| }
| 
configure:10444: result: no
configure:10478: gcc -c -g -O2  conftest.c >&5
configure:10478: $? = 0
configure:10488: checking for gcc options needed to detect all undeclared functions
configure:10510: gcc -c -g -O2   conftest.c >&5
conftest.c: In function 'main':
conftest.c:98:8: error: 'strchr' undeclared (first use in this function)
   98 | (void) strchr;
      |        ^~~~~~
conftest.c:1:1: note: 'strchr' is defined in header '<string.h>'; this is probably fixable by adding '#include <string.h>'
    1 | /* confdefs.h */
conftest.c:98:8: note: each undeclared identifier is reported only once for each function it appears in
   98 | (void) strchr;
      |        ^~~~~~
configure:10510: $? = 1
configure: failed program was:
| /* confdefs.h */
| #define PACKAGE_NAME "bash"
| #define PACKAGE_TARNAME "bash"
| #define PACKAGE_VERSION "5.2-release"
| #define PACKAGE_STRING "bash 5.2-release"
| #define PACKAGE_BUGREPORT "bug-bash@gnu.org"
| #define PACKAGE_URL ""
| #define ALIAS 1
| #define PUSHD_AND_POPD 1
| #define RESTRICTED_SHELL 1
| #define PROCESS_SUBSTITUTION 1
| #define PROMPT_STRING_DECODE 1
| #define SELECT_COMMAND 1
| #define HELP_BUILTIN 1
| #define ARRAY_VARS 1
| #define DPAREN_ARITHMETIC 1
| #define BRACE_EXPANSION 1
| #define COMMAND_TIMING 1
| #define EXTENDED_GLOB 1
| #define EXTGLOB_DEFAULT 0
| #define COND_COMMAND 1
| #define COND_REGEXP 1
| #define COPROCESS_SUPPORT 1
| #define ARITH_FOR_COMMAND 1
| #define NETWORK_REDIRECTIONS 1
| #define PROGRAMMABLE_COMPLETION 1
| #define DEBUGGER 1
| #define CASEMOD_ATTRS 1
| #define CASEMOD_EXPANSIONS 1
| #define GLOBASCII_DEFAULT 1
| #define FUNCTION_IMPORT 1
| #define TRANSLATABLE_STRINGS 1
| #define MEMSCRAMBLE 1
| #define HAVE_STDIO_H 1
| #define HAVE_STDLIB_H 1
| #define HAVE_STRING_H 1
| #define HAVE_INTTYPES_H 1
| #define HAVE_STDINT_H 1
| #define HAVE_STRINGS_H 1
| #define HAVE_SYS_STAT_H 1
| #define HAVE_SYS_TYPES_H 1
| #define HAVE_UNISTD_H 1
| #define HAVE_WCHAR_H 1
| #define HAVE_SYS_PARAM_H 1
| #define HAVE_SYS_TIME_H 1
| #define STDC_HEADERS 1
| #define _ALL_SOURCE 1
| #define _DARWIN_C_SOURCE 1
| #define _GNU_SOURCE 1
| #define _HPUX_ALT_XOPEN_SOCKET_API 1
| #define _NETBSD_SOURCE 1
| #define _OPENBSD_SOURCE 1
| #define _POSIX_PTHREAD_SEMANTICS 1
| #define __STDC_WANT_IEC_60559_ATTRIBS_EXT__ 1
| #define __STDC_WANT_IEC_60559_BFP_EXT__ 1
| #define __STDC_WANT_IEC_60559_DFP_EXT__ 1
| #define __STDC_WANT_IEC_60559_FUNCS_EXT__ 1
| #define __STDC_WANT_IEC_60559_TYPES_EXT__ 1
| #define __STDC_WANT_LIB_EXT2__ 1
| #define __STDC_WANT_MATH_SPEC_FUNCS__ 1
| #define _TANDEM_SOURCE 1
| #define __EXTENSIONS__ 1
| #define READLINE 1
| #define HISTORY 1
| #define BANG_HISTORY 1
| #define HAVE_STRINGIZE 1
| #define HAVE_LONG_DOUBLE 1
| #define PROTOTYPES 1
| #define __PROTOTYPES 1
| #define restrict __restrict__
| #define HAVE_VISIBILITY 1
| #define HAVE_STDINT_H_WITH_UINTMAX 1
| #define HAVE_ALLOCA_H 1
| #define HAVE_ALLOCA 1
| #define HAVE_GETPAGESIZE 1
| #define HAVE_SYMLINK 1
| #define HAVE_USELOCALE 1
| #define HAVE_VPRINTF 1
| #define HAVE_ALARM 1
| #define HAVE___FPURGE 1
| #define HAVE_SNPRINTF 1
| #define HAVE_VSNPRINTF 1
| #define HAVE_MMAP 1
| #define INTDIV0_RAISES_SIGFPE 1
| #define HAVE_INTTYPES_H_WITH_UINTMAX 1
| #define HAVE_UNSIGNED_LONG_LONG_INT 1
| #define HAVE_UINTMAX_T 1
| #define HAVE_INTTYPES_H 1
| #define USE_POSIX_THREADS 1
| #define USE_POSIX_THREADS_WEAK 1
| #define HAVE_PTHREAD_RWLOCK 1
| #define HAVE_PTHREAD_MUTEX_RECURSIVE 1
| /* end confdefs.h.  */
| 
| int
| main (void)
| {
| (void) strchr;
|   ;
|   return 0;
| }
configure:10537: gcc -c -g -O2   conftest.c >&5
configure:10537: $? = 0
configure:10554: result: none needed
configure:11063: checking for iconv
configure:11088: gcc -o conftest -g -O2   conftest.c  >&5
configure:11088: $? = 0
configure:11124: result: yes
configure:11127: checking for working iconv
configure:11270: gcc -o conftest -g -O2   conftest.c  >&5
configure:11270: $? = 0
configure:11270: ./conftest
configure:11270: $? = 0
configure:11283: result: yes
configure:11311: checking for iconv declaration
configure:11341: gcc -c -g -O2  conftest.c >&5
configure:11341: $? = 0
configure:11352: result:
         extern size_t iconv (iconv_t cd, char * *inbuf, size_t *inbytesleft, char * *outbuf, size_t *outbytesleft);
configure:11378: gcc -o conftest -g -O2   conftest.c  >&5
configure:11378: $? = 0
configure:11387: checking for argz.h
configure:11387: gcc -c -g -O2  conftest.c >&5
configure:11387: $? = 0
configure:11387: result: yes
configure:11393: checking for inttypes.h
configure:11393: result: yes
configure:11399: checking for limits.h
configure:11399: gcc -c -g -O2  conftest.c >&5
configure:11399: $? = 0
configure:11399: result: yes
configure:11405: checking for unistd.h
configure:11405: result: yes
configure:11411: checking for sys/param.h
configure:11411: result: yes
configure:11418: checking for getcwd
configure:11418: gcc -o conftest -g -O2   conftest.c  >&5
configure:11418: $? = 0
configure:11418: result: yes
configure:11424: checking for getegid
configure:11424: gcc -o conftest -g -O2   conftest.c  >&5
configure:11424: $? = 0
configure:11424: result: yes
configure:11430: checking for geteuid
configure:11430: gcc -o conftest -g -O2   conftest.c  >&5
configure:11430: $? = 0
configure:11430: result: yes
configure:11436: checking for getgid
configure:11436: gcc -o conftest -g -O2   conftest.c  >&5
configure:11436: $? = 0
configure:11436: result: yes
configure:11442: checking for getuid
configure:11442: gcc -o conftest -g -O2   conftest.c  >&5
configure:11442: $? = 0
configure:11442: result: yes
configure:11448: checking for mempcpy
configure:11448: gcc -o conftest -g -O2   conftest.c  >&5
conftest.c:123:6: warning: conflicting types for built-in function 'mempcpy'; expected 'void *(void *, const void *, long unsigned int)' [-Wbuiltin-declaration-mismatch]
  123 | char mempcpy ();
      |      ^~~~~~~
configure:11448: $? = 0
configure:11448: result: yes
configure:11454: checking for munmap
configure:11454: gcc -o conftest -g -O2   conftest.c  >&5
configure:11454: $? = 0
configure:11454: result: yes
configure:11460: checking for stpcpy
configure:11460: gcc -o conftest -g -O2   conftest.c  >&5
conftest.c:125:6: warning: conflicting types for built-in function 'stpcpy'; expected 'char *(char *, const char *)' [-Wbuiltin-declaration-mismatch]
  125 | char stpcpy ();
      |      ^~~~~~
configure:11460: $? = 0
configure:11460: result: yes
configure:11466: checking for strcasecmp
configure:11466: gcc -o conftest -g -O2   conftest.c  >&5
conftest.c:126:6: warning: conflicting types for built-in function 'strcasecmp'; expected 'int(const char *, const char *)' [-Wbuiltin-declaration-mismatch]
  126 | char strcasecmp ();
      |      ^~~~~~~~~~
configure:11466: $? = 0
configure:11466: result: yes
configure:11472: checking for strdup
configure:11472: gcc -o conftest -g -O2   conftest.c  >&5
conftest.c:127:6: warning: conflicting types for built-in function 'strdup'; expected 'char *(const char *)' [-Wbuiltin-declaration-mismatch]
  127 | char strdup ();
      |      ^~~~~~
configure:11472: $? = 0
configure:11472: result: yes
configure:11478: checking for strtoul
configure:11478: gcc -o conftest -g -O2   conftest.c  >&5
configure:11478: $? = 0
configure:11478: result: yes
configure:11484: checking for tsearch
configure:11484: gcc -o conftest -g -O2   conftest.c  >&5
configure:11484: $? = 0
configure:11484: result: yes
configure:11490: checking for argz_count
configure:11490: gcc -o conftest -g -O2   conftest.c  >&5
configure:11490: $? = 0
configure:11490: result: yes
configure:11496: checking for argz_stringify
configure:11496: gcc -o conftest -g -O2   conftest.c  >&5
configure:11496: $? = 0
configure:11496: result: yes
configure:11502: checking for argz_next
configure:11502: gcc -o conftest -g -O2   conftest.c  >&5
configure:11502: $? = 0
configure:11502: result: yes
configure:11508: checking for __fsetlocking
configure:11508: gcc -o conftest -g -O2   conftest.c  >&5
configure:11508: $? = 0
configure:11508: result: yes
configure:11516: checking for localeconv
configure:11516: gcc -o conftest -g -O2   conftest.c  >&5
configure:11516: $? = 0
configure:11516: result: yes
configure:11524: checking whether feof_unlocked is declared
configure:11524: gcc -c -g -O2   conftest.c >&5
configure:11524: $? = 0
configure:11524: result: yes
configure:11533: checking whether fgets_unlocked is declared
configure:11533: gcc -c -g -O2   conftest.c >&5
configure:11533: $? = 0
configure:11533: result: yes
configure:11550: checking for bison
configure:11571: found /usr/bin/bison
configure:11582: result: bison
configure:11596: checking version of bison
configure:11605: result: 3.8.2, ok
configure:11614: checking for long long int
configure:11656: gcc -o conftest -g -O2   conftest.c  >&5
configure:11656: $? = 0
configure:11656: ./conftest
configure:11656: $? = 0
configure:11669: result: yes
configure:11678: checking for wchar_t
configure:11696: gcc -c -g -O2  conftest.c >&5
configure:11696: $? = 0
configure:11704: result: yes
configure:11713: checking for wint_t
configure:11739: gcc -c -g -O2  conftest.c >&5
configure:11739: $? = 0
configure:11747: result: yes
configure:11754: checking whether wint_t is too small
configure:11783: gcc -c -g -O2  conftest.c >&5
configure:11783: $? = 0
configure:11791: result: no
configure:11806: checking for intmax_t
configure:11833: gcc -c -g -O2  conftest.c >&5
configure:11833: $? = 0
configure:11841: result: yes
configure:11851: checking whether printf() supports POSIX/XSI format strings
configure:11895: gcc -o conftest -g -O2   conftest.c  >&5
configure:11895: $? = 0
configure:11895: ./conftest
configure:11895: $? = 0
configure:11907: result: yes
configure:11918: checking whether we are using the GNU C Library >= 2.1 or uClibc
configure:11950: result: yes
configure:11957: checking for stdint.h
configure:11957: result: yes
configure:11964: checking for SIZE_MAX
configure:12040: result: yes
configure:12051: checking for stdint.h
configure:12051: result: yes
configure:12065: checking for working fcntl.h
configure:12175: gcc -o conftest -g -O2   conftest.c  >&5
configure:12175: $? = 0
configure:12175: ./conftest
configure:12175: $? = 0
configure:12192: result: yes
configure:12225: checking whether uselocale works
configure:12254: gcc -o conftest -g -O2   conftest.c  >&5
configure:12254: $? = 0
configure:12254: ./conftest
configure:12254: $? = 0
configure:12266: result: yes
configure:12283: checking for fake locale system (OpenBSD)
configure:12314: gcc -o conftest -g -O2   conftest.c  >&5
configure:12314: $? = 0
configure:12314: ./conftest
configure:12314: $? = 1
configure: program exited with status 1
configure: failed program was:
| /* confdefs.h */
| #define PACKAGE_NAME "bash"
| #define PACKAGE_TARNAME "bash"
| #define PACKAGE_VERSION "5.2-release"
| #define PACKAGE_STRING "bash 5.2-release"
| #define PACKAGE_BUGREPORT "bug-bash@gnu.org"
| #define PACKAGE_URL ""
| #define ALIAS 1
| #define PUSHD_AND_POPD 1
| #define RESTRICTED_SHELL 1
| #define PROCESS_SUBSTITUTION 1
| #define PROMPT_STRING_DECODE 1
| #define SELECT_COMMAND 1
| #define HELP_BUILTIN 1
| #define ARRAY_VARS 1
| #define DPAREN_ARITHMETIC 1
| #define BRACE_EXPANSION 1
| #define COMMAND_TIMING 1
| #define EXTENDED_GLOB 1
| #define EXTGLOB_DEFAULT 0
| #define COND_COMMAND 1
| #define COND_REGEXP 1
| #define COPROCESS_SUPPORT 1
| #define ARITH_FOR_COMMAND 1
| #define NETWORK_REDIRECTIONS 1
| #define PROGRAMMABLE_COMPLETION 1
| #define DEBUGGER 1
| #define CASEMOD_ATTRS 1
| #define CASEMOD_EXPANSIONS 1
| #define GLOBASCII_DEFAULT 1
| #define FUNCTION_IMPORT 1
| #define TRANSLATABLE_STRINGS 1
| #define MEMSCRAMBLE 1
| #define HAVE_STDIO_H 1
| #define HAVE_STDLIB_H 1
| #define HAVE_STRING_H 1
| #define HAVE_INTTYPES_H 1
| #define HAVE_STDINT_H 1
| #define HAVE_STRINGS_H 1
| #define HAVE_SYS_STAT_H 1
| #define HAVE_SYS_TYPES_H 1
| #define HAVE_UNISTD_H 1
| #define HAVE_WCHAR_H 1
| #define HAVE_SYS_PARAM_H 1
| #define HAVE_SYS_TIME_H 1
| #define STDC_HEADERS 1
| #define _ALL_SOURCE 1
| #define _DARWIN_C_SOURCE 1
| #define _GNU_SOURCE 1
| #define _HPUX_ALT_XOPEN_SOCKET_API 1
| #define _NETBSD_SOURCE 1
| #define _OPENBSD_SOURCE 1
| #define _POSIX_PTHREAD_SEMANTICS 1
| #define __STDC_WANT_IEC_60559_ATTRIBS_EXT__ 1
| #define __STDC_WANT_IEC_60559_BFP_EXT__ 1
| #define __STDC_WANT_IEC_60559_DFP_EXT__ 1
| #define __STDC_WANT_IEC_60559_FUNCS_EXT__ 1
| #define __STDC_WANT_IEC_60559_TYPES_EXT__ 1
| #define __STDC_WANT_LIB_EXT2__ 1
| #define __STDC_WANT_MATH_SPEC_FUNCS__ 1
| #define _TANDEM_SOURCE 1
| #define __EXTENSIONS__ 1
| #define READLINE 1
| #define HISTORY 1
| #define BANG_HISTORY 1
| #define HAVE_STRINGIZE 1
| #define HAVE_LONG_DOUBLE 1
| #define PROTOTYPES 1
| #define __PROTOTYPES 1
| #define restrict __restrict__
| #define HAVE_VISIBILITY 1
| #define HAVE_STDINT_H_WITH_UINTMAX 1
| #define HAVE_ALLOCA_H 1
| #define HAVE_ALLOCA 1
| #define HAVE_GETPAGESIZE 1
| #define HAVE_SYMLINK 1
| #define HAVE_USELOCALE 1
| #define HAVE_VPRINTF 1
| #define HAVE_ALARM 1
| #define HAVE___FPURGE 1
| #define HAVE_SNPRINTF 1
| #define HAVE_VSNPRINTF 1
| #define HAVE_MMAP 1
| #define INTDIV0_RAISES_SIGFPE 1
| #define HAVE_INTTYPES_H_WITH_UINTMAX 1
| #define HAVE_UNSIGNED_LONG_LONG_INT 1
| #define HAVE_UINTMAX_T 1
| #define HAVE_INTTYPES_H 1
| #define USE_POSIX_THREADS 1
| #define USE_POSIX_THREADS_WEAK 1
| #define HAVE_PTHREAD_RWLOCK 1
| #define HAVE_PTHREAD_MUTEX_RECURSIVE 1
| #define HAVE_ICONV 1
| #define ICONV_CONST 
| #define HAVE_BUILTIN_EXPECT 1
| #define HAVE_ARGZ_H 1
| #define HAVE_INTTYPES_H 1
| #define HAVE_LIMITS_H 1
| #define HAVE_UNISTD_H 1
| #define HAVE_SYS_PARAM_H 1
| #define HAVE_GETCWD 1
| #define HAVE_GETEGID 1
| #define HAVE_GETEUID 1
| #define HAVE_GETGID 1
| #define HAVE_GETUID 1
| #define HAVE_MEMPCPY 1
| #define HAVE_MUNMAP 1
| #define HAVE_STPCPY 1
| #define HAVE_STRCASECMP 1
| #define HAVE_STRDUP 1
| #define HAVE_STRTOUL 1
| #define HAVE_TSEARCH 1
| #define HAVE_ARGZ_COUNT 1
| #define HAVE_ARGZ_STRINGIFY 1
| #define HAVE_ARGZ_NEXT 1
| #define HAVE___FSETLOCKING 1
| #define HAVE_LOCALECONV 1
| #define HAVE_DECL_FEOF_UNLOCKED 1
| #define HAVE_DECL_FGETS_UNLOCKED 1
| #define HAVE_LONG_LONG_INT 1
| #define HAVE_WCHAR_T 1
| #define HAVE_WINT_T 1
| #define HAVE_INTMAX_T 1
| #define HAVE_POSIX_PRINTF 1
| #define HAVE_STDINT_H 1
| #define HAVE_STDINT_H 1
| #define HAVE_WORKING_O_NOATIME 1
| #define HAVE_WORKING_O_NOFOLLOW 1
| #define HAVE_WORKING_USELOCALE 1
| /* end confdefs.h.  */
| 
| #include <locale.h>
| #if HAVE_XLOCALE_H
| # include <xlocale.h>
| #endif
| int main ()
| {
|   locale_t loc1, loc2;
|   if (setlocale (LC_ALL, "de_DE.UTF-8") == NULL) return 1;
|   if (setlocale (LC_ALL, "fr_FR.UTF-8") == NULL) return 1;
|   loc1 = newlocale (LC_ALL_MASK, "de_DE.UTF-8", (locale_t)0);
|   loc2 = newlocale (LC_ALL_MASK, "fr_FR.UTF-8", (locale_t)0);
|   return !(loc1 == loc2);
| }
configure:12326: result: no
configure:12341: checking for Solaris 11.4 locale system
configure:12376: result: no
configure:12389: checking for getlocalename_l
configure:12389: gcc -o conftest -g -O2   conftest.c  >&5
/usr/bin/ld: /tmp/ccYbTCXq.o: in function `main':
/home/rogue/workspace/rogue-linux/cogman/packages/bash/build/conftest.c:158:(.text.startup+0x5): undefined reference to `getlocalename_l'
collect2: error: ld returned 1 exit status
configure:12389: $? = 1
configure: failed program was:
| /* confdefs.h */
| #define PACKAGE_NAME "bash"
| #define PACKAGE_TARNAME "bash"
| #define PACKAGE_VERSION "5.2-release"
| #define PACKAGE_STRING "bash 5.2-release"
| #define PACKAGE_BUGREPORT "bug-bash@gnu.org"
| #define PACKAGE_URL ""
| #define ALIAS 1
| #define PUSHD_AND_POPD 1
| #define RESTRICTED_SHELL 1
| #define PROCESS_SUBSTITUTION 1
| #define PROMPT_STRING_DECODE 1
| #define SELECT_COMMAND 1
| #define HELP_BUILTIN 1
| #define ARRAY_VARS 1
| #define DPAREN_ARITHMETIC 1
| #define BRACE_EXPANSION 1
| #define COMMAND_TIMING 1
| #define EXTENDED_GLOB 1
| #define EXTGLOB_DEFAULT 0
| #define COND_COMMAND 1
| #define COND_REGEXP 1
| #define COPROCESS_SUPPORT 1
| #define ARITH_FOR_COMMAND 1
| #define NETWORK_REDIRECTIONS 1
| #define PROGRAMMABLE_COMPLETION 1
| #define DEBUGGER 1
| #define CASEMOD_ATTRS 1
| #define CASEMOD_EXPANSIONS 1
| #define GLOBASCII_DEFAULT 1
| #define FUNCTION_IMPORT 1
| #define TRANSLATABLE_STRINGS 1
| #define MEMSCRAMBLE 1
| #define HAVE_STDIO_H 1
| #define HAVE_STDLIB_H 1
| #define HAVE_STRING_H 1
| #define HAVE_INTTYPES_H 1
| #define HAVE_STDINT_H 1
| #define HAVE_STRINGS_H 1
| #define HAVE_SYS_STAT_H 1
| #define HAVE_SYS_TYPES_H 1
| #define HAVE_UNISTD_H 1
| #define HAVE_WCHAR_H 1
| #define HAVE_SYS_PARAM_H 1
| #define HAVE_SYS_TIME_H 1
| #define STDC_HEADERS 1
| #define _ALL_SOURCE 1
| #define _DARWIN_C_SOURCE 1
| #define _GNU_SOURCE 1
| #define _HPUX_ALT_XOPEN_SOCKET_API 1
| #define _NETBSD_SOURCE 1
| #define _OPENBSD_SOURCE 1
| #define _POSIX_PTHREAD_SEMANTICS 1
| #define __STDC_WANT_IEC_60559_ATTRIBS_EXT__ 1
| #define __STDC_WANT_IEC_60559_BFP_EXT__ 1
| #define __STDC_WANT_IEC_60559_DFP_EXT__ 1
| #define __STDC_WANT_IEC_60559_FUNCS_EXT__ 1
| #define __STDC_WANT_IEC_60559_TYPES_EXT__ 1
| #define __STDC_WANT_LIB_EXT2__ 1
| #define __STDC_WANT_MATH_SPEC_FUNCS__ 1
| #define _TANDEM_SOURCE 1
| #define __EXTENSIONS__ 1
| #define READLINE 1
| #define HISTORY 1
| #define BANG_HISTORY 1
| #define HAVE_STRINGIZE 1
| #define HAVE_LONG_DOUBLE 1
| #define PROTOTYPES 1
| #define __PROTOTYPES 1
| #define restrict __restrict__
| #define HAVE_VISIBILITY 1
| #define HAVE_STDINT_H_WITH_UINTMAX 1
| #define HAVE_ALLOCA_H 1
| #define HAVE_ALLOCA 1
| #define HAVE_GETPAGESIZE 1
| #define HAVE_SYMLINK 1
| #define HAVE_USELOCALE 1
| #define HAVE_VPRINTF 1
| #define HAVE_ALARM 1
| #define HAVE___FPURGE 1
| #define HAVE_SNPRINTF 1
| #define HAVE_VSNPRINTF 1
| #define HAVE_MMAP 1
| #define INTDIV0_RAISES_SIGFPE 1
| #define HAVE_INTTYPES_H_WITH_UINTMAX 1
| #define HAVE_UNSIGNED_LONG_LONG_INT 1
| #define HAVE_UINTMAX_T 1
| #define HAVE_INTTYPES_H 1
| #define USE_POSIX_THREADS 1
| #define USE_POSIX_THREADS_WEAK 1
| #define HAVE_PTHREAD_RWLOCK 1
| #define HAVE_PTHREAD_MUTEX_RECURSIVE 1
| #define HAVE_ICONV 1
| #define ICONV_CONST 
| #define HAVE_BUILTIN_EXPECT 1
| #define HAVE_ARGZ_H 1
| #define HAVE_INTTYPES_H 1
| #define HAVE_LIMITS_H 1
| #define HAVE_UNISTD_H 1
| #define HAVE_SYS_PARAM_H 1
| #define HAVE_GETCWD 1
| #define HAVE_GETEGID 1
| #define HAVE_GETEUID 1
| #define HAVE_GETGID 1
| #define HAVE_GETUID 1
| #define HAVE_MEMPCPY 1
| #define HAVE_MUNMAP 1
| #define HAVE_STPCPY 1
| #define HAVE_STRCASECMP 1
| #define HAVE_STRDUP 1
| #define HAVE_STRTOUL 1
| #define HAVE_TSEARCH 1
| #define HAVE_ARGZ_COUNT 1
| #define HAVE_ARGZ_STRINGIFY 1
| #define HAVE_ARGZ_NEXT 1
| #define HAVE___FSETLOCKING 1
| #define HAVE_LOCALECONV 1
| #define HAVE_DECL_FEOF_UNLOCKED 1
| #define HAVE_DECL_FGETS_UNLOCKED 1
| #define HAVE_LONG_LONG_INT 1
| #define HAVE_WCHAR_T 1
| #define HAVE_WINT_T 1
| #define HAVE_INTMAX_T 1
| #define HAVE_POSIX_PRINTF 1
| #define HAVE_STDINT_H 1
| #define HAVE_STDINT_H 1
| #define HAVE_WORKING_O_NOATIME 1
| #define HAVE_WORKING_O_NOFOLLOW 1
| #define HAVE_WORKING_USELOCALE 1
| /* end confdefs.h.  */
| /* Define getlocalename_l to an innocuous variant, in case <limits.h> declares getlocalename_l.
|    For example, HP-UX 11i <limits.h> declares gettimeofday.  */
| #define getlocalename_l innocuous_getlocalename_l
| 
| /* System header to define __stub macros and hopefully few prototypes,
|    which can conflict with char getlocalename_l (); below.  */
| 
| #include <limits.h>
| #undef getlocalename_l
| 
| /* Override any GCC internal prototype to avoid an error.
|    Use char because int might match the return type of a GCC
|    builtin and then its argument prototype would still apply.  */
| #ifdef __cplusplus
| extern "C"
| #endif
| char getlocalename_l ();
| /* The GNU C library defines this for functions which it implements
|     to always fail with ENOSYS.  Some functions are actually named
|     something starting with __ and the normal name is an alias.  */
| #if defined __stub_getlocalename_l || defined __stub___getlocalename_l
| choke me
| #endif
| 
| int
| main (void)
| {
| return getlocalename_l ();
|   ;
|   return 0;
| }
configure:12389: result: no
configure:12408: checking for CFPreferencesCopyAppValue
configure:12427: gcc -o conftest -g -O2   conftest.c  -Wl,-framework -Wl,CoreFoundation >&5
conftest.c:131:10: fatal error: CoreFoundation/CFPreferences.h: No such file or directory
  131 | #include <CoreFoundation/CFPreferences.h>
      |          ^~~~~~~~~~~~~~~~~~~~~~~~~~~~~~~~
compilation terminated.
configure:12427: $? = 1
configure: failed program was:
| /* confdefs.h */
| #define PACKAGE_NAME "bash"
| #define PACKAGE_TARNAME "bash"
| #define PACKAGE_VERSION "5.2-release"
| #define PACKAGE_STRING "bash 5.2-release"
| #define PACKAGE_BUGREPORT "bug-bash@gnu.org"
| #define PACKAGE_URL ""
| #define ALIAS 1
| #define PUSHD_AND_POPD 1
| #define RESTRICTED_SHELL 1
| #define PROCESS_SUBSTITUTION 1
| #define PROMPT_STRING_DECODE 1
| #define SELECT_COMMAND 1
| #define HELP_BUILTIN 1
| #define ARRAY_VARS 1
| #define DPAREN_ARITHMETIC 1
| #define BRACE_EXPANSION 1
| #define COMMAND_TIMING 1
| #define EXTENDED_GLOB 1
| #define EXTGLOB_DEFAULT 0
| #define COND_COMMAND 1
| #define COND_REGEXP 1
| #define COPROCESS_SUPPORT 1
| #define ARITH_FOR_COMMAND 1
| #define NETWORK_REDIRECTIONS 1
| #define PROGRAMMABLE_COMPLETION 1
| #define DEBUGGER 1
| #define CASEMOD_ATTRS 1
| #define CASEMOD_EXPANSIONS 1
| #define GLOBASCII_DEFAULT 1
| #define FUNCTION_IMPORT 1
| #define TRANSLATABLE_STRINGS 1
| #define MEMSCRAMBLE 1
| #define HAVE_STDIO_H 1
| #define HAVE_STDLIB_H 1
| #define HAVE_STRING_H 1
| #define HAVE_INTTYPES_H 1
| #define HAVE_STDINT_H 1
| #define HAVE_STRINGS_H 1
| #define HAVE_SYS_STAT_H 1
| #define HAVE_SYS_TYPES_H 1
| #define HAVE_UNISTD_H 1
| #define HAVE_WCHAR_H 1
| #define HAVE_SYS_PARAM_H 1
| #define HAVE_SYS_TIME_H 1
| #define STDC_HEADERS 1
| #define _ALL_SOURCE 1
| #define _DARWIN_C_SOURCE 1
| #define _GNU_SOURCE 1
| #define _HPUX_ALT_XOPEN_SOCKET_API 1
| #define _NETBSD_SOURCE 1
| #define _OPENBSD_SOURCE 1
| #define _POSIX_PTHREAD_SEMANTICS 1
| #define __STDC_WANT_IEC_60559_ATTRIBS_EXT__ 1
| #define __STDC_WANT_IEC_60559_BFP_EXT__ 1
| #define __STDC_WANT_IEC_60559_DFP_EXT__ 1
| #define __STDC_WANT_IEC_60559_FUNCS_EXT__ 1
| #define __STDC_WANT_IEC_60559_TYPES_EXT__ 1
| #define __STDC_WANT_LIB_EXT2__ 1
| #define __STDC_WANT_MATH_SPEC_FUNCS__ 1
| #define _TANDEM_SOURCE 1
| #define __EXTENSIONS__ 1
| #define READLINE 1
| #define HISTORY 1
| #define BANG_HISTORY 1
| #define HAVE_STRINGIZE 1
| #define HAVE_LONG_DOUBLE 1
| #define PROTOTYPES 1
| #define __PROTOTYPES 1
| #define restrict __restrict__
| #define HAVE_VISIBILITY 1
| #define HAVE_STDINT_H_WITH_UINTMAX 1
| #define HAVE_ALLOCA_H 1
| #define HAVE_ALLOCA 1
| #define HAVE_GETPAGESIZE 1
| #define HAVE_SYMLINK 1
| #define HAVE_USELOCALE 1
| #define HAVE_VPRINTF 1
| #define HAVE_ALARM 1
| #define HAVE___FPURGE 1
| #define HAVE_SNPRINTF 1
| #define HAVE_VSNPRINTF 1
| #define HAVE_MMAP 1
| #define INTDIV0_RAISES_SIGFPE 1
| #define HAVE_INTTYPES_H_WITH_UINTMAX 1
| #define HAVE_UNSIGNED_LONG_LONG_INT 1
| #define HAVE_UINTMAX_T 1
| #define HAVE_INTTYPES_H 1
| #define USE_POSIX_THREADS 1
| #define USE_POSIX_THREADS_WEAK 1
| #define HAVE_PTHREAD_RWLOCK 1
| #define HAVE_PTHREAD_MUTEX_RECURSIVE 1
| #define HAVE_ICONV 1
| #define ICONV_CONST 
| #define HAVE_BUILTIN_EXPECT 1
| #define HAVE_ARGZ_H 1
| #define HAVE_INTTYPES_H 1
| #define HAVE_LIMITS_H 1
| #define HAVE_UNISTD_H 1
| #define HAVE_SYS_PARAM_H 1
| #define HAVE_GETCWD 1
| #define HAVE_GETEGID 1
| #define HAVE_GETEUID 1
| #define HAVE_GETGID 1
| #define HAVE_GETUID 1
| #define HAVE_MEMPCPY 1
| #define HAVE_MUNMAP 1
| #define HAVE_STPCPY 1
| #define HAVE_STRCASECMP 1
| #define HAVE_STRDUP 1
| #define HAVE_STRTOUL 1
| #define HAVE_TSEARCH 1
| #define HAVE_ARGZ_COUNT 1
| #define HAVE_ARGZ_STRINGIFY 1
| #define HAVE_ARGZ_NEXT 1
| #define HAVE___FSETLOCKING 1
| #define HAVE_LOCALECONV 1
| #define HAVE_DECL_FEOF_UNLOCKED 1
| #define HAVE_DECL_FGETS_UNLOCKED 1
| #define HAVE_LONG_LONG_INT 1
| #define HAVE_WCHAR_T 1
| #define HAVE_WINT_T 1
| #define HAVE_INTMAX_T 1
| #define HAVE_POSIX_PRINTF 1
| #define HAVE_STDINT_H 1
| #define HAVE_STDINT_H 1
| #define HAVE_WORKING_O_NOATIME 1
| #define HAVE_WORKING_O_NOFOLLOW 1
| #define HAVE_WORKING_USELOCALE 1
| /* end confdefs.h.  */
| #include <CoreFoundation/CFPreferences.h>
| int
| main (void)
| {
| CFPreferencesCopyAppValue(NULL, NULL)
|   ;
|   return 0;
| }
configure:12437: result: no
configure:12444: checking for CFLocaleCopyCurrent
configure:12463: gcc -o conftest -g -O2   conftest.c  -Wl,-framework -Wl,CoreFoundation >&5
conftest.c:131:10: fatal error: CoreFoundation/CFLocale.h: No such file or directory
  131 | #include <CoreFoundation/CFLocale.h>
      |          ^~~~~~~~~~~~~~~~~~~~~~~~~~~
compilation terminated.
configure:12463: $? = 1
configure: failed program was:
| /* confdefs.h */
| #define PACKAGE_NAME "bash"
| #define PACKAGE_TARNAME "bash"
| #define PACKAGE_VERSION "5.2-release"
| #define PACKAGE_STRING "bash 5.2-release"
| #define PACKAGE_BUGREPORT "bug-bash@gnu.org"
| #define PACKAGE_URL ""
| #define ALIAS 1
| #define PUSHD_AND_POPD 1
| #define RESTRICTED_SHELL 1
| #define PROCESS_SUBSTITUTION 1
| #define PROMPT_STRING_DECODE 1
| #define SELECT_COMMAND 1
| #define HELP_BUILTIN 1
| #define ARRAY_VARS 1
| #define DPAREN_ARITHMETIC 1
| #define BRACE_EXPANSION 1
| #define COMMAND_TIMING 1
| #define EXTENDED_GLOB 1
| #define EXTGLOB_DEFAULT 0
| #define COND_COMMAND 1
| #define COND_REGEXP 1
| #define COPROCESS_SUPPORT 1
| #define ARITH_FOR_COMMAND 1
| #define NETWORK_REDIRECTIONS 1
| #define PROGRAMMABLE_COMPLETION 1
| #define DEBUGGER 1
| #define CASEMOD_ATTRS 1
| #define CASEMOD_EXPANSIONS 1
| #define GLOBASCII_DEFAULT 1
| #define FUNCTION_IMPORT 1
| #define TRANSLATABLE_STRINGS 1
| #define MEMSCRAMBLE 1
| #define HAVE_STDIO_H 1
| #define HAVE_STDLIB_H 1
| #define HAVE_STRING_H 1
| #define HAVE_INTTYPES_H 1
| #define HAVE_STDINT_H 1
| #define HAVE_STRINGS_H 1
| #define HAVE_SYS_STAT_H 1
| #define HAVE_SYS_TYPES_H 1
| #define HAVE_UNISTD_H 1
| #define HAVE_WCHAR_H 1
| #define HAVE_SYS_PARAM_H 1
| #define HAVE_SYS_TIME_H 1
| #define STDC_HEADERS 1
| #define _ALL_SOURCE 1
| #define _DARWIN_C_SOURCE 1
| #define _GNU_SOURCE 1
| #define _HPUX_ALT_XOPEN_SOCKET_API 1
| #define _NETBSD_SOURCE 1
| #define _OPENBSD_SOURCE 1
| #define _POSIX_PTHREAD_SEMANTICS 1
| #define __STDC_WANT_IEC_60559_ATTRIBS_EXT__ 1
| #define __STDC_WANT_IEC_60559_BFP_EXT__ 1
| #define __STDC_WANT_IEC_60559_DFP_EXT__ 1
| #define __STDC_WANT_IEC_60559_FUNCS_EXT__ 1
| #define __STDC_WANT_IEC_60559_TYPES_EXT__ 1
| #define __STDC_WANT_LIB_EXT2__ 1
| #define __STDC_WANT_MATH_SPEC_FUNCS__ 1
| #define _TANDEM_SOURCE 1
| #define __EXTENSIONS__ 1
| #define READLINE 1
| #define HISTORY 1
| #define BANG_HISTORY 1
| #define HAVE_STRINGIZE 1
| #define HAVE_LONG_DOUBLE 1
| #define PROTOTYPES 1
| #define __PROTOTYPES 1
| #define restrict __restrict__
| #define HAVE_VISIBILITY 1
| #define HAVE_STDINT_H_WITH_UINTMAX 1
| #define HAVE_ALLOCA_H 1
| #define HAVE_ALLOCA 1
| #define HAVE_GETPAGESIZE 1
| #define HAVE_SYMLINK 1
| #define HAVE_USELOCALE 1
| #define HAVE_VPRINTF 1
| #define HAVE_ALARM 1
| #define HAVE___FPURGE 1
| #define HAVE_SNPRINTF 1
| #define HAVE_VSNPRINTF 1
| #define HAVE_MMAP 1
| #define INTDIV0_RAISES_SIGFPE 1
| #define HAVE_INTTYPES_H_WITH_UINTMAX 1
| #define HAVE_UNSIGNED_LONG_LONG_INT 1
| #define HAVE_UINTMAX_T 1
| #define HAVE_INTTYPES_H 1
| #define USE_POSIX_THREADS 1
| #define USE_POSIX_THREADS_WEAK 1
| #define HAVE_PTHREAD_RWLOCK 1
| #define HAVE_PTHREAD_MUTEX_RECURSIVE 1
| #define HAVE_ICONV 1
| #define ICONV_CONST 
| #define HAVE_BUILTIN_EXPECT 1
| #define HAVE_ARGZ_H 1
| #define HAVE_INTTYPES_H 1
| #define HAVE_LIMITS_H 1
| #define HAVE_UNISTD_H 1
| #define HAVE_SYS_PARAM_H 1
| #define HAVE_GETCWD 1
| #define HAVE_GETEGID 1
| #define HAVE_GETEUID 1
| #define HAVE_GETGID 1
| #define HAVE_GETUID 1
| #define HAVE_MEMPCPY 1
| #define HAVE_MUNMAP 1
| #define HAVE_STPCPY 1
| #define HAVE_STRCASECMP 1
| #define HAVE_STRDUP 1
| #define HAVE_STRTOUL 1
| #define HAVE_TSEARCH 1
| #define HAVE_ARGZ_COUNT 1
| #define HAVE_ARGZ_STRINGIFY 1
| #define HAVE_ARGZ_NEXT 1
| #define HAVE___FSETLOCKING 1
| #define HAVE_LOCALECONV 1
| #define HAVE_DECL_FEOF_UNLOCKED 1
| #define HAVE_DECL_FGETS_UNLOCKED 1
| #define HAVE_LONG_LONG_INT 1
| #define HAVE_WCHAR_T 1
| #define HAVE_WINT_T 1
| #define HAVE_INTMAX_T 1
| #define HAVE_POSIX_PRINTF 1
| #define HAVE_STDINT_H 1
| #define HAVE_STDINT_H 1
| #define HAVE_WORKING_O_NOATIME 1
| #define HAVE_WORKING_O_NOFOLLOW 1
| #define HAVE_WORKING_USELOCALE 1
| /* end confdefs.h.  */
| #include <CoreFoundation/CFLocale.h>
| int
| main (void)
| {
| CFLocaleCopyCurrent();
|   ;
|   return 0;
| }
configure:12473: result: no
configure:12480: checking for CFLocaleCopyPreferredLanguages
configure:12499: gcc -o conftest -g -O2   conftest.c  -Wl,-framework -Wl,CoreFoundation >&5
conftest.c:131:10: fatal error: CoreFoundation/CFLocale.h: No such file or directory
  131 | #include <CoreFoundation/CFLocale.h>
      |          ^~~~~~~~~~~~~~~~~~~~~~~~~~~
compilation terminated.
configure:12499: $? = 1
configure: failed program was:
| /* confdefs.h */
| #define PACKAGE_NAME "bash"
| #define PACKAGE_TARNAME "bash"
| #define PACKAGE_VERSION "5.2-release"
| #define PACKAGE_STRING "bash 5.2-release"
| #define PACKAGE_BUGREPORT "bug-bash@gnu.org"
| #define PACKAGE_URL ""
| #define ALIAS 1
| #define PUSHD_AND_POPD 1
| #define RESTRICTED_SHELL 1
| #define PROCESS_SUBSTITUTION 1
| #define PROMPT_STRING_DECODE 1
| #define SELECT_COMMAND 1
| #define HELP_BUILTIN 1
| #define ARRAY_VARS 1
| #define DPAREN_ARITHMETIC 1
| #define BRACE_EXPANSION 1
| #define COMMAND_TIMING 1
| #define EXTENDED_GLOB 1
| #define EXTGLOB_DEFAULT 0
| #define COND_COMMAND 1
| #define COND_REGEXP 1
| #define COPROCESS_SUPPORT 1
| #define ARITH_FOR_COMMAND 1
| #define NETWORK_REDIRECTIONS 1
| #define PROGRAMMABLE_COMPLETION 1
| #define DEBUGGER 1
| #define CASEMOD_ATTRS 1
| #define CASEMOD_EXPANSIONS 1
| #define GLOBASCII_DEFAULT 1
| #define FUNCTION_IMPORT 1
| #define TRANSLATABLE_STRINGS 1
| #define MEMSCRAMBLE 1
| #define HAVE_STDIO_H 1
| #define HAVE_STDLIB_H 1
| #define HAVE_STRING_H 1
| #define HAVE_INTTYPES_H 1
| #define HAVE_STDINT_H 1
| #define HAVE_STRINGS_H 1
| #define HAVE_SYS_STAT_H 1
| #define HAVE_SYS_TYPES_H 1
| #define HAVE_UNISTD_H 1
| #define HAVE_WCHAR_H 1
| #define HAVE_SYS_PARAM_H 1
| #define HAVE_SYS_TIME_H 1
| #define STDC_HEADERS 1
| #define _ALL_SOURCE 1
| #define _DARWIN_C_SOURCE 1
| #define _GNU_SOURCE 1
| #define _HPUX_ALT_XOPEN_SOCKET_API 1
| #define _NETBSD_SOURCE 1
| #define _OPENBSD_SOURCE 1
| #define _POSIX_PTHREAD_SEMANTICS 1
| #define __STDC_WANT_IEC_60559_ATTRIBS_EXT__ 1
| #define __STDC_WANT_IEC_60559_BFP_EXT__ 1
| #define __STDC_WANT_IEC_60559_DFP_EXT__ 1
| #define __STDC_WANT_IEC_60559_FUNCS_EXT__ 1
| #define __STDC_WANT_IEC_60559_TYPES_EXT__ 1
| #define __STDC_WANT_LIB_EXT2__ 1
| #define __STDC_WANT_MATH_SPEC_FUNCS__ 1
| #define _TANDEM_SOURCE 1
| #define __EXTENSIONS__ 1
| #define READLINE 1
| #define HISTORY 1
| #define BANG_HISTORY 1
| #define HAVE_STRINGIZE 1
| #define HAVE_LONG_DOUBLE 1
| #define PROTOTYPES 1
| #define __PROTOTYPES 1
| #define restrict __restrict__
| #define HAVE_VISIBILITY 1
| #define HAVE_STDINT_H_WITH_UINTMAX 1
| #define HAVE_ALLOCA_H 1
| #define HAVE_ALLOCA 1
| #define HAVE_GETPAGESIZE 1
| #define HAVE_SYMLINK 1
| #define HAVE_USELOCALE 1
| #define HAVE_VPRINTF 1
| #define HAVE_ALARM 1
| #define HAVE___FPURGE 1
| #define HAVE_SNPRINTF 1
| #define HAVE_VSNPRINTF 1
| #define HAVE_MMAP 1
| #define INTDIV0_RAISES_SIGFPE 1
| #define HAVE_INTTYPES_H_WITH_UINTMAX 1
| #define HAVE_UNSIGNED_LONG_LONG_INT 1
| #define HAVE_UINTMAX_T 1
| #define HAVE_INTTYPES_H 1
| #define USE_POSIX_THREADS 1
| #define USE_POSIX_THREADS_WEAK 1
| #define HAVE_PTHREAD_RWLOCK 1
| #define HAVE_PTHREAD_MUTEX_RECURSIVE 1
| #define HAVE_ICONV 1
| #define ICONV_CONST 
| #define HAVE_BUILTIN_EXPECT 1
| #define HAVE_ARGZ_H 1
| #define HAVE_INTTYPES_H 1
| #define HAVE_LIMITS_H 1
| #define HAVE_UNISTD_H 1
| #define HAVE_SYS_PARAM_H 1
| #define HAVE_GETCWD 1
| #define HAVE_GETEGID 1
| #define HAVE_GETEUID 1
| #define HAVE_GETGID 1
| #define HAVE_GETUID 1
| #define HAVE_MEMPCPY 1
| #define HAVE_MUNMAP 1
| #define HAVE_STPCPY 1
| #define HAVE_STRCASECMP 1
| #define HAVE_STRDUP 1
| #define HAVE_STRTOUL 1
| #define HAVE_TSEARCH 1
| #define HAVE_ARGZ_COUNT 1
| #define HAVE_ARGZ_STRINGIFY 1
| #define HAVE_ARGZ_NEXT 1
| #define HAVE___FSETLOCKING 1
| #define HAVE_LOCALECONV 1
| #define HAVE_DECL_FEOF_UNLOCKED 1
| #define HAVE_DECL_FGETS_UNLOCKED 1
| #define HAVE_LONG_LONG_INT 1
| #define HAVE_WCHAR_T 1
| #define HAVE_WINT_T 1
| #define HAVE_INTMAX_T 1
| #define HAVE_POSIX_PRINTF 1
| #define HAVE_STDINT_H 1
| #define HAVE_STDINT_H 1
| #define HAVE_WORKING_O_NOATIME 1
| #define HAVE_WORKING_O_NOFOLLOW 1
| #define HAVE_WORKING_USELOCALE 1
| /* end confdefs.h.  */
| #include <CoreFoundation/CFLocale.h>
| int
| main (void)
| {
| CFLocaleCopyPreferredLanguages();
|   ;
|   return 0;
| }
configure:12509: result: no
configure:12530: checking for flexible array members
configure:12554: gcc -c -g -O2  conftest.c >&5
configure:12554: $? = 0
configure:12562: result: yes
configure:12628: checking for ar
configure:12660: result: ar
configure:12696: checking for ptrdiff_t
configure:12696: gcc -c -g -O2  conftest.c >&5
configure:12696: $? = 0
configure:12696: gcc -c -g -O2  conftest.c >&5
conftest.c: In function 'main':
conftest.c:163:24: error: expected expression before ')' token
  163 | if (sizeof ((ptrdiff_t)))
      |                        ^
configure:12696: $? = 1
configure: failed program was:
| /* confdefs.h */
| #define PACKAGE_NAME "bash"
| #define PACKAGE_TARNAME "bash"
| #define PACKAGE_VERSION "5.2-release"
| #define PACKAGE_STRING "bash 5.2-release"
| #define PACKAGE_BUGREPORT "bug-bash@gnu.org"
| #define PACKAGE_URL ""
| #define ALIAS 1
| #define PUSHD_AND_POPD 1
| #define RESTRICTED_SHELL 1
| #define PROCESS_SUBSTITUTION 1
| #define PROMPT_STRING_DECODE 1
| #define SELECT_COMMAND 1
| #define HELP_BUILTIN 1
| #define ARRAY_VARS 1
| #define DPAREN_ARITHMETIC 1
| #define BRACE_EXPANSION 1
| #define COMMAND_TIMING 1
| #define EXTENDED_GLOB 1
| #define EXTGLOB_DEFAULT 0
| #define COND_COMMAND 1
| #define COND_REGEXP 1
| #define COPROCESS_SUPPORT 1
| #define ARITH_FOR_COMMAND 1
| #define NETWORK_REDIRECTIONS 1
| #define PROGRAMMABLE_COMPLETION 1
| #define DEBUGGER 1
| #define CASEMOD_ATTRS 1
| #define CASEMOD_EXPANSIONS 1
| #define GLOBASCII_DEFAULT 1
| #define FUNCTION_IMPORT 1
| #define TRANSLATABLE_STRINGS 1
| #define MEMSCRAMBLE 1
| #define HAVE_STDIO_H 1
| #define HAVE_STDLIB_H 1
| #define HAVE_STRING_H 1
| #define HAVE_INTTYPES_H 1
| #define HAVE_STDINT_H 1
| #define HAVE_STRINGS_H 1
| #define HAVE_SYS_STAT_H 1
| #define HAVE_SYS_TYPES_H 1
| #define HAVE_UNISTD_H 1
| #define HAVE_WCHAR_H 1
| #define HAVE_SYS_PARAM_H 1
| #define HAVE_SYS_TIME_H 1
| #define STDC_HEADERS 1
| #define _ALL_SOURCE 1
| #define _DARWIN_C_SOURCE 1
| #define _GNU_SOURCE 1
| #define _HPUX_ALT_XOPEN_SOCKET_API 1
| #define _NETBSD_SOURCE 1
| #define _OPENBSD_SOURCE 1
| #define _POSIX_PTHREAD_SEMANTICS 1
| #define __STDC_WANT_IEC_60559_ATTRIBS_EXT__ 1
| #define __STDC_WANT_IEC_60559_BFP_EXT__ 1
| #define __STDC_WANT_IEC_60559_DFP_EXT__ 1
| #define __STDC_WANT_IEC_60559_FUNCS_EXT__ 1
| #define __STDC_WANT_IEC_60559_TYPES_EXT__ 1
| #define __STDC_WANT_LIB_EXT2__ 1
| #define __STDC_WANT_MATH_SPEC_FUNCS__ 1
| #define _TANDEM_SOURCE 1
| #define __EXTENSIONS__ 1
| #define READLINE 1
| #define HISTORY 1
| #define BANG_HISTORY 1
| #define HAVE_STRINGIZE 1
| #define HAVE_LONG_DOUBLE 1
| #define PROTOTYPES 1
| #define __PROTOTYPES 1
| #define restrict __restrict__
| #define HAVE_VISIBILITY 1
| #define HAVE_STDINT_H_WITH_UINTMAX 1
| #define HAVE_ALLOCA_H 1
| #define HAVE_ALLOCA 1
| #define HAVE_GETPAGESIZE 1
| #define HAVE_SYMLINK 1
| #define HAVE_USELOCALE 1
| #define HAVE_VPRINTF 1
| #define HAVE_ALARM 1
| #define HAVE___FPURGE 1
| #define HAVE_SNPRINTF 1
| #define HAVE_VSNPRINTF 1
| #define HAVE_MMAP 1
| #define INTDIV0_RAISES_SIGFPE 1
| #define HAVE_INTTYPES_H_WITH_UINTMAX 1
| #define HAVE_UNSIGNED_LONG_LONG_INT 1
| #define HAVE_UINTMAX_T 1
| #define HAVE_INTTYPES_H 1
| #define USE_POSIX_THREADS 1
| #define USE_POSIX_THREADS_WEAK 1
| #define HAVE_PTHREAD_RWLOCK 1
| #define HAVE_PTHREAD_MUTEX_RECURSIVE 1
| #define HAVE_ICONV 1
| #define ICONV_CONST 
| #define HAVE_BUILTIN_EXPECT 1
| #define HAVE_ARGZ_H 1
| #define HAVE_INTTYPES_H 1
| #define HAVE_LIMITS_H 1
| #define HAVE_UNISTD_H 1
| #define HAVE_SYS_PARAM_H 1
| #define HAVE_GETCWD 1
| #define HAVE_GETEGID 1
| #define HAVE_GETEUID 1
| #define HAVE_GETGID 1
| #define HAVE_GETUID 1
| #define HAVE_MEMPCPY 1
| #define HAVE_MUNMAP 1
| #define HAVE_STPCPY 1
| #define HAVE_STRCASECMP 1
| #define HAVE_STRDUP 1
| #define HAVE_STRTOUL 1
| #define HAVE_TSEARCH 1
| #define HAVE_ARGZ_COUNT 1
| #define HAVE_ARGZ_STRINGIFY 1
| #define HAVE_ARGZ_NEXT 1
| #define HAVE___FSETLOCKING 1
| #define HAVE_LOCALECONV 1
| #define HAVE_DECL_FEOF_UNLOCKED 1
| #define HAVE_DECL_FGETS_UNLOCKED 1
| #define HAVE_LONG_LONG_INT 1
| #define HAVE_WCHAR_T 1
| #define HAVE_WINT_T 1
| #define HAVE_INTMAX_T 1
| #define HAVE_POSIX_PRINTF 1
| #define HAVE_STDINT_H 1
| #define HAVE_STDINT_H 1
| #define HAVE_WORKING_O_NOATIME 1
| #define HAVE_WORKING_O_NOFOLLOW 1
| #define HAVE_WORKING_USELOCALE 1
| #define FLEXIBLE_ARRAY_MEMBER /**/
| /* end confdefs.h.  */
| #include <stddef.h>
| #ifdef HAVE_STDIO_H
| # include <stdio.h>
| #endif
| #ifdef HAVE_STDLIB_H
| # include <stdlib.h>
| #endif
| #ifdef HAVE_STRING_H
| # include <string.h>
| #endif
| #ifdef HAVE_INTTYPES_H
| # include <inttypes.h>
| #endif
| #ifdef HAVE_STDINT_H
| # include <stdint.h>
| #endif
| #ifdef HAVE_STRINGS_H
| # include <strings.h>
| #endif
| #ifdef HAVE_SYS_TYPES_H
| # include <sys/types.h>
| #endif
| #ifdef HAVE_SYS_STAT_H
| # include <sys/stat.h>
| #endif
| #ifdef HAVE_UNISTD_H
| # include <unistd.h>
| #endif
| int
| main (void)
| {
| if (sizeof ((ptrdiff_t)))
| 	    return 0;
|   ;
|   return 0;
| }
configure:12696: result: yes
configure:12707: checking for features.h
configure:12707: gcc -c -g -O2  conftest.c >&5
configure:12707: $? = 0
configure:12707: result: yes
configure:12713: checking for stddef.h
configure:12713: gcc -c -g -O2  conftest.c >&5
configure:12713: $? = 0
configure:12713: result: yes
configure:12719: checking for stdlib.h
configure:12719: result: yes
configure:12725: checking for string.h
configure:12725: result: yes
configure:12732: checking for asprintf
configure:12732: gcc -o conftest -g -O2   conftest.c  >&5
configure:12732: $? = 0
configure:12732: result: yes
configure:12738: checking for fwprintf
configure:12738: gcc -o conftest -g -O2   conftest.c  >&5
configure:12738: $? = 0
configure:12738: result: yes
configure:12744: checking for newlocale
configure:12744: gcc -o conftest -g -O2   conftest.c  >&5
configure:12744: $? = 0
configure:12744: result: yes
configure:12750: checking for putenv
configure:12750: gcc -o conftest -g -O2   conftest.c  >&5
configure:12750: $? = 0
configure:12750: result: yes
configure:12756: checking for setenv
configure:12756: gcc -o conftest -g -O2   conftest.c  >&5
configure:12756: $? = 0
configure:12756: result: yes
configure:12762: checking for setlocale
configure:12762: gcc -o conftest -g -O2   conftest.c  >&5
configure:12762: $? = 0
configure:12762: result: yes
configure:12768: checking for snprintf
configure:12768: result: yes
configure:12774: checking for strnlen
configure:12774: gcc -o conftest -g -O2   conftest.c  >&5
conftest.c:159:6: warning: conflicting types for built-in function 'strnlen'; expected 'long unsigned int(const char *, long unsigned int)' [-Wbuiltin-declaration-mismatch]
  159 | char strnlen ();
      |      ^~~~~~~
configure:12774: $? = 0
configure:12774: result: yes
configure:12780: checking for uselocale
configure:12780: result: yes
configure:12786: checking for wcslen
configure:12786: gcc -o conftest -g -O2   conftest.c  >&5
configure:12786: $? = 0
configure:12786: result: yes
configure:12792: checking for wcsnlen
configure:12792: gcc -o conftest -g -O2   conftest.c  >&5
configure:12792: $? = 0
configure:12792: result: yes
configure:12798: checking for mbrtowc
configure:12798: gcc -o conftest -g -O2   conftest.c  >&5
configure:12798: $? = 0
configure:12798: result: yes
configure:12804: checking for wcrtomb
configure:12804: gcc -o conftest -g -O2   conftest.c  >&5
configure:12804: $? = 0
configure:12804: result: yes
configure:12812: checking whether _snprintf is declared
configure:12812: gcc -c -g -O2   conftest.c >&5
conftest.c: In function 'main':
conftest.c:158:10: error: '_snprintf' undeclared (first use in this function); did you mean 'vsnprintf'?
  158 |   (void) _snprintf;
      |          ^~~~~~~~~
      |          vsnprintf
conftest.c:158:10: note: each undeclared identifier is reported only once for each function it appears in
configure:12812: $? = 1
configure: failed program was:
| /* confdefs.h */
| #define PACKAGE_NAME "bash"
| #define PACKAGE_TARNAME "bash"
| #define PACKAGE_VERSION "5.2-release"
| #define PACKAGE_STRING "bash 5.2-release"
| #define PACKAGE_BUGREPORT "bug-bash@gnu.org"
| #define PACKAGE_URL ""
| #define ALIAS 1
| #define PUSHD_AND_POPD 1
| #define RESTRICTED_SHELL 1
| #define PROCESS_SUBSTITUTION 1
| #define PROMPT_STRING_DECODE 1
| #define SELECT_COMMAND 1
| #define HELP_BUILTIN 1
| #define ARRAY_VARS 1
| #define DPAREN_ARITHMETIC 1
| #define BRACE_EXPANSION 1
| #define COMMAND_TIMING 1
| #define EXTENDED_GLOB 1
| #define EXTGLOB_DEFAULT 0
| #define COND_COMMAND 1
| #define COND_REGEXP 1
| #define COPROCESS_SUPPORT 1
| #define ARITH_FOR_COMMAND 1
| #define NETWORK_REDIRECTIONS 1
| #define PROGRAMMABLE_COMPLETION 1
| #define DEBUGGER 1
| #define CASEMOD_ATTRS 1
| #define CASEMOD_EXPANSIONS 1
| #define GLOBASCII_DEFAULT 1
| #define FUNCTION_IMPORT 1
| #define TRANSLATABLE_STRINGS 1
| #define MEMSCRAMBLE 1
| #define HAVE_STDIO_H 1
| #define HAVE_STDLIB_H 1
| #define HAVE_STRING_H 1
| #define HAVE_INTTYPES_H 1
| #define HAVE_STDINT_H 1
| #define HAVE_STRINGS_H 1
| #define HAVE_SYS_STAT_H 1
| #define HAVE_SYS_TYPES_H 1
| #define HAVE_UNISTD_H 1
| #define HAVE_WCHAR_H 1
| #define HAVE_SYS_PARAM_H 1
| #define HAVE_SYS_TIME_H 1
| #define STDC_HEADERS 1
| #define _ALL_SOURCE 1
| #define _DARWIN_C_SOURCE 1
| #define _GNU_SOURCE 1
| #define _HPUX_ALT_XOPEN_SOCKET_API 1
| #define _NETBSD_SOURCE 1
| #define _OPENBSD_SOURCE 1
| #define _POSIX_PTHREAD_SEMANTICS 1
| #define __STDC_WANT_IEC_60559_ATTRIBS_EXT__ 1
| #define __STDC_WANT_IEC_60559_BFP_EXT__ 1
| #define __STDC_WANT_IEC_60559_DFP_EXT__ 1
| #define __STDC_WANT_IEC_60559_FUNCS_EXT__ 1
| #define __STDC_WANT_IEC_60559_TYPES_EXT__ 1
| #define __STDC_WANT_LIB_EXT2__ 1
| #define __STDC_WANT_MATH_SPEC_FUNCS__ 1
| #define _TANDEM_SOURCE 1
| #define __EXTENSIONS__ 1
| #define READLINE 1
| #define HISTORY 1
| #define BANG_HISTORY 1
| #define HAVE_STRINGIZE 1
| #define HAVE_LONG_DOUBLE 1
| #define PROTOTYPES 1
| #define __PROTOTYPES 1
| #define restrict __restrict__
| #define HAVE_VISIBILITY 1
| #define HAVE_STDINT_H_WITH_UINTMAX 1
| #define HAVE_ALLOCA_H 1
| #define HAVE_ALLOCA 1
| #define HAVE_GETPAGESIZE 1
| #define HAVE_SYMLINK 1
| #define HAVE_USELOCALE 1
| #define HAVE_VPRINTF 1
| #define HAVE_ALARM 1
| #define HAVE___FPURGE 1
| #define HAVE_SNPRINTF 1
| #define HAVE_VSNPRINTF 1
| #define HAVE_MMAP 1
| #define INTDIV0_RAISES_SIGFPE 1
| #define HAVE_INTTYPES_H_WITH_UINTMAX 1
| #define HAVE_UNSIGNED_LONG_LONG_INT 1
| #define HAVE_UINTMAX_T 1
| #define HAVE_INTTYPES_H 1
| #define USE_POSIX_THREADS 1
| #define USE_POSIX_THREADS_WEAK 1
| #define HAVE_PTHREAD_RWLOCK 1
| #define HAVE_PTHREAD_MUTEX_RECURSIVE 1
| #define HAVE_ICONV 1
| #define ICONV_CONST 
| #define HAVE_BUILTIN_EXPECT 1
| #define HAVE_ARGZ_H 1
| #define HAVE_INTTYPES_H 1
| #define HAVE_LIMITS_H 1
| #define HAVE_UNISTD_H 1
| #define HAVE_SYS_PARAM_H 1
| #define HAVE_GETCWD 1
| #define HAVE_GETEGID 1
| #define HAVE_GETEUID 1
| #define HAVE_GETGID 1
| #define HAVE_GETUID 1
| #define HAVE_MEMPCPY 1
| #define HAVE_MUNMAP 1
| #define HAVE_STPCPY 1
| #define HAVE_STRCASECMP 1
| #define HAVE_STRDUP 1
| #define HAVE_STRTOUL 1
| #define HAVE_TSEARCH 1
| #define HAVE_ARGZ_COUNT 1
| #define HAVE_ARGZ_STRINGIFY 1
| #define HAVE_ARGZ_NEXT 1
| #define HAVE___FSETLOCKING 1
| #define HAVE_LOCALECONV 1
| #define HAVE_DECL_FEOF_UNLOCKED 1
| #define HAVE_DECL_FGETS_UNLOCKED 1
| #define HAVE_LONG_LONG_INT 1
| #define HAVE_WCHAR_T 1
| #define HAVE_WINT_T 1
| #define HAVE_INTMAX_T 1
| #define HAVE_POSIX_PRINTF 1
| #define HAVE_STDINT_H 1
| #define HAVE_STDINT_H 1
| #define HAVE_WORKING_O_NOATIME 1
| #define HAVE_WORKING_O_NOFOLLOW 1
| #define HAVE_WORKING_USELOCALE 1
| #define FLEXIBLE_ARRAY_MEMBER /**/
| #define HAVE_FEATURES_H 1
| #define HAVE_STDDEF_H 1
| #define HAVE_STDLIB_H 1
| #define HAVE_STRING_H 1
| #define HAVE_ASPRINTF 1
| #define HAVE_FWPRINTF 1
| #define HAVE_NEWLOCALE 1
| #define HAVE_PUTENV 1
| #define HAVE_SETENV 1
| #define HAVE_SETLOCALE 1
| #define HAVE_SNPRINTF 1
| #define HAVE_STRNLEN 1
| #define HAVE_USELOCALE 1
| #define HAVE_WCSLEN 1
| #define HAVE_WCSNLEN 1
| #define HAVE_MBRTOWC 1
| #define HAVE_WCRTOMB 1
| /* end confdefs.h.  */
| #include <stdio.h>
| 
| int
| main (void)
| {
| #ifndef _snprintf
| #ifdef __cplusplus
|   (void) _snprintf;
| #else
|   (void) _snprintf;
| #endif
| #endif
| 
|   ;
|   return 0;
| }
configure:12812: result: no
configure:12821: checking whether _snwprintf is declared
configure:12821: gcc -c -g -O2   conftest.c >&5
conftest.c: In function 'main':
conftest.c:159:10: error: '_snwprintf' undeclared (first use in this function); did you mean 'vsnprintf'?
  159 |   (void) _snwprintf;
      |          ^~~~~~~~~~
      |          vsnprintf
conftest.c:159:10: note: each undeclared identifier is reported only once for each function it appears in
configure:12821: $? = 1
configure: failed program was:
| /* confdefs.h */
| #define PACKAGE_NAME "bash"
| #define PACKAGE_TARNAME "bash"
| #define PACKAGE_VERSION "5.2-release"
| #define PACKAGE_STRING "bash 5.2-release"
| #define PACKAGE_BUGREPORT "bug-bash@gnu.org"
| #define PACKAGE_URL ""
| #define ALIAS 1
| #define PUSHD_AND_POPD 1
| #define RESTRICTED_SHELL 1
| #define PROCESS_SUBSTITUTION 1
| #define PROMPT_STRING_DECODE 1
| #define SELECT_COMMAND 1
| #define HELP_BUILTIN 1
| #define ARRAY_VARS 1
| #define DPAREN_ARITHMETIC 1
| #define BRACE_EXPANSION 1
| #define COMMAND_TIMING 1
| #define EXTENDED_GLOB 1
| #define EXTGLOB_DEFAULT 0
| #define COND_COMMAND 1
| #define COND_REGEXP 1
| #define COPROCESS_SUPPORT 1
| #define ARITH_FOR_COMMAND 1
| #define NETWORK_REDIRECTIONS 1
| #define PROGRAMMABLE_COMPLETION 1
| #define DEBUGGER 1
| #define CASEMOD_ATTRS 1
| #define CASEMOD_EXPANSIONS 1
| #define GLOBASCII_DEFAULT 1
| #define FUNCTION_IMPORT 1
| #define TRANSLATABLE_STRINGS 1
| #define MEMSCRAMBLE 1
| #define HAVE_STDIO_H 1
| #define HAVE_STDLIB_H 1
| #define HAVE_STRING_H 1
| #define HAVE_INTTYPES_H 1
| #define HAVE_STDINT_H 1
| #define HAVE_STRINGS_H 1
| #define HAVE_SYS_STAT_H 1
| #define HAVE_SYS_TYPES_H 1
| #define HAVE_UNISTD_H 1
| #define HAVE_WCHAR_H 1
| #define HAVE_SYS_PARAM_H 1
| #define HAVE_SYS_TIME_H 1
| #define STDC_HEADERS 1
| #define _ALL_SOURCE 1
| #define _DARWIN_C_SOURCE 1
| #define _GNU_SOURCE 1
| #define _HPUX_ALT_XOPEN_SOCKET_API 1
| #define _NETBSD_SOURCE 1
| #define _OPENBSD_SOURCE 1
| #define _POSIX_PTHREAD_SEMANTICS 1
| #define __STDC_WANT_IEC_60559_ATTRIBS_EXT__ 1
| #define __STDC_WANT_IEC_60559_BFP_EXT__ 1
| #define __STDC_WANT_IEC_60559_DFP_EXT__ 1
| #define __STDC_WANT_IEC_60559_FUNCS_EXT__ 1
| #define __STDC_WANT_IEC_60559_TYPES_EXT__ 1
| #define __STDC_WANT_LIB_EXT2__ 1
| #define __STDC_WANT_MATH_SPEC_FUNCS__ 1
| #define _TANDEM_SOURCE 1
| #define __EXTENSIONS__ 1
| #define READLINE 1
| #define HISTORY 1
| #define BANG_HISTORY 1
| #define HAVE_STRINGIZE 1
| #define HAVE_LONG_DOUBLE 1
| #define PROTOTYPES 1
| #define __PROTOTYPES 1
| #define restrict __restrict__
| #define HAVE_VISIBILITY 1
| #define HAVE_STDINT_H_WITH_UINTMAX 1
| #define HAVE_ALLOCA_H 1
| #define HAVE_ALLOCA 1
| #define HAVE_GETPAGESIZE 1
| #define HAVE_SYMLINK 1
| #define HAVE_USELOCALE 1
| #define HAVE_VPRINTF 1
| #define HAVE_ALARM 1
| #define HAVE___FPURGE 1
| #define HAVE_SNPRINTF 1
| #define HAVE_VSNPRINTF 1
| #define HAVE_MMAP 1
| #define INTDIV0_RAISES_SIGFPE 1
| #define HAVE_INTTYPES_H_WITH_UINTMAX 1
| #define HAVE_UNSIGNED_LONG_LONG_INT 1
| #define HAVE_UINTMAX_T 1
| #define HAVE_INTTYPES_H 1
| #define USE_POSIX_THREADS 1
| #define USE_POSIX_THREADS_WEAK 1
| #define HAVE_PTHREAD_RWLOCK 1
| #define HAVE_PTHREAD_MUTEX_RECURSIVE 1
| #define HAVE_ICONV 1
| #define ICONV_CONST 
| #define HAVE_BUILTIN_EXPECT 1
| #define HAVE_ARGZ_H 1
| #define HAVE_INTTYPES_H 1
| #define HAVE_LIMITS_H 1
| #define HAVE_UNISTD_H 1
| #define HAVE_SYS_PARAM_H 1
| #define HAVE_GETCWD 1
| #define HAVE_GETEGID 1
| #define HAVE_GETEUID 1
| #define HAVE_GETGID 1
| #define HAVE_GETUID 1
| #define HAVE_MEMPCPY 1
| #define HAVE_MUNMAP 1
| #define HAVE_STPCPY 1
| #define HAVE_STRCASECMP 1
| #define HAVE_STRDUP 1
| #define HAVE_STRTOUL 1
| #define HAVE_TSEARCH 1
| #define HAVE_ARGZ_COUNT 1
| #define HAVE_ARGZ_STRINGIFY 1
| #define HAVE_ARGZ_NEXT 1
| #define HAVE___FSETLOCKING 1
| #define HAVE_LOCALECONV 1
| #define HAVE_DECL_FEOF_UNLOCKED 1
| #define HAVE_DECL_FGETS_UNLOCKED 1
| #define HAVE_LONG_LONG_INT 1
| #define HAVE_WCHAR_T 1
| #define HAVE_WINT_T 1
| #define HAVE_INTMAX_T 1
| #define HAVE_POSIX_PRINTF 1
| #define HAVE_STDINT_H 1
| #define HAVE_STDINT_H 1
| #define HAVE_WORKING_O_NOATIME 1
| #define HAVE_WORKING_O_NOFOLLOW 1
| #define HAVE_WORKING_USELOCALE 1
| #define FLEXIBLE_ARRAY_MEMBER /**/
| #define HAVE_FEATURES_H 1
| #define HAVE_STDDEF_H 1
| #define HAVE_STDLIB_H 1
| #define HAVE_STRING_H 1
| #define HAVE_ASPRINTF 1
| #define HAVE_FWPRINTF 1
| #define HAVE_NEWLOCALE 1
| #define HAVE_PUTENV 1
| #define HAVE_SETENV 1
| #define HAVE_SETLOCALE 1
| #define HAVE_SNPRINTF 1
| #define HAVE_STRNLEN 1
| #define HAVE_USELOCALE 1
| #define HAVE_WCSLEN 1
| #define HAVE_WCSNLEN 1
| #define HAVE_MBRTOWC 1
| #define HAVE_WCRTOMB 1
| #define HAVE_DECL__SNPRINTF 0
| /* end confdefs.h.  */
| #include <stdio.h>
| 
| int
| main (void)
| {
| #ifndef _snwprintf
| #ifdef __cplusplus
|   (void) _snwprintf;
| #else
|   (void) _snwprintf;
| #endif
| #endif
| 
|   ;
|   return 0;
| }
configure:12821: result: no
configure:12832: checking whether getc_unlocked is declared
configure:12832: gcc -c -g -O2   conftest.c >&5
configure:12832: $? = 0
configure:12832: result: yes
configure:12874: checking for nl_langinfo and CODESET
configure:12891: gcc -o conftest -g -O2   conftest.c  >&5
configure:12891: $? = 0
configure:12901: result: yes
configure:12910: checking for LC_MESSAGES
configure:12927: gcc -o conftest -g -O2   conftest.c  >&5
configure:12927: $? = 0
configure:12936: result: yes
configure:13098: checking for CFPreferencesCopyAppValue
configure:13127: result: no
configure:13134: checking for CFLocaleCopyCurrent
configure:13163: result: no
configure:13170: checking for CFLocaleCopyPreferredLanguages
configure:13199: result: no
configure:13236: checking whether included gettext is requested
configure:13247: result: no
configure:13270: checking for GNU gettext in libc
configure:13300: gcc -o conftest -g -O2   conftest.c  >&5
configure:13300: $? = 0
configure:13310: result: yes
configure:13919: checking whether to use NLS
configure:13921: result: yes
configure:13924: checking where the gettext function comes from
configure:13935: result: libc
configure:14025: checking for dirent.h that defines DIR
configure:14045: gcc -c -g -O2  conftest.c >&5
configure:14045: $? = 0
configure:14054: result: yes
configure:14068: checking for library containing opendir
configure:14098: gcc -o conftest -g -O2   conftest.c  >&5
configure:14098: $? = 0
configure:14118: result: none required
configure:14190: checking for sys/mkdev.h
configure:14190: gcc -c -g -O2  conftest.c >&5
conftest.c:186:10: fatal error: sys/mkdev.h: No such file or directory
  186 | #include <sys/mkdev.h>
      |          ^~~~~~~~~~~~~
compilation terminated.
configure:14190: $? = 1
configure: failed program was:
| /* confdefs.h */
| #define PACKAGE_NAME "bash"
| #define PACKAGE_TARNAME "bash"
| #define PACKAGE_VERSION "5.2-release"
| #define PACKAGE_STRING "bash 5.2-release"
| #define PACKAGE_BUGREPORT "bug-bash@gnu.org"
| #define PACKAGE_URL ""
| #define ALIAS 1
| #define PUSHD_AND_POPD 1
| #define RESTRICTED_SHELL 1
| #define PROCESS_SUBSTITUTION 1
| #define PROMPT_STRING_DECODE 1
| #define SELECT_COMMAND 1
| #define HELP_BUILTIN 1
| #define ARRAY_VARS 1
| #define DPAREN_ARITHMETIC 1
| #define BRACE_EXPANSION 1
| #define COMMAND_TIMING 1
| #define EXTENDED_GLOB 1
| #define EXTGLOB_DEFAULT 0
| #define COND_COMMAND 1
| #define COND_REGEXP 1
| #define COPROCESS_SUPPORT 1
| #define ARITH_FOR_COMMAND 1
| #define NETWORK_REDIRECTIONS 1
| #define PROGRAMMABLE_COMPLETION 1
| #define DEBUGGER 1
| #define CASEMOD_ATTRS 1
| #define CASEMOD_EXPANSIONS 1
| #define GLOBASCII_DEFAULT 1
| #define FUNCTION_IMPORT 1
| #define TRANSLATABLE_STRINGS 1
| #define MEMSCRAMBLE 1
| #define HAVE_STDIO_H 1
| #define HAVE_STDLIB_H 1
| #define HAVE_STRING_H 1
| #define HAVE_INTTYPES_H 1
| #define HAVE_STDINT_H 1
| #define HAVE_STRINGS_H 1
| #define HAVE_SYS_STAT_H 1
| #define HAVE_SYS_TYPES_H 1
| #define HAVE_UNISTD_H 1
| #define HAVE_WCHAR_H 1
| #define HAVE_SYS_PARAM_H 1
| #define HAVE_SYS_TIME_H 1
| #define STDC_HEADERS 1
| #define _ALL_SOURCE 1
| #define _DARWIN_C_SOURCE 1
| #define _GNU_SOURCE 1
| #define _HPUX_ALT_XOPEN_SOCKET_API 1
| #define _NETBSD_SOURCE 1
| #define _OPENBSD_SOURCE 1
| #define _POSIX_PTHREAD_SEMANTICS 1
| #define __STDC_WANT_IEC_60559_ATTRIBS_EXT__ 1
| #define __STDC_WANT_IEC_60559_BFP_EXT__ 1
| #define __STDC_WANT_IEC_60559_DFP_EXT__ 1
| #define __STDC_WANT_IEC_60559_FUNCS_EXT__ 1
| #define __STDC_WANT_IEC_60559_TYPES_EXT__ 1
| #define __STDC_WANT_LIB_EXT2__ 1
| #define __STDC_WANT_MATH_SPEC_FUNCS__ 1
| #define _TANDEM_SOURCE 1
| #define __EXTENSIONS__ 1
| #define READLINE 1
| #define HISTORY 1
| #define BANG_HISTORY 1
| #define HAVE_STRINGIZE 1
| #define HAVE_LONG_DOUBLE 1
| #define PROTOTYPES 1
| #define __PROTOTYPES 1
| #define restrict __restrict__
| #define HAVE_VISIBILITY 1
| #define HAVE_STDINT_H_WITH_UINTMAX 1
| #define HAVE_ALLOCA_H 1
| #define HAVE_ALLOCA 1
| #define HAVE_GETPAGESIZE 1
| #define HAVE_SYMLINK 1
| #define HAVE_USELOCALE 1
| #define HAVE_VPRINTF 1
| #define HAVE_ALARM 1
| #define HAVE___FPURGE 1
| #define HAVE_SNPRINTF 1
| #define HAVE_VSNPRINTF 1
| #define HAVE_MMAP 1
| #define INTDIV0_RAISES_SIGFPE 1
| #define HAVE_INTTYPES_H_WITH_UINTMAX 1
| #define HAVE_UNSIGNED_LONG_LONG_INT 1
| #define HAVE_UINTMAX_T 1
| #define HAVE_INTTYPES_H 1
| #define USE_POSIX_THREADS 1
| #define USE_POSIX_THREADS_WEAK 1
| #define HAVE_PTHREAD_RWLOCK 1
| #define HAVE_PTHREAD_MUTEX_RECURSIVE 1
| #define HAVE_ICONV 1
| #define ICONV_CONST 
| #define HAVE_BUILTIN_EXPECT 1
| #define HAVE_ARGZ_H 1
| #define HAVE_INTTYPES_H 1
| #define HAVE_LIMITS_H 1
| #define HAVE_UNISTD_H 1
| #define HAVE_SYS_PARAM_H 1
| #define HAVE_GETCWD 1
| #define HAVE_GETEGID 1
| #define HAVE_GETEUID 1
| #define HAVE_GETGID 1
| #define HAVE_GETUID 1
| #define HAVE_MEMPCPY 1
| #define HAVE_MUNMAP 1
| #define HAVE_STPCPY 1
| #define HAVE_STRCASECMP 1
| #define HAVE_STRDUP 1
| #define HAVE_STRTOUL 1
| #define HAVE_TSEARCH 1
| #define HAVE_ARGZ_COUNT 1
| #define HAVE_ARGZ_STRINGIFY 1
| #define HAVE_ARGZ_NEXT 1
| #define HAVE___FSETLOCKING 1
| #define HAVE_LOCALECONV 1
| #define HAVE_DECL_FEOF_UNLOCKED 1
| #define HAVE_DECL_FGETS_UNLOCKED 1
| #define HAVE_LONG_LONG_INT 1
| #define HAVE_WCHAR_T 1
| #define HAVE_WINT_T 1
| #define HAVE_INTMAX_T 1
| #define HAVE_POSIX_PRINTF 1
| #define HAVE_STDINT_H 1
| #define HAVE_STDINT_H 1
| #define HAVE_WORKING_O_NOATIME 1
| #define HAVE_WORKING_O_NOFOLLOW 1
| #define HAVE_WORKING_USELOCALE 1
| #define FLEXIBLE_ARRAY_MEMBER /**/
| #define HAVE_FEATURES_H 1
| #define HAVE_STDDEF_H 1
| #define HAVE_STDLIB_H 1
| #define HAVE_STRING_H 1
| #define HAVE_ASPRINTF 1
| #define HAVE_FWPRINTF 1
| #define HAVE_NEWLOCALE 1
| #define HAVE_PUTENV 1
| #define HAVE_SETENV 1
| #define HAVE_SETLOCALE 1
| #define HAVE_SNPRINTF 1
| #define HAVE_STRNLEN 1
| #define HAVE_USELOCALE 1
| #define HAVE_WCSLEN 1
| #define HAVE_WCSNLEN 1
| #define HAVE_MBRTOWC 1
| #define HAVE_WCRTOMB 1
| #define HAVE_DECL__SNPRINTF 0
| #define HAVE_DECL__SNWPRINTF 0
| #define HAVE_DECL_GETC_UNLOCKED 1
| #define HAVE_LANGINFO_CODESET 1
| #define HAVE_LC_MESSAGES 1
| #define ENABLE_NLS 1
| #define HAVE_GETTEXT 1
| #define HAVE_DCGETTEXT 1
| #define HAVE_DIRENT_H 1
| /* end confdefs.h.  */
| #include <stddef.h>
| #ifdef HAVE_STDIO_H
| # include <stdio.h>
| #endif
| #ifdef HAVE_STDLIB_H
| # include <stdlib.h>
| #endif
| #ifdef HAVE_STRING_H
| # include <string.h>
| #endif
| #ifdef HAVE_INTTYPES_H
| # include <inttypes.h>
| #endif
| #ifdef HAVE_STDINT_H
| # include <stdint.h>
| #endif
| #ifdef HAVE_STRINGS_H
| # include <strings.h>
| #endif
| #ifdef HAVE_SYS_TYPES_H
| # include <sys/types.h>
| #endif
| #ifdef HAVE_SYS_STAT_H
| # include <sys/stat.h>
| #endif
| #ifdef HAVE_UNISTD_H
| # include <unistd.h>
| #endif
| #include <sys/mkdev.h>
configure:14190: result: no
configure:14199: checking for sys/sysmacros.h
configure:14199: gcc -c -g -O2  conftest.c >&5
configure:14199: $? = 0
configure:14199: result: yes
configure:14211: checking for inttypes.h
configure:14211: result: yes
configure:14220: checking for unistd.h
configure:14220: result: yes
configure:14226: checking for stdlib.h
configure:14226: result: yes
configure:14232: checking for stdarg.h
configure:14232: gcc -c -g -O2  conftest.c >&5
configure:14232: $? = 0
configure:14232: result: yes
configure:14238: checking for varargs.h
configure:14238: gcc -c -g -O2  conftest.c >&5
In file included from conftest.c:191:
/usr/lib/gcc/x86_64-pc-linux-gnu/15.2.1/include/varargs.h:4:2: error: #error "GCC no longer implements <varargs.h>."
    4 | #error "GCC no longer implements <varargs.h>."
      |  ^~~~~
/usr/lib/gcc/x86_64-pc-linux-gnu/15.2.1/include/varargs.h:5:2: error: #error "Revise your code to use <stdarg.h>."
    5 | #error "Revise your code to use <stdarg.h>."
      |  ^~~~~
configure:14238: $? = 1
configure: failed program was:
| /* confdefs.h */
| #define PACKAGE_NAME "bash"
| #define PACKAGE_TARNAME "bash"
| #define PACKAGE_VERSION "5.2-release"
| #define PACKAGE_STRING "bash 5.2-release"
| #define PACKAGE_BUGREPORT "bug-bash@gnu.org"
| #define PACKAGE_URL ""
| #define ALIAS 1
| #define PUSHD_AND_POPD 1
| #define RESTRICTED_SHELL 1
| #define PROCESS_SUBSTITUTION 1
| #define PROMPT_STRING_DECODE 1
| #define SELECT_COMMAND 1
| #define HELP_BUILTIN 1
| #define ARRAY_VARS 1
| #define DPAREN_ARITHMETIC 1
| #define BRACE_EXPANSION 1
| #define COMMAND_TIMING 1
| #define EXTENDED_GLOB 1
| #define EXTGLOB_DEFAULT 0
| #define COND_COMMAND 1
| #define COND_REGEXP 1
| #define COPROCESS_SUPPORT 1
| #define ARITH_FOR_COMMAND 1
| #define NETWORK_REDIRECTIONS 1
| #define PROGRAMMABLE_COMPLETION 1
| #define DEBUGGER 1
| #define CASEMOD_ATTRS 1
| #define CASEMOD_EXPANSIONS 1
| #define GLOBASCII_DEFAULT 1
| #define FUNCTION_IMPORT 1
| #define TRANSLATABLE_STRINGS 1
| #define MEMSCRAMBLE 1
| #define HAVE_STDIO_H 1
| #define HAVE_STDLIB_H 1
| #define HAVE_STRING_H 1
| #define HAVE_INTTYPES_H 1
| #define HAVE_STDINT_H 1
| #define HAVE_STRINGS_H 1
| #define HAVE_SYS_STAT_H 1
| #define HAVE_SYS_TYPES_H 1
| #define HAVE_UNISTD_H 1
| #define HAVE_WCHAR_H 1
| #define HAVE_SYS_PARAM_H 1
| #define HAVE_SYS_TIME_H 1
| #define STDC_HEADERS 1
| #define _ALL_SOURCE 1
| #define _DARWIN_C_SOURCE 1
| #define _GNU_SOURCE 1
| #define _HPUX_ALT_XOPEN_SOCKET_API 1
| #define _NETBSD_SOURCE 1
| #define _OPENBSD_SOURCE 1
| #define _POSIX_PTHREAD_SEMANTICS 1
| #define __STDC_WANT_IEC_60559_ATTRIBS_EXT__ 1
| #define __STDC_WANT_IEC_60559_BFP_EXT__ 1
| #define __STDC_WANT_IEC_60559_DFP_EXT__ 1
| #define __STDC_WANT_IEC_60559_FUNCS_EXT__ 1
| #define __STDC_WANT_IEC_60559_TYPES_EXT__ 1
| #define __STDC_WANT_LIB_EXT2__ 1
| #define __STDC_WANT_MATH_SPEC_FUNCS__ 1
| #define _TANDEM_SOURCE 1
| #define __EXTENSIONS__ 1
| #define READLINE 1
| #define HISTORY 1
| #define BANG_HISTORY 1
| #define HAVE_STRINGIZE 1
| #define HAVE_LONG_DOUBLE 1
| #define PROTOTYPES 1
| #define __PROTOTYPES 1
| #define restrict __restrict__
| #define HAVE_VISIBILITY 1
| #define HAVE_STDINT_H_WITH_UINTMAX 1
| #define HAVE_ALLOCA_H 1
| #define HAVE_ALLOCA 1
| #define HAVE_GETPAGESIZE 1
| #define HAVE_SYMLINK 1
| #define HAVE_USELOCALE 1
| #define HAVE_VPRINTF 1
| #define HAVE_ALARM 1
| #define HAVE___FPURGE 1
| #define HAVE_SNPRINTF 1
| #define HAVE_VSNPRINTF 1
| #define HAVE_MMAP 1
| #define INTDIV0_RAISES_SIGFPE 1
| #define HAVE_INTTYPES_H_WITH_UINTMAX 1
| #define HAVE_UNSIGNED_LONG_LONG_INT 1
| #define HAVE_UINTMAX_T 1
| #define HAVE_INTTYPES_H 1
| #define USE_POSIX_THREADS 1
| #define USE_POSIX_THREADS_WEAK 1
| #define HAVE_PTHREAD_RWLOCK 1
| #define HAVE_PTHREAD_MUTEX_RECURSIVE 1
| #define HAVE_ICONV 1
| #define ICONV_CONST 
| #define HAVE_BUILTIN_EXPECT 1
| #define HAVE_ARGZ_H 1
| #define HAVE_INTTYPES_H 1
| #define HAVE_LIMITS_H 1
| #define HAVE_UNISTD_H 1
| #define HAVE_SYS_PARAM_H 1
| #define HAVE_GETCWD 1
| #define HAVE_GETEGID 1
| #define HAVE_GETEUID 1
| #define HAVE_GETGID 1
| #define HAVE_GETUID 1
| #define HAVE_MEMPCPY 1
| #define HAVE_MUNMAP 1
| #define HAVE_STPCPY 1
| #define HAVE_STRCASECMP 1
| #define HAVE_STRDUP 1
| #define HAVE_STRTOUL 1
| #define HAVE_TSEARCH 1
| #define HAVE_ARGZ_COUNT 1
| #define HAVE_ARGZ_STRINGIFY 1
| #define HAVE_ARGZ_NEXT 1
| #define HAVE___FSETLOCKING 1
| #define HAVE_LOCALECONV 1
| #define HAVE_DECL_FEOF_UNLOCKED 1
| #define HAVE_DECL_FGETS_UNLOCKED 1
| #define HAVE_LONG_LONG_INT 1
| #define HAVE_WCHAR_T 1
| #define HAVE_WINT_T 1
| #define HAVE_INTMAX_T 1
| #define HAVE_POSIX_PRINTF 1
| #define HAVE_STDINT_H 1
| #define HAVE_STDINT_H 1
| #define HAVE_WORKING_O_NOATIME 1
| #define HAVE_WORKING_O_NOFOLLOW 1
| #define HAVE_WORKING_USELOCALE 1
| #define FLEXIBLE_ARRAY_MEMBER /**/
| #define HAVE_FEATURES_H 1
| #define HAVE_STDDEF_H 1
| #define HAVE_STDLIB_H 1
| #define HAVE_STRING_H 1
| #define HAVE_ASPRINTF 1
| #define HAVE_FWPRINTF 1
| #define HAVE_NEWLOCALE 1
| #define HAVE_PUTENV 1
| #define HAVE_SETENV 1
| #define HAVE_SETLOCALE 1
| #define HAVE_SNPRINTF 1
| #define HAVE_STRNLEN 1
| #define HAVE_USELOCALE 1
| #define HAVE_WCSLEN 1
| #define HAVE_WCSNLEN 1
| #define HAVE_MBRTOWC 1
| #define HAVE_WCRTOMB 1
| #define HAVE_DECL__SNPRINTF 0
| #define HAVE_DECL__SNWPRINTF 0
| #define HAVE_DECL_GETC_UNLOCKED 1
| #define HAVE_LANGINFO_CODESET 1
| #define HAVE_LC_MESSAGES 1
| #define ENABLE_NLS 1
| #define HAVE_GETTEXT 1
| #define HAVE_DCGETTEXT 1
| #define HAVE_DIRENT_H 1
| #define MAJOR_IN_SYSMACROS 1
| #define HAVE_INTTYPES_H 1
| #define HAVE_UNISTD_H 1
| #define HAVE_STDLIB_H 1
| #define HAVE_STDARG_H 1
| /* end confdefs.h.  */
| #include <stddef.h>
| #ifdef HAVE_STDIO_H
| # include <stdio.h>
| #endif
| #ifdef HAVE_STDLIB_H
| # include <stdlib.h>
| #endif
| #ifdef HAVE_STRING_H
| # include <string.h>
| #endif
| #ifdef HAVE_INTTYPES_H
| # include <inttypes.h>
| #endif
| #ifdef HAVE_STDINT_H
| # include <stdint.h>
| #endif
| #ifdef HAVE_STRINGS_H
| # include <strings.h>
| #endif
| #ifdef HAVE_SYS_TYPES_H
| # include <sys/types.h>
| #endif
| #ifdef HAVE_SYS_STAT_H
| # include <sys/stat.h>
| #endif
| #ifdef HAVE_UNISTD_H
| # include <unistd.h>
| #endif
| #include <varargs.h>
configure:14238: result: no
configure:14244: checking for limits.h
configure:14244: result: yes
configure:14250: checking for string.h
configure:14250: result: yes
configure:14256: checking for memory.h
configure:14256: gcc -c -g -O2  conftest.c >&5
configure:14256: $? = 0
configure:14256: result: yes
configure:14262: checking for locale.h
configure:14262: gcc -c -g -O2  conftest.c >&5
configure:14262: $? = 0
configure:14262: result: yes
configure:14268: checking for termcap.h
configure:14268: gcc -c -g -O2  conftest.c >&5
configure:14268: $? = 0
configure:14268: result: yes
configure:14274: checking for termio.h
configure:14274: gcc -c -g -O2  conftest.c >&5
conftest.c:196:10: fatal error: termio.h: No such file or directory
  196 | #include <termio.h>
      |          ^~~~~~~~~~
compilation terminated.
configure:14274: $? = 1
configure: failed program was:
| /* confdefs.h */
| #define PACKAGE_NAME "bash"
| #define PACKAGE_TARNAME "bash"
| #define PACKAGE_VERSION "5.2-release"
| #define PACKAGE_STRING "bash 5.2-release"
| #define PACKAGE_BUGREPORT "bug-bash@gnu.org"
| #define PACKAGE_URL ""
| #define ALIAS 1
| #define PUSHD_AND_POPD 1
| #define RESTRICTED_SHELL 1
| #define PROCESS_SUBSTITUTION 1
| #define PROMPT_STRING_DECODE 1
| #define SELECT_COMMAND 1
| #define HELP_BUILTIN 1
| #define ARRAY_VARS 1
| #define DPAREN_ARITHMETIC 1
| #define BRACE_EXPANSION 1
| #define COMMAND_TIMING 1
| #define EXTENDED_GLOB 1
| #define EXTGLOB_DEFAULT 0
| #define COND_COMMAND 1
| #define COND_REGEXP 1
| #define COPROCESS_SUPPORT 1
| #define ARITH_FOR_COMMAND 1
| #define NETWORK_REDIRECTIONS 1
| #define PROGRAMMABLE_COMPLETION 1
| #define DEBUGGER 1
| #define CASEMOD_ATTRS 1
| #define CASEMOD_EXPANSIONS 1
| #define GLOBASCII_DEFAULT 1
| #define FUNCTION_IMPORT 1
| #define TRANSLATABLE_STRINGS 1
| #define MEMSCRAMBLE 1
| #define HAVE_STDIO_H 1
| #define HAVE_STDLIB_H 1
| #define HAVE_STRING_H 1
| #define HAVE_INTTYPES_H 1
| #define HAVE_STDINT_H 1
| #define HAVE_STRINGS_H 1
| #define HAVE_SYS_STAT_H 1
| #define HAVE_SYS_TYPES_H 1
| #define HAVE_UNISTD_H 1
| #define HAVE_WCHAR_H 1
| #define HAVE_SYS_PARAM_H 1
| #define HAVE_SYS_TIME_H 1
| #define STDC_HEADERS 1
| #define _ALL_SOURCE 1
| #define _DARWIN_C_SOURCE 1
| #define _GNU_SOURCE 1
| #define _HPUX_ALT_XOPEN_SOCKET_API 1
| #define _NETBSD_SOURCE 1
| #define _OPENBSD_SOURCE 1
| #define _POSIX_PTHREAD_SEMANTICS 1
| #define __STDC_WANT_IEC_60559_ATTRIBS_EXT__ 1
| #define __STDC_WANT_IEC_60559_BFP_EXT__ 1
| #define __STDC_WANT_IEC_60559_DFP_EXT__ 1
| #define __STDC_WANT_IEC_60559_FUNCS_EXT__ 1
| #define __STDC_WANT_IEC_60559_TYPES_EXT__ 1
| #define __STDC_WANT_LIB_EXT2__ 1
| #define __STDC_WANT_MATH_SPEC_FUNCS__ 1
| #define _TANDEM_SOURCE 1
| #define __EXTENSIONS__ 1
| #define READLINE 1
| #define HISTORY 1
| #define BANG_HISTORY 1
| #define HAVE_STRINGIZE 1
| #define HAVE_LONG_DOUBLE 1
| #define PROTOTYPES 1
| #define __PROTOTYPES 1
| #define restrict __restrict__
| #define HAVE_VISIBILITY 1
| #define HAVE_STDINT_H_WITH_UINTMAX 1
| #define HAVE_ALLOCA_H 1
| #define HAVE_ALLOCA 1
| #define HAVE_GETPAGESIZE 1
| #define HAVE_SYMLINK 1
| #define HAVE_USELOCALE 1
| #define HAVE_VPRINTF 1
| #define HAVE_ALARM 1
| #define HAVE___FPURGE 1
| #define HAVE_SNPRINTF 1
| #define HAVE_VSNPRINTF 1
| #define HAVE_MMAP 1
| #define INTDIV0_RAISES_SIGFPE 1
| #define HAVE_INTTYPES_H_WITH_UINTMAX 1
| #define HAVE_UNSIGNED_LONG_LONG_INT 1
| #define HAVE_UINTMAX_T 1
| #define HAVE_INTTYPES_H 1
| #define USE_POSIX_THREADS 1
| #define USE_POSIX_THREADS_WEAK 1
| #define HAVE_PTHREAD_RWLOCK 1
| #define HAVE_PTHREAD_MUTEX_RECURSIVE 1
| #define HAVE_ICONV 1
| #define ICONV_CONST 
| #define HAVE_BUILTIN_EXPECT 1
| #define HAVE_ARGZ_H 1
| #define HAVE_INTTYPES_H 1
| #define HAVE_LIMITS_H 1
| #define HAVE_UNISTD_H 1
| #define HAVE_SYS_PARAM_H 1
| #define HAVE_GETCWD 1
| #define HAVE_GETEGID 1
| #define HAVE_GETEUID 1
| #define HAVE_GETGID 1
| #define HAVE_GETUID 1
| #define HAVE_MEMPCPY 1
| #define HAVE_MUNMAP 1
| #define HAVE_STPCPY 1
| #define HAVE_STRCASECMP 1
| #define HAVE_STRDUP 1
| #define HAVE_STRTOUL 1
| #define HAVE_TSEARCH 1
| #define HAVE_ARGZ_COUNT 1
| #define HAVE_ARGZ_STRINGIFY 1
| #define HAVE_ARGZ_NEXT 1
| #define HAVE___FSETLOCKING 1
| #define HAVE_LOCALECONV 1
| #define HAVE_DECL_FEOF_UNLOCKED 1
| #define HAVE_DECL_FGETS_UNLOCKED 1
| #define HAVE_LONG_LONG_INT 1
| #define HAVE_WCHAR_T 1
| #define HAVE_WINT_T 1
| #define HAVE_INTMAX_T 1
| #define HAVE_POSIX_PRINTF 1
| #define HAVE_STDINT_H 1
| #define HAVE_STDINT_H 1
| #define HAVE_WORKING_O_NOATIME 1
| #define HAVE_WORKING_O_NOFOLLOW 1
| #define HAVE_WORKING_USELOCALE 1
| #define FLEXIBLE_ARRAY_MEMBER /**/
| #define HAVE_FEATURES_H 1
| #define HAVE_STDDEF_H 1
| #define HAVE_STDLIB_H 1
| #define HAVE_STRING_H 1
| #define HAVE_ASPRINTF 1
| #define HAVE_FWPRINTF 1
| #define HAVE_NEWLOCALE 1
| #define HAVE_PUTENV 1
| #define HAVE_SETENV 1
| #define HAVE_SETLOCALE 1
| #define HAVE_SNPRINTF 1
| #define HAVE_STRNLEN 1
| #define HAVE_USELOCALE 1
| #define HAVE_WCSLEN 1
| #define HAVE_WCSNLEN 1
| #define HAVE_MBRTOWC 1
| #define HAVE_WCRTOMB 1
| #define HAVE_DECL__SNPRINTF 0
| #define HAVE_DECL__SNWPRINTF 0
| #define HAVE_DECL_GETC_UNLOCKED 1
| #define HAVE_LANGINFO_CODESET 1
| #define HAVE_LC_MESSAGES 1
| #define ENABLE_NLS 1
| #define HAVE_GETTEXT 1
| #define HAVE_DCGETTEXT 1
| #define HAVE_DIRENT_H 1
| #define MAJOR_IN_SYSMACROS 1
| #define HAVE_INTTYPES_H 1
| #define HAVE_UNISTD_H 1
| #define HAVE_STDLIB_H 1
| #define HAVE_STDARG_H 1
| #define HAVE_LIMITS_H 1
| #define HAVE_STRING_H 1
| #define HAVE_MEMORY_H 1
| #define HAVE_LOCALE_H 1
| #define HAVE_TERMCAP_H 1
| /* end confdefs.h.  */
| #include <stddef.h>
| #ifdef HAVE_STDIO_H
| # include <stdio.h>
| #endif
| #ifdef HAVE_STDLIB_H
| # include <stdlib.h>
| #endif
| #ifdef HAVE_STRING_H
| # include <string.h>
| #endif
| #ifdef HAVE_INTTYPES_H
| # include <inttypes.h>
| #endif
| #ifdef HAVE_STDINT_H
| # include <stdint.h>
| #endif
| #ifdef HAVE_STRINGS_H
| # include <strings.h>
| #endif
| #ifdef HAVE_SYS_TYPES_H
| # include <sys/types.h>
| #endif
| #ifdef HAVE_SYS_STAT_H
| # include <sys/stat.h>
| #endif
| #ifdef HAVE_UNISTD_H
| # include <unistd.h>
| #endif
| #include <termio.h>
configure:14274: result: no
configure:14280: checking for termios.h
configure:14280: gcc -c -g -O2  conftest.c >&5
configure:14280: $? = 0
configure:14280: result: yes
configure:14286: checking for dlfcn.h
configure:14286: gcc -c -g -O2  conftest.c >&5
configure:14286: $? = 0
configure:14286: result: yes
configure:14292: checking for stdbool.h
configure:14292: gcc -c -g -O2  conftest.c >&5
configure:14292: $? = 0
configure:14292: result: yes
configure:14298: checking for stddef.h
configure:14298: result: yes
configure:14304: checking for stdint.h
configure:14304: result: yes
configure:14310: checking for netdb.h
configure:14310: gcc -c -g -O2  conftest.c >&5
configure:14310: $? = 0
configure:14310: result: yes
configure:14316: checking for pwd.h
configure:14316: gcc -c -g -O2  conftest.c >&5
configure:14316: $? = 0
configure:14316: result: yes
configure:14322: checking for grp.h
configure:14322: gcc -c -g -O2  conftest.c >&5
configure:14322: $? = 0
configure:14322: result: yes
configure:14328: checking for strings.h
configure:14328: result: yes
configure:14334: checking for regex.h
configure:14334: gcc -c -g -O2  conftest.c >&5
configure:14334: $? = 0
configure:14334: result: yes
configure:14340: checking for syslog.h
configure:14340: gcc -c -g -O2  conftest.c >&5
configure:14340: $? = 0
configure:14340: result: yes
configure:14346: checking for ulimit.h
configure:14346: gcc -c -g -O2  conftest.c >&5
configure:14346: $? = 0
configure:14346: result: yes
configure:14353: checking for sys/pte.h
configure:14353: gcc -c -g -O2  conftest.c >&5
conftest.c:208:10: fatal error: sys/pte.h: No such file or directory
  208 | #include <sys/pte.h>
      |          ^~~~~~~~~~~
compilation terminated.
configure:14353: $? = 1
configure: failed program was:
| /* confdefs.h */
| #define PACKAGE_NAME "bash"
| #define PACKAGE_TARNAME "bash"
| #define PACKAGE_VERSION "5.2-release"
| #define PACKAGE_STRING "bash 5.2-release"
| #define PACKAGE_BUGREPORT "bug-bash@gnu.org"
| #define PACKAGE_URL ""
| #define ALIAS 1
| #define PUSHD_AND_POPD 1
| #define RESTRICTED_SHELL 1
| #define PROCESS_SUBSTITUTION 1
| #define PROMPT_STRING_DECODE 1
| #define SELECT_COMMAND 1
| #define HELP_BUILTIN 1
| #define ARRAY_VARS 1
| #define DPAREN_ARITHMETIC 1
| #define BRACE_EXPANSION 1
| #define COMMAND_TIMING 1
| #define EXTENDED_GLOB 1
| #define EXTGLOB_DEFAULT 0
| #define COND_COMMAND 1
| #define COND_REGEXP 1
| #define COPROCESS_SUPPORT 1
| #define ARITH_FOR_COMMAND 1
| #define NETWORK_REDIRECTIONS 1
| #define PROGRAMMABLE_COMPLETION 1
| #define DEBUGGER 1
| #define CASEMOD_ATTRS 1
| #define CASEMOD_EXPANSIONS 1
| #define GLOBASCII_DEFAULT 1
| #define FUNCTION_IMPORT 1
| #define TRANSLATABLE_STRINGS 1
| #define MEMSCRAMBLE 1
| #define HAVE_STDIO_H 1
| #define HAVE_STDLIB_H 1
| #define HAVE_STRING_H 1
| #define HAVE_INTTYPES_H 1
| #define HAVE_STDINT_H 1
| #define HAVE_STRINGS_H 1
| #define HAVE_SYS_STAT_H 1
| #define HAVE_SYS_TYPES_H 1
| #define HAVE_UNISTD_H 1
| #define HAVE_WCHAR_H 1
| #define HAVE_SYS_PARAM_H 1
| #define HAVE_SYS_TIME_H 1
| #define STDC_HEADERS 1
| #define _ALL_SOURCE 1
| #define _DARWIN_C_SOURCE 1
| #define _GNU_SOURCE 1
| #define _HPUX_ALT_XOPEN_SOCKET_API 1
| #define _NETBSD_SOURCE 1
| #define _OPENBSD_SOURCE 1
| #define _POSIX_PTHREAD_SEMANTICS 1
| #define __STDC_WANT_IEC_60559_ATTRIBS_EXT__ 1
| #define __STDC_WANT_IEC_60559_BFP_EXT__ 1
| #define __STDC_WANT_IEC_60559_DFP_EXT__ 1
| #define __STDC_WANT_IEC_60559_FUNCS_EXT__ 1
| #define __STDC_WANT_IEC_60559_TYPES_EXT__ 1
| #define __STDC_WANT_LIB_EXT2__ 1
| #define __STDC_WANT_MATH_SPEC_FUNCS__ 1
| #define _TANDEM_SOURCE 1
| #define __EXTENSIONS__ 1
| #define READLINE 1
| #define HISTORY 1
| #define BANG_HISTORY 1
| #define HAVE_STRINGIZE 1
| #define HAVE_LONG_DOUBLE 1
| #define PROTOTYPES 1
| #define __PROTOTYPES 1
| #define restrict __restrict__
| #define HAVE_VISIBILITY 1
| #define HAVE_STDINT_H_WITH_UINTMAX 1
| #define HAVE_ALLOCA_H 1
| #define HAVE_ALLOCA 1
| #define HAVE_GETPAGESIZE 1
| #define HAVE_SYMLINK 1
| #define HAVE_USELOCALE 1
| #define HAVE_VPRINTF 1
| #define HAVE_ALARM 1
| #define HAVE___FPURGE 1
| #define HAVE_SNPRINTF 1
| #define HAVE_VSNPRINTF 1
| #define HAVE_MMAP 1
| #define INTDIV0_RAISES_SIGFPE 1
| #define HAVE_INTTYPES_H_WITH_UINTMAX 1
| #define HAVE_UNSIGNED_LONG_LONG_INT 1
| #define HAVE_UINTMAX_T 1
| #define HAVE_INTTYPES_H 1
| #define USE_POSIX_THREADS 1
| #define USE_POSIX_THREADS_WEAK 1
| #define HAVE_PTHREAD_RWLOCK 1
| #define HAVE_PTHREAD_MUTEX_RECURSIVE 1
| #define HAVE_ICONV 1
| #define ICONV_CONST 
| #define HAVE_BUILTIN_EXPECT 1
| #define HAVE_ARGZ_H 1
| #define HAVE_INTTYPES_H 1
| #define HAVE_LIMITS_H 1
| #define HAVE_UNISTD_H 1
| #define HAVE_SYS_PARAM_H 1
| #define HAVE_GETCWD 1
| #define HAVE_GETEGID 1
| #define HAVE_GETEUID 1
| #define HAVE_GETGID 1
| #define HAVE_GETUID 1
| #define HAVE_MEMPCPY 1
| #define HAVE_MUNMAP 1
| #define HAVE_STPCPY 1
| #define HAVE_STRCASECMP 1
| #define HAVE_STRDUP 1
| #define HAVE_STRTOUL 1
| #define HAVE_TSEARCH 1
| #define HAVE_ARGZ_COUNT 1
| #define HAVE_ARGZ_STRINGIFY 1
| #define HAVE_ARGZ_NEXT 1
| #define HAVE___FSETLOCKING 1
| #define HAVE_LOCALECONV 1
| #define HAVE_DECL_FEOF_UNLOCKED 1
| #define HAVE_DECL_FGETS_UNLOCKED 1
| #define HAVE_LONG_LONG_INT 1
| #define HAVE_WCHAR_T 1
| #define HAVE_WINT_T 1
| #define HAVE_INTMAX_T 1
| #define HAVE_POSIX_PRINTF 1
| #define HAVE_STDINT_H 1
| #define HAVE_STDINT_H 1
| #define HAVE_WORKING_O_NOATIME 1
| #define HAVE_WORKING_O_NOFOLLOW 1
| #define HAVE_WORKING_USELOCALE 1
| #define FLEXIBLE_ARRAY_MEMBER /**/
| #define HAVE_FEATURES_H 1
| #define HAVE_STDDEF_H 1
| #define HAVE_STDLIB_H 1
| #define HAVE_STRING_H 1
| #define HAVE_ASPRINTF 1
| #define HAVE_FWPRINTF 1
| #define HAVE_NEWLOCALE 1
| #define HAVE_PUTENV 1
| #define HAVE_SETENV 1
| #define HAVE_SETLOCALE 1
| #define HAVE_SNPRINTF 1
| #define HAVE_STRNLEN 1
| #define HAVE_USELOCALE 1
| #define HAVE_WCSLEN 1
| #define HAVE_WCSNLEN 1
| #define HAVE_MBRTOWC 1
| #define HAVE_WCRTOMB 1
| #define HAVE_DECL__SNPRINTF 0
| #define HAVE_DECL__SNWPRINTF 0
| #define HAVE_DECL_GETC_UNLOCKED 1
| #define HAVE_LANGINFO_CODESET 1
| #define HAVE_LC_MESSAGES 1
| #define ENABLE_NLS 1
| #define HAVE_GETTEXT 1
| #define HAVE_DCGETTEXT 1
| #define HAVE_DIRENT_H 1
| #define MAJOR_IN_SYSMACROS 1
| #define HAVE_INTTYPES_H 1
| #define HAVE_UNISTD_H 1
| #define HAVE_STDLIB_H 1
| #define HAVE_STDARG_H 1
| #define HAVE_LIMITS_H 1
| #define HAVE_STRING_H 1
| #define HAVE_MEMORY_H 1
| #define HAVE_LOCALE_H 1
| #define HAVE_TERMCAP_H 1
| #define HAVE_TERMIOS_H 1
| #define HAVE_DLFCN_H 1
| #define HAVE_STDBOOL_H 1
| #define HAVE_STDDEF_H 1
| #define HAVE_STDINT_H 1
| #define HAVE_NETDB_H 1
| #define HAVE_PWD_H 1
| #define HAVE_GRP_H 1
| #define HAVE_STRINGS_H 1
| #define HAVE_REGEX_H 1
| #define HAVE_SYSLOG_H 1
| #define HAVE_ULIMIT_H 1
| /* end confdefs.h.  */
| #include <stddef.h>
| #ifdef HAVE_STDIO_H
| # include <stdio.h>
| #endif
| #ifdef HAVE_STDLIB_H
| # include <stdlib.h>
| #endif
| #ifdef HAVE_STRING_H
| # include <string.h>
| #endif
| #ifdef HAVE_INTTYPES_H
| # include <inttypes.h>
| #endif
| #ifdef HAVE_STDINT_H
| # include <stdint.h>
| #endif
| #ifdef HAVE_STRINGS_H
| # include <strings.h>
| #endif
| #ifdef HAVE_SYS_TYPES_H
| # include <sys/types.h>
| #endif
| #ifdef HAVE_SYS_STAT_H
| # include <sys/stat.h>
| #endif
| #ifdef HAVE_UNISTD_H
| # include <unistd.h>
| #endif
| #include <sys/pte.h>
configure:14353: result: no
configure:14359: checking for sys/stream.h
configure:14359: gcc -c -g -O2  conftest.c >&5
conftest.c:208:10: fatal error: sys/stream.h: No such file or directory
  208 | #include <sys/stream.h>
      |          ^~~~~~~~~~~~~~
compilation terminated.
configure:14359: $? = 1
configure: failed program was:
| /* confdefs.h */
| #define PACKAGE_NAME "bash"
| #define PACKAGE_TARNAME "bash"
| #define PACKAGE_VERSION "5.2-release"
| #define PACKAGE_STRING "bash 5.2-release"
| #define PACKAGE_BUGREPORT "bug-bash@gnu.org"
| #define PACKAGE_URL ""
| #define ALIAS 1
| #define PUSHD_AND_POPD 1
| #define RESTRICTED_SHELL 1
| #define PROCESS_SUBSTITUTION 1
| #define PROMPT_STRING_DECODE 1
| #define SELECT_COMMAND 1
| #define HELP_BUILTIN 1
| #define ARRAY_VARS 1
| #define DPAREN_ARITHMETIC 1
| #define BRACE_EXPANSION 1
| #define COMMAND_TIMING 1
| #define EXTENDED_GLOB 1
| #define EXTGLOB_DEFAULT 0
| #define COND_COMMAND 1
| #define COND_REGEXP 1
| #define COPROCESS_SUPPORT 1
| #define ARITH_FOR_COMMAND 1
| #define NETWORK_REDIRECTIONS 1
| #define PROGRAMMABLE_COMPLETION 1
| #define DEBUGGER 1
| #define CASEMOD_ATTRS 1
| #define CASEMOD_EXPANSIONS 1
| #define GLOBASCII_DEFAULT 1
| #define FUNCTION_IMPORT 1
| #define TRANSLATABLE_STRINGS 1
| #define MEMSCRAMBLE 1
| #define HAVE_STDIO_H 1
| #define HAVE_STDLIB_H 1
| #define HAVE_STRING_H 1
| #define HAVE_INTTYPES_H 1
| #define HAVE_STDINT_H 1
| #define HAVE_STRINGS_H 1
| #define HAVE_SYS_STAT_H 1
| #define HAVE_SYS_TYPES_H 1
| #define HAVE_UNISTD_H 1
| #define HAVE_WCHAR_H 1
| #define HAVE_SYS_PARAM_H 1
| #define HAVE_SYS_TIME_H 1
| #define STDC_HEADERS 1
| #define _ALL_SOURCE 1
| #define _DARWIN_C_SOURCE 1
| #define _GNU_SOURCE 1
| #define _HPUX_ALT_XOPEN_SOCKET_API 1
| #define _NETBSD_SOURCE 1
| #define _OPENBSD_SOURCE 1
| #define _POSIX_PTHREAD_SEMANTICS 1
| #define __STDC_WANT_IEC_60559_ATTRIBS_EXT__ 1
| #define __STDC_WANT_IEC_60559_BFP_EXT__ 1
| #define __STDC_WANT_IEC_60559_DFP_EXT__ 1
| #define __STDC_WANT_IEC_60559_FUNCS_EXT__ 1
| #define __STDC_WANT_IEC_60559_TYPES_EXT__ 1
| #define __STDC_WANT_LIB_EXT2__ 1
| #define __STDC_WANT_MATH_SPEC_FUNCS__ 1
| #define _TANDEM_SOURCE 1
| #define __EXTENSIONS__ 1
| #define READLINE 1
| #define HISTORY 1
| #define BANG_HISTORY 1
| #define HAVE_STRINGIZE 1
| #define HAVE_LONG_DOUBLE 1
| #define PROTOTYPES 1
| #define __PROTOTYPES 1
| #define restrict __restrict__
| #define HAVE_VISIBILITY 1
| #define HAVE_STDINT_H_WITH_UINTMAX 1
| #define HAVE_ALLOCA_H 1
| #define HAVE_ALLOCA 1
| #define HAVE_GETPAGESIZE 1
| #define HAVE_SYMLINK 1
| #define HAVE_USELOCALE 1
| #define HAVE_VPRINTF 1
| #define HAVE_ALARM 1
| #define HAVE___FPURGE 1
| #define HAVE_SNPRINTF 1
| #define HAVE_VSNPRINTF 1
| #define HAVE_MMAP 1
| #define INTDIV0_RAISES_SIGFPE 1
| #define HAVE_INTTYPES_H_WITH_UINTMAX 1
| #define HAVE_UNSIGNED_LONG_LONG_INT 1
| #define HAVE_UINTMAX_T 1
| #define HAVE_INTTYPES_H 1
| #define USE_POSIX_THREADS 1
| #define USE_POSIX_THREADS_WEAK 1
| #define HAVE_PTHREAD_RWLOCK 1
| #define HAVE_PTHREAD_MUTEX_RECURSIVE 1
| #define HAVE_ICONV 1
| #define ICONV_CONST 
| #define HAVE_BUILTIN_EXPECT 1
| #define HAVE_ARGZ_H 1
| #define HAVE_INTTYPES_H 1
| #define HAVE_LIMITS_H 1
| #define HAVE_UNISTD_H 1
| #define HAVE_SYS_PARAM_H 1
| #define HAVE_GETCWD 1
| #define HAVE_GETEGID 1
| #define HAVE_GETEUID 1
| #define HAVE_GETGID 1
| #define HAVE_GETUID 1
| #define HAVE_MEMPCPY 1
| #define HAVE_MUNMAP 1
| #define HAVE_STPCPY 1
| #define HAVE_STRCASECMP 1
| #define HAVE_STRDUP 1
| #define HAVE_STRTOUL 1
| #define HAVE_TSEARCH 1
| #define HAVE_ARGZ_COUNT 1
| #define HAVE_ARGZ_STRINGIFY 1
| #define HAVE_ARGZ_NEXT 1
| #define HAVE___FSETLOCKING 1
| #define HAVE_LOCALECONV 1
| #define HAVE_DECL_FEOF_UNLOCKED 1
| #define HAVE_DECL_FGETS_UNLOCKED 1
| #define HAVE_LONG_LONG_INT 1
| #define HAVE_WCHAR_T 1
| #define HAVE_WINT_T 1
| #define HAVE_INTMAX_T 1
| #define HAVE_POSIX_PRINTF 1
| #define HAVE_STDINT_H 1
| #define HAVE_STDINT_H 1
| #define HAVE_WORKING_O_NOATIME 1
| #define HAVE_WORKING_O_NOFOLLOW 1
| #define HAVE_WORKING_USELOCALE 1
| #define FLEXIBLE_ARRAY_MEMBER /**/
| #define HAVE_FEATURES_H 1
| #define HAVE_STDDEF_H 1
| #define HAVE_STDLIB_H 1
| #define HAVE_STRING_H 1
| #define HAVE_ASPRINTF 1
| #define HAVE_FWPRINTF 1
| #define HAVE_NEWLOCALE 1
| #define HAVE_PUTENV 1
| #define HAVE_SETENV 1
| #define HAVE_SETLOCALE 1
| #define HAVE_SNPRINTF 1
| #define HAVE_STRNLEN 1
| #define HAVE_USELOCALE 1
| #define HAVE_WCSLEN 1
| #define HAVE_WCSNLEN 1
| #define HAVE_MBRTOWC 1
| #define HAVE_WCRTOMB 1
| #define HAVE_DECL__SNPRINTF 0
| #define HAVE_DECL__SNWPRINTF 0
| #define HAVE_DECL_GETC_UNLOCKED 1
| #define HAVE_LANGINFO_CODESET 1
| #define HAVE_LC_MESSAGES 1
| #define ENABLE_NLS 1
| #define HAVE_GETTEXT 1
| #define HAVE_DCGETTEXT 1
| #define HAVE_DIRENT_H 1
| #define MAJOR_IN_SYSMACROS 1
| #define HAVE_INTTYPES_H 1
| #define HAVE_UNISTD_H 1
| #define HAVE_STDLIB_H 1
| #define HAVE_STDARG_H 1
| #define HAVE_LIMITS_H 1
| #define HAVE_STRING_H 1
| #define HAVE_MEMORY_H 1
| #define HAVE_LOCALE_H 1
| #define HAVE_TERMCAP_H 1
| #define HAVE_TERMIOS_H 1
| #define HAVE_DLFCN_H 1
| #define HAVE_STDBOOL_H 1
| #define HAVE_STDDEF_H 1
| #define HAVE_STDINT_H 1
| #define HAVE_NETDB_H 1
| #define HAVE_PWD_H 1
| #define HAVE_GRP_H 1
| #define HAVE_STRINGS_H 1
| #define HAVE_REGEX_H 1
| #define HAVE_SYSLOG_H 1
| #define HAVE_ULIMIT_H 1
| /* end confdefs.h.  */
| #include <stddef.h>
| #ifdef HAVE_STDIO_H
| # include <stdio.h>
| #endif
| #ifdef HAVE_STDLIB_H
| # include <stdlib.h>
| #endif
| #ifdef HAVE_STRING_H
| # include <string.h>
| #endif
| #ifdef HAVE_INTTYPES_H
| # include <inttypes.h>
| #endif
| #ifdef HAVE_STDINT_H
| # include <stdint.h>
| #endif
| #ifdef HAVE_STRINGS_H
| # include <strings.h>
| #endif
| #ifdef HAVE_SYS_TYPES_H
| # include <sys/types.h>
| #endif
| #ifdef HAVE_SYS_STAT_H
| # include <sys/stat.h>
| #endif
| #ifdef HAVE_UNISTD_H
| # include <unistd.h>
| #endif
| #include <sys/stream.h>
configure:14359: result: no
configure:14365: checking for sys/select.h
configure:14365: gcc -c -g -O2  conftest.c >&5
configure:14365: $? = 0
configure:14365: result: yes
configure:14371: checking for sys/file.h
configure:14371: gcc -c -g -O2  conftest.c >&5
configure:14371: $? = 0
configure:14371: result: yes
configure:14377: checking for sys/ioctl.h
configure:14377: gcc -c -g -O2  conftest.c >&5
configure:14377: $? = 0
configure:14377: result: yes
configure:14383: checking for sys/mman.h
configure:14383: gcc -c -g -O2  conftest.c >&5
configure:14383: $? = 0
configure:14383: result: yes
configure:14389: checking for sys/param.h
configure:14389: result: yes
configure:14395: checking for sys/random.h
configure:14395: gcc -c -g -O2  conftest.c >&5
configure:14395: $? = 0
configure:14395: result: yes
configure:14401: checking for sys/socket.h
configure:14401: gcc -c -g -O2  conftest.c >&5
configure:14401: $? = 0
configure:14401: result: yes
configure:14407: checking for sys/stat.h
configure:14407: result: yes
configure:14413: checking for sys/time.h
configure:14413: result: yes
configure:14419: checking for sys/times.h
configure:14419: gcc -c -g -O2  conftest.c >&5
configure:14419: $? = 0
configure:14419: result: yes
configure:14425: checking for sys/types.h
configure:14425: result: yes
configure:14431: checking for sys/wait.h
configure:14431: gcc -c -g -O2  conftest.c >&5
configure:14431: $? = 0
configure:14431: result: yes
configure:14438: checking for netinet/in.h
configure:14438: gcc -c -g -O2  conftest.c >&5
configure:14438: $? = 0
configure:14438: result: yes
configure:14444: checking for arpa/inet.h
configure:14444: gcc -c -g -O2  conftest.c >&5
configure:14444: $? = 0
configure:14444: result: yes
configure:14452: checking for sys/ptem.h
configure:14452: gcc -c -g -O2  conftest.c >&5
conftest.c:200:10: fatal error: sys/ptem.h: No such file or directory
  200 | #include <sys/ptem.h>
      |          ^~~~~~~~~~~~
compilation terminated.
configure:14452: $? = 1
configure: failed program was:
| /* confdefs.h */
| #define PACKAGE_NAME "bash"
| #define PACKAGE_TARNAME "bash"
| #define PACKAGE_VERSION "5.2-release"
| #define PACKAGE_STRING "bash 5.2-release"
| #define PACKAGE_BUGREPORT "bug-bash@gnu.org"
| #define PACKAGE_URL ""
| #define ALIAS 1
| #define PUSHD_AND_POPD 1
| #define RESTRICTED_SHELL 1
| #define PROCESS_SUBSTITUTION 1
| #define PROMPT_STRING_DECODE 1
| #define SELECT_COMMAND 1
| #define HELP_BUILTIN 1
| #define ARRAY_VARS 1
| #define DPAREN_ARITHMETIC 1
| #define BRACE_EXPANSION 1
| #define COMMAND_TIMING 1
| #define EXTENDED_GLOB 1
| #define EXTGLOB_DEFAULT 0
| #define COND_COMMAND 1
| #define COND_REGEXP 1
| #define COPROCESS_SUPPORT 1
| #define ARITH_FOR_COMMAND 1
| #define NETWORK_REDIRECTIONS 1
| #define PROGRAMMABLE_COMPLETION 1
| #define DEBUGGER 1
| #define CASEMOD_ATTRS 1
| #define CASEMOD_EXPANSIONS 1
| #define GLOBASCII_DEFAULT 1
| #define FUNCTION_IMPORT 1
| #define TRANSLATABLE_STRINGS 1
| #define MEMSCRAMBLE 1
| #define HAVE_STDIO_H 1
| #define HAVE_STDLIB_H 1
| #define HAVE_STRING_H 1
| #define HAVE_INTTYPES_H 1
| #define HAVE_STDINT_H 1
| #define HAVE_STRINGS_H 1
| #define HAVE_SYS_STAT_H 1
| #define HAVE_SYS_TYPES_H 1
| #define HAVE_UNISTD_H 1
| #define HAVE_WCHAR_H 1
| #define HAVE_SYS_PARAM_H 1
| #define HAVE_SYS_TIME_H 1
| #define STDC_HEADERS 1
| #define _ALL_SOURCE 1
| #define _DARWIN_C_SOURCE 1
| #define _GNU_SOURCE 1
| #define _HPUX_ALT_XOPEN_SOCKET_API 1
| #define _NETBSD_SOURCE 1
| #define _OPENBSD_SOURCE 1
| #define _POSIX_PTHREAD_SEMANTICS 1
| #define __STDC_WANT_IEC_60559_ATTRIBS_EXT__ 1
| #define __STDC_WANT_IEC_60559_BFP_EXT__ 1
| #define __STDC_WANT_IEC_60559_DFP_EXT__ 1
| #define __STDC_WANT_IEC_60559_FUNCS_EXT__ 1
| #define __STDC_WANT_IEC_60559_TYPES_EXT__ 1
| #define __STDC_WANT_LIB_EXT2__ 1
| #define __STDC_WANT_MATH_SPEC_FUNCS__ 1
| #define _TANDEM_SOURCE 1
| #define __EXTENSIONS__ 1
| #define READLINE 1
| #define HISTORY 1
| #define BANG_HISTORY 1
| #define HAVE_STRINGIZE 1
| #define HAVE_LONG_DOUBLE 1
| #define PROTOTYPES 1
| #define __PROTOTYPES 1
| #define restrict __restrict__
| #define HAVE_VISIBILITY 1
| #define HAVE_STDINT_H_WITH_UINTMAX 1
| #define HAVE_ALLOCA_H 1
| #define HAVE_ALLOCA 1
| #define HAVE_GETPAGESIZE 1
| #define HAVE_SYMLINK 1
| #define HAVE_USELOCALE 1
| #define HAVE_VPRINTF 1
| #define HAVE_ALARM 1
| #define HAVE___FPURGE 1
| #define HAVE_SNPRINTF 1
| #define HAVE_VSNPRINTF 1
| #define HAVE_MMAP 1
| #define INTDIV0_RAISES_SIGFPE 1
| #define HAVE_INTTYPES_H_WITH_UINTMAX 1
| #define HAVE_UNSIGNED_LONG_LONG_INT 1
| #define HAVE_UINTMAX_T 1
| #define HAVE_INTTYPES_H 1
| #define USE_POSIX_THREADS 1
| #define USE_POSIX_THREADS_WEAK 1
| #define HAVE_PTHREAD_RWLOCK 1
| #define HAVE_PTHREAD_MUTEX_RECURSIVE 1
| #define HAVE_ICONV 1
| #define ICONV_CONST 
| #define HAVE_BUILTIN_EXPECT 1
| #define HAVE_ARGZ_H 1
| #define HAVE_INTTYPES_H 1
| #define HAVE_LIMITS_H 1
| #define HAVE_UNISTD_H 1
| #define HAVE_SYS_PARAM_H 1
| #define HAVE_GETCWD 1
| #define HAVE_GETEGID 1
| #define HAVE_GETEUID 1
| #define HAVE_GETGID 1
| #define HAVE_GETUID 1
| #define HAVE_MEMPCPY 1
| #define HAVE_MUNMAP 1
| #define HAVE_STPCPY 1
| #define HAVE_STRCASECMP 1
| #define HAVE_STRDUP 1
| #define HAVE_STRTOUL 1
| #define HAVE_TSEARCH 1
| #define HAVE_ARGZ_COUNT 1
| #define HAVE_ARGZ_STRINGIFY 1
| #define HAVE_ARGZ_NEXT 1
| #define HAVE___FSETLOCKING 1
| #define HAVE_LOCALECONV 1
| #define HAVE_DECL_FEOF_UNLOCKED 1
| #define HAVE_DECL_FGETS_UNLOCKED 1
| #define HAVE_LONG_LONG_INT 1
| #define HAVE_WCHAR_T 1
| #define HAVE_WINT_T 1
| #define HAVE_INTMAX_T 1
| #define HAVE_POSIX_PRINTF 1
| #define HAVE_STDINT_H 1
| #define HAVE_STDINT_H 1
| #define HAVE_WORKING_O_NOATIME 1
| #define HAVE_WORKING_O_NOFOLLOW 1
| #define HAVE_WORKING_USELOCALE 1
| #define FLEXIBLE_ARRAY_MEMBER /**/
| #define HAVE_FEATURES_H 1
| #define HAVE_STDDEF_H 1
| #define HAVE_STDLIB_H 1
| #define HAVE_STRING_H 1
| #define HAVE_ASPRINTF 1
| #define HAVE_FWPRINTF 1
| #define HAVE_NEWLOCALE 1
| #define HAVE_PUTENV 1
| #define HAVE_SETENV 1
| #define HAVE_SETLOCALE 1
| #define HAVE_SNPRINTF 1
| #define HAVE_STRNLEN 1
| #define HAVE_USELOCALE 1
| #define HAVE_WCSLEN 1
| #define HAVE_WCSNLEN 1
| #define HAVE_MBRTOWC 1
| #define HAVE_WCRTOMB 1
| #define HAVE_DECL__SNPRINTF 0
| #define HAVE_DECL__SNWPRINTF 0
| #define HAVE_DECL_GETC_UNLOCKED 1
| #define HAVE_LANGINFO_CODESET 1
| #define HAVE_LC_MESSAGES 1
| #define ENABLE_NLS 1
| #define HAVE_GETTEXT 1
| #define HAVE_DCGETTEXT 1
| #define HAVE_DIRENT_H 1
| #define MAJOR_IN_SYSMACROS 1
| #define HAVE_INTTYPES_H 1
| #define HAVE_UNISTD_H 1
| #define HAVE_STDLIB_H 1
| #define HAVE_STDARG_H 1
| #define HAVE_LIMITS_H 1
| #define HAVE_STRING_H 1
| #define HAVE_MEMORY_H 1
| #define HAVE_LOCALE_H 1
| #define HAVE_TERMCAP_H 1
| #define HAVE_TERMIOS_H 1
| #define HAVE_DLFCN_H 1
| #define HAVE_STDBOOL_H 1
| #define HAVE_STDDEF_H 1
| #define HAVE_STDINT_H 1
| #define HAVE_NETDB_H 1
| #define HAVE_PWD_H 1
| #define HAVE_GRP_H 1
| #define HAVE_STRINGS_H 1
| #define HAVE_REGEX_H 1
| #define HAVE_SYSLOG_H 1
| #define HAVE_ULIMIT_H 1
| #define HAVE_SYS_SELECT_H 1
| #define HAVE_SYS_FILE_H 1
| #define HAVE_SYS_IOCTL_H 1
| #define HAVE_SYS_MMAN_H 1
| #define HAVE_SYS_PARAM_H 1
| #define HAVE_SYS_RANDOM_H 1
| #define HAVE_SYS_SOCKET_H 1
| #define HAVE_SYS_STAT_H 1
| #define HAVE_SYS_TIME_H 1
| #define HAVE_SYS_TIMES_H 1
| #define HAVE_SYS_TYPES_H 1
| #define HAVE_SYS_WAIT_H 1
| #define HAVE_NETINET_IN_H 1
| #define HAVE_ARPA_INET_H 1
| /* end confdefs.h.  */
| 
| #if HAVE_SYS_STREAM_H
| #  include <sys/stream.h>
| #endif
| 
| 
| #include <sys/ptem.h>
configure:14452: result: no
configure:14464: checking for sys/resource.h
configure:14464: gcc -c -g -O2  conftest.c >&5
configure:14464: $? = 0
configure:14464: result: yes
configure:14479: checking for working alloca.h
configure:14506: result: yes
configure:14514: checking for alloca
configure:14626: checking for uid_t in sys/types.h
configure:14647: result: yes
configure:14658: checking for working chown
configure:14698: gcc -o conftest -g -O2   conftest.c  >&5
configure:14698: $? = 0
configure:14698: ./conftest
configure:14698: $? = 0
configure:14711: result: yes
configure:14719: checking whether getpgrp requires zero arguments
configure:14737: gcc -c -g -O2  conftest.c >&5
conftest.c: In function 'main':
conftest.c:229:1: error: too many arguments to function 'getpgrp'; expected 0, have 1
  229 | getpgrp (0);
      | ^~~~~~~  ~
In file included from conftest.c:224:
/usr/include/unistd.h:656:16: note: declared here
  656 | extern __pid_t getpgrp (void) __THROW;
      |                ^~~~~~~
configure:14737: $? = 1
configure: failed program was:
| /* confdefs.h */
| #define PACKAGE_NAME "bash"
| #define PACKAGE_TARNAME "bash"
| #define PACKAGE_VERSION "5.2-release"
| #define PACKAGE_STRING "bash 5.2-release"
| #define PACKAGE_BUGREPORT "bug-bash@gnu.org"
| #define PACKAGE_URL ""
| #define ALIAS 1
| #define PUSHD_AND_POPD 1
| #define RESTRICTED_SHELL 1
| #define PROCESS_SUBSTITUTION 1
| #define PROMPT_STRING_DECODE 1
| #define SELECT_COMMAND 1
| #define HELP_BUILTIN 1
| #define ARRAY_VARS 1
| #define DPAREN_ARITHMETIC 1
| #define BRACE_EXPANSION 1
| #define COMMAND_TIMING 1
| #define EXTENDED_GLOB 1
| #define EXTGLOB_DEFAULT 0
| #define COND_COMMAND 1
| #define COND_REGEXP 1
| #define COPROCESS_SUPPORT 1
| #define ARITH_FOR_COMMAND 1
| #define NETWORK_REDIRECTIONS 1
| #define PROGRAMMABLE_COMPLETION 1
| #define DEBUGGER 1
| #define CASEMOD_ATTRS 1
| #define CASEMOD_EXPANSIONS 1
| #define GLOBASCII_DEFAULT 1
| #define FUNCTION_IMPORT 1
| #define TRANSLATABLE_STRINGS 1
| #define MEMSCRAMBLE 1
| #define HAVE_STDIO_H 1
| #define HAVE_STDLIB_H 1
| #define HAVE_STRING_H 1
| #define HAVE_INTTYPES_H 1
| #define HAVE_STDINT_H 1
| #define HAVE_STRINGS_H 1
| #define HAVE_SYS_STAT_H 1
| #define HAVE_SYS_TYPES_H 1
| #define HAVE_UNISTD_H 1
| #define HAVE_WCHAR_H 1
| #define HAVE_SYS_PARAM_H 1
| #define HAVE_SYS_TIME_H 1
| #define STDC_HEADERS 1
| #define _ALL_SOURCE 1
| #define _DARWIN_C_SOURCE 1
| #define _GNU_SOURCE 1
| #define _HPUX_ALT_XOPEN_SOCKET_API 1
| #define _NETBSD_SOURCE 1
| #define _OPENBSD_SOURCE 1
| #define _POSIX_PTHREAD_SEMANTICS 1
| #define __STDC_WANT_IEC_60559_ATTRIBS_EXT__ 1
| #define __STDC_WANT_IEC_60559_BFP_EXT__ 1
| #define __STDC_WANT_IEC_60559_DFP_EXT__ 1
| #define __STDC_WANT_IEC_60559_FUNCS_EXT__ 1
| #define __STDC_WANT_IEC_60559_TYPES_EXT__ 1
| #define __STDC_WANT_LIB_EXT2__ 1
| #define __STDC_WANT_MATH_SPEC_FUNCS__ 1
| #define _TANDEM_SOURCE 1
| #define __EXTENSIONS__ 1
| #define READLINE 1
| #define HISTORY 1
| #define BANG_HISTORY 1
| #define HAVE_STRINGIZE 1
| #define HAVE_LONG_DOUBLE 1
| #define PROTOTYPES 1
| #define __PROTOTYPES 1
| #define restrict __restrict__
| #define HAVE_VISIBILITY 1
| #define HAVE_STDINT_H_WITH_UINTMAX 1
| #define HAVE_ALLOCA_H 1
| #define HAVE_ALLOCA 1
| #define HAVE_GETPAGESIZE 1
| #define HAVE_SYMLINK 1
| #define HAVE_USELOCALE 1
| #define HAVE_VPRINTF 1
| #define HAVE_ALARM 1
| #define HAVE___FPURGE 1
| #define HAVE_SNPRINTF 1
| #define HAVE_VSNPRINTF 1
| #define HAVE_MMAP 1
| #define INTDIV0_RAISES_SIGFPE 1
| #define HAVE_INTTYPES_H_WITH_UINTMAX 1
| #define HAVE_UNSIGNED_LONG_LONG_INT 1
| #define HAVE_UINTMAX_T 1
| #define HAVE_INTTYPES_H 1
| #define USE_POSIX_THREADS 1
| #define USE_POSIX_THREADS_WEAK 1
| #define HAVE_PTHREAD_RWLOCK 1
| #define HAVE_PTHREAD_MUTEX_RECURSIVE 1
| #define HAVE_ICONV 1
| #define ICONV_CONST 
| #define HAVE_BUILTIN_EXPECT 1
| #define HAVE_ARGZ_H 1
| #define HAVE_INTTYPES_H 1
| #define HAVE_LIMITS_H 1
| #define HAVE_UNISTD_H 1
| #define HAVE_SYS_PARAM_H 1
| #define HAVE_GETCWD 1
| #define HAVE_GETEGID 1
| #define HAVE_GETEUID 1
| #define HAVE_GETGID 1
| #define HAVE_GETUID 1
| #define HAVE_MEMPCPY 1
| #define HAVE_MUNMAP 1
| #define HAVE_STPCPY 1
| #define HAVE_STRCASECMP 1
| #define HAVE_STRDUP 1
| #define HAVE_STRTOUL 1
| #define HAVE_TSEARCH 1
| #define HAVE_ARGZ_COUNT 1
| #define HAVE_ARGZ_STRINGIFY 1
| #define HAVE_ARGZ_NEXT 1
| #define HAVE___FSETLOCKING 1
| #define HAVE_LOCALECONV 1
| #define HAVE_DECL_FEOF_UNLOCKED 1
| #define HAVE_DECL_FGETS_UNLOCKED 1
| #define HAVE_LONG_LONG_INT 1
| #define HAVE_WCHAR_T 1
| #define HAVE_WINT_T 1
| #define HAVE_INTMAX_T 1
| #define HAVE_POSIX_PRINTF 1
| #define HAVE_STDINT_H 1
| #define HAVE_STDINT_H 1
| #define HAVE_WORKING_O_NOATIME 1
| #define HAVE_WORKING_O_NOFOLLOW 1
| #define HAVE_WORKING_USELOCALE 1
| #define FLEXIBLE_ARRAY_MEMBER /**/
| #define HAVE_FEATURES_H 1
| #define HAVE_STDDEF_H 1
| #define HAVE_STDLIB_H 1
| #define HAVE_STRING_H 1
| #define HAVE_ASPRINTF 1
| #define HAVE_FWPRINTF 1
| #define HAVE_NEWLOCALE 1
| #define HAVE_PUTENV 1
| #define HAVE_SETENV 1
| #define HAVE_SETLOCALE 1
| #define HAVE_SNPRINTF 1
| #define HAVE_STRNLEN 1
| #define HAVE_USELOCALE 1
| #define HAVE_WCSLEN 1
| #define HAVE_WCSNLEN 1
| #define HAVE_MBRTOWC 1
| #define HAVE_WCRTOMB 1
| #define HAVE_DECL__SNPRINTF 0
| #define HAVE_DECL__SNWPRINTF 0
| #define HAVE_DECL_GETC_UNLOCKED 1
| #define HAVE_LANGINFO_CODESET 1
| #define HAVE_LC_MESSAGES 1
| #define ENABLE_NLS 1
| #define HAVE_GETTEXT 1
| #define HAVE_DCGETTEXT 1
| #define HAVE_DIRENT_H 1
| #define MAJOR_IN_SYSMACROS 1
| #define HAVE_INTTYPES_H 1
| #define HAVE_UNISTD_H 1
| #define HAVE_STDLIB_H 1
| #define HAVE_STDARG_H 1
| #define HAVE_LIMITS_H 1
| #define HAVE_STRING_H 1
| #define HAVE_MEMORY_H 1
| #define HAVE_LOCALE_H 1
| #define HAVE_TERMCAP_H 1
| #define HAVE_TERMIOS_H 1
| #define HAVE_DLFCN_H 1
| #define HAVE_STDBOOL_H 1
| #define HAVE_STDDEF_H 1
| #define HAVE_STDINT_H 1
| #define HAVE_NETDB_H 1
| #define HAVE_PWD_H 1
| #define HAVE_GRP_H 1
| #define HAVE_STRINGS_H 1
| #define HAVE_REGEX_H 1
| #define HAVE_SYSLOG_H 1
| #define HAVE_ULIMIT_H 1
| #define HAVE_SYS_SELECT_H 1
| #define HAVE_SYS_FILE_H 1
| #define HAVE_SYS_IOCTL_H 1
| #define HAVE_SYS_MMAN_H 1
| #define HAVE_SYS_PARAM_H 1
| #define HAVE_SYS_RANDOM_H 1
| #define HAVE_SYS_SOCKET_H 1
| #define HAVE_SYS_STAT_H 1
| #define HAVE_SYS_TIME_H 1
| #define HAVE_SYS_TIMES_H 1
| #define HAVE_SYS_TYPES_H 1
| #define HAVE_SYS_WAIT_H 1
| #define HAVE_NETINET_IN_H 1
| #define HAVE_ARPA_INET_H 1
| #define HAVE_SYS_RESOURCE_H 1
| #define HAVE_ALLOCA_H 1
| #define HAVE_ALLOCA 1
| #define HAVE_CHOWN 1
| /* end confdefs.h.  */
| #include <stddef.h>
| #ifdef HAVE_STDIO_H
| # include <stdio.h>
| #endif
| #ifdef HAVE_STDLIB_H
| # include <stdlib.h>
| #endif
| #ifdef HAVE_STRING_H
| # include <string.h>
| #endif
| #ifdef HAVE_INTTYPES_H
| # include <inttypes.h>
| #endif
| #ifdef HAVE_STDINT_H
| # include <stdint.h>
| #endif
| #ifdef HAVE_STRINGS_H
| # include <strings.h>
| #endif
| #ifdef HAVE_SYS_TYPES_H
| # include <sys/types.h>
| #endif
| #ifdef HAVE_SYS_STAT_H
| # include <sys/stat.h>
| #endif
| #ifdef HAVE_UNISTD_H
| # include <unistd.h>
| #endif
| int
| main (void)
| {
| getpgrp (0);
|   ;
|   return 0;
| }
configure:14746: result: yes
configure:14767: checking for working strcoll
configure:14795: gcc -o conftest -g -O2   conftest.c  >&5
configure:14795: $? = 0
configure:14795: ./conftest
configure:14795: $? = 0
configure:14806: result: yes
configure:14858: checking for __setostype
configure:14858: gcc -o conftest -g -O2   conftest.c  >&5
/usr/bin/ld: /tmp/ccfgUbUE.o: in function `main':
/home/rogue/workspace/rogue-linux/cogman/packages/bash/build/conftest.c:227:(.text.startup+0x5): undefined reference to `__setostype'
collect2: error: ld returned 1 exit status
configure:14858: $? = 1
configure: failed program was:
| /* confdefs.h */
| #define PACKAGE_NAME "bash"
| #define PACKAGE_TARNAME "bash"
| #define PACKAGE_VERSION "5.2-release"
| #define PACKAGE_STRING "bash 5.2-release"
| #define PACKAGE_BUGREPORT "bug-bash@gnu.org"
| #define PACKAGE_URL ""
| #define ALIAS 1
| #define PUSHD_AND_POPD 1
| #define RESTRICTED_SHELL 1
| #define PROCESS_SUBSTITUTION 1
| #define PROMPT_STRING_DECODE 1
| #define SELECT_COMMAND 1
| #define HELP_BUILTIN 1
| #define ARRAY_VARS 1
| #define DPAREN_ARITHMETIC 1
| #define BRACE_EXPANSION 1
| #define COMMAND_TIMING 1
| #define EXTENDED_GLOB 1
| #define EXTGLOB_DEFAULT 0
| #define COND_COMMAND 1
| #define COND_REGEXP 1
| #define COPROCESS_SUPPORT 1
| #define ARITH_FOR_COMMAND 1
| #define NETWORK_REDIRECTIONS 1
| #define PROGRAMMABLE_COMPLETION 1
| #define DEBUGGER 1
| #define CASEMOD_ATTRS 1
| #define CASEMOD_EXPANSIONS 1
| #define GLOBASCII_DEFAULT 1
| #define FUNCTION_IMPORT 1
| #define TRANSLATABLE_STRINGS 1
| #define MEMSCRAMBLE 1
| #define HAVE_STDIO_H 1
| #define HAVE_STDLIB_H 1
| #define HAVE_STRING_H 1
| #define HAVE_INTTYPES_H 1
| #define HAVE_STDINT_H 1
| #define HAVE_STRINGS_H 1
| #define HAVE_SYS_STAT_H 1
| #define HAVE_SYS_TYPES_H 1
| #define HAVE_UNISTD_H 1
| #define HAVE_WCHAR_H 1
| #define HAVE_SYS_PARAM_H 1
| #define HAVE_SYS_TIME_H 1
| #define STDC_HEADERS 1
| #define _ALL_SOURCE 1
| #define _DARWIN_C_SOURCE 1
| #define _GNU_SOURCE 1
| #define _HPUX_ALT_XOPEN_SOCKET_API 1
| #define _NETBSD_SOURCE 1
| #define _OPENBSD_SOURCE 1
| #define _POSIX_PTHREAD_SEMANTICS 1
| #define __STDC_WANT_IEC_60559_ATTRIBS_EXT__ 1
| #define __STDC_WANT_IEC_60559_BFP_EXT__ 1
| #define __STDC_WANT_IEC_60559_DFP_EXT__ 1
| #define __STDC_WANT_IEC_60559_FUNCS_EXT__ 1
| #define __STDC_WANT_IEC_60559_TYPES_EXT__ 1
| #define __STDC_WANT_LIB_EXT2__ 1
| #define __STDC_WANT_MATH_SPEC_FUNCS__ 1
| #define _TANDEM_SOURCE 1
| #define __EXTENSIONS__ 1
| #define READLINE 1
| #define HISTORY 1
| #define BANG_HISTORY 1
| #define HAVE_STRINGIZE 1
| #define HAVE_LONG_DOUBLE 1
| #define PROTOTYPES 1
| #define __PROTOTYPES 1
| #define restrict __restrict__
| #define HAVE_VISIBILITY 1
| #define HAVE_STDINT_H_WITH_UINTMAX 1
| #define HAVE_ALLOCA_H 1
| #define HAVE_ALLOCA 1
| #define HAVE_GETPAGESIZE 1
| #define HAVE_SYMLINK 1
| #define HAVE_USELOCALE 1
| #define HAVE_VPRINTF 1
| #define HAVE_ALARM 1
| #define HAVE___FPURGE 1
| #define HAVE_SNPRINTF 1
| #define HAVE_VSNPRINTF 1
| #define HAVE_MMAP 1
| #define INTDIV0_RAISES_SIGFPE 1
| #define HAVE_INTTYPES_H_WITH_UINTMAX 1
| #define HAVE_UNSIGNED_LONG_LONG_INT 1
| #define HAVE_UINTMAX_T 1
| #define HAVE_INTTYPES_H 1
| #define USE_POSIX_THREADS 1
| #define USE_POSIX_THREADS_WEAK 1
| #define HAVE_PTHREAD_RWLOCK 1
| #define HAVE_PTHREAD_MUTEX_RECURSIVE 1
| #define HAVE_ICONV 1
| #define ICONV_CONST 
| #define HAVE_BUILTIN_EXPECT 1
| #define HAVE_ARGZ_H 1
| #define HAVE_INTTYPES_H 1
| #define HAVE_LIMITS_H 1
| #define HAVE_UNISTD_H 1
| #define HAVE_SYS_PARAM_H 1
| #define HAVE_GETCWD 1
| #define HAVE_GETEGID 1
| #define HAVE_GETEUID 1
| #define HAVE_GETGID 1
| #define HAVE_GETUID 1
| #define HAVE_MEMPCPY 1
| #define HAVE_MUNMAP 1
| #define HAVE_STPCPY 1
| #define HAVE_STRCASECMP 1
| #define HAVE_STRDUP 1
| #define HAVE_STRTOUL 1
| #define HAVE_TSEARCH 1
| #define HAVE_ARGZ_COUNT 1
| #define HAVE_ARGZ_STRINGIFY 1
| #define HAVE_ARGZ_NEXT 1
| #define HAVE___FSETLOCKING 1
| #define HAVE_LOCALECONV 1
| #define HAVE_DECL_FEOF_UNLOCKED 1
| #define HAVE_DECL_FGETS_UNLOCKED 1
| #define HAVE_LONG_LONG_INT 1
| #define HAVE_WCHAR_T 1
| #define HAVE_WINT_T 1
| #define HAVE_INTMAX_T 1
| #define HAVE_POSIX_PRINTF 1
| #define HAVE_STDINT_H 1
| #define HAVE_STDINT_H 1
| #define HAVE_WORKING_O_NOATIME 1
| #define HAVE_WORKING_O_NOFOLLOW 1
| #define HAVE_WORKING_USELOCALE 1
| #define FLEXIBLE_ARRAY_MEMBER /**/
| #define HAVE_FEATURES_H 1
| #define HAVE_STDDEF_H 1
| #define HAVE_STDLIB_H 1
| #define HAVE_STRING_H 1
| #define HAVE_ASPRINTF 1
| #define HAVE_FWPRINTF 1
| #define HAVE_NEWLOCALE 1
| #define HAVE_PUTENV 1
| #define HAVE_SETENV 1
| #define HAVE_SETLOCALE 1
| #define HAVE_SNPRINTF 1
| #define HAVE_STRNLEN 1
| #define HAVE_USELOCALE 1
| #define HAVE_WCSLEN 1
| #define HAVE_WCSNLEN 1
| #define HAVE_MBRTOWC 1
| #define HAVE_WCRTOMB 1
| #define HAVE_DECL__SNPRINTF 0
| #define HAVE_DECL__SNWPRINTF 0
| #define HAVE_DECL_GETC_UNLOCKED 1
| #define HAVE_LANGINFO_CODESET 1
| #define HAVE_LC_MESSAGES 1
| #define ENABLE_NLS 1
| #define HAVE_GETTEXT 1
| #define HAVE_DCGETTEXT 1
| #define HAVE_DIRENT_H 1
| #define MAJOR_IN_SYSMACROS 1
| #define HAVE_INTTYPES_H 1
| #define HAVE_UNISTD_H 1
| #define HAVE_STDLIB_H 1
| #define HAVE_STDARG_H 1
| #define HAVE_LIMITS_H 1
| #define HAVE_STRING_H 1
| #define HAVE_MEMORY_H 1
| #define HAVE_LOCALE_H 1
| #define HAVE_TERMCAP_H 1
| #define HAVE_TERMIOS_H 1
| #define HAVE_DLFCN_H 1
| #define HAVE_STDBOOL_H 1
| #define HAVE_STDDEF_H 1
| #define HAVE_STDINT_H 1
| #define HAVE_NETDB_H 1
| #define HAVE_PWD_H 1
| #define HAVE_GRP_H 1
| #define HAVE_STRINGS_H 1
| #define HAVE_REGEX_H 1
| #define HAVE_SYSLOG_H 1
| #define HAVE_ULIMIT_H 1
| #define HAVE_SYS_SELECT_H 1
| #define HAVE_SYS_FILE_H 1
| #define HAVE_SYS_IOCTL_H 1
| #define HAVE_SYS_MMAN_H 1
| #define HAVE_SYS_PARAM_H 1
| #define HAVE_SYS_RANDOM_H 1
| #define HAVE_SYS_SOCKET_H 1
| #define HAVE_SYS_STAT_H 1
| #define HAVE_SYS_TIME_H 1
| #define HAVE_SYS_TIMES_H 1
| #define HAVE_SYS_TYPES_H 1
| #define HAVE_SYS_WAIT_H 1
| #define HAVE_NETINET_IN_H 1
| #define HAVE_ARPA_INET_H 1
| #define HAVE_SYS_RESOURCE_H 1
| #define HAVE_ALLOCA_H 1
| #define HAVE_ALLOCA 1
| #define HAVE_CHOWN 1
| #define GETPGRP_VOID 1
| #define HAVE_STRCOLL 1
| /* end confdefs.h.  */
| /* Define __setostype to an innocuous variant, in case <limits.h> declares __setostype.
|    For example, HP-UX 11i <limits.h> declares gettimeofday.  */
| #define __setostype innocuous___setostype
| 
| /* System header to define __stub macros and hopefully few prototypes,
|    which can conflict with char __setostype (); below.  */
| 
| #include <limits.h>
| #undef __setostype
| 
| /* Override any GCC internal prototype to avoid an error.
|    Use char because int might match the return type of a GCC
|    builtin and then its argument prototype would still apply.  */
| #ifdef __cplusplus
| extern "C"
| #endif
| char __setostype ();
| /* The GNU C library defines this for functions which it implements
|     to always fail with ENOSYS.  Some functions are actually named
|     something starting with __ and the normal name is an alias.  */
| #if defined __stub___setostype || defined __stub_____setostype
| choke me
| #endif
| 
| int
| main (void)
| {
| return __setostype ();
|   ;
|   return 0;
| }
configure:14858: result: no
configure:14865: checking for wait3
configure:14865: gcc -o conftest -g -O2   conftest.c  >&5
configure:14865: $? = 0
configure:14865: result: yes
configure:14873: checking for mkfifo
configure:14873: gcc -o conftest -g -O2   conftest.c  >&5
configure:14873: $? = 0
configure:14873: result: yes
configure:14884: checking for dup2
configure:14884: gcc -o conftest -g -O2   conftest.c  >&5
configure:14884: $? = 0
configure:14884: result: yes
configure:14890: checking for eaccess
configure:14890: gcc -o conftest -g -O2   conftest.c  >&5
configure:14890: $? = 0
configure:14890: result: yes
configure:14896: checking for fcntl
configure:14896: gcc -o conftest -g -O2   conftest.c  >&5
configure:14896: $? = 0
configure:14896: result: yes
configure:14902: checking for getdtablesize
configure:14902: gcc -o conftest -g -O2   conftest.c  >&5
configure:14902: $? = 0
configure:14902: result: yes
configure:14908: checking for getentropy
configure:14908: gcc -o conftest -g -O2   conftest.c  >&5
configure:14908: $? = 0
configure:14908: result: yes
configure:14914: checking for getgroups
configure:14914: gcc -o conftest -g -O2   conftest.c  >&5
configure:14914: $? = 0
configure:14914: result: yes
configure:14920: checking for gethostname
configure:14920: gcc -o conftest -g -O2   conftest.c  >&5
configure:14920: $? = 0
configure:14920: result: yes
configure:14926: checking for getpagesize
configure:14926: result: yes
configure:14932: checking for getpeername
configure:14932: gcc -o conftest -g -O2   conftest.c  >&5
configure:14932: $? = 0
configure:14932: result: yes
configure:14938: checking for getrandom
configure:14938: gcc -o conftest -g -O2   conftest.c  >&5
configure:14938: $? = 0
configure:14938: result: yes
configure:14944: checking for getrlimit
configure:14944: gcc -o conftest -g -O2   conftest.c  >&5
configure:14944: $? = 0
configure:14944: result: yes
configure:14950: checking for getrusage
configure:14950: gcc -o conftest -g -O2   conftest.c  >&5
configure:14950: $? = 0
configure:14950: result: yes
configure:14956: checking for gettimeofday
configure:14956: gcc -o conftest -g -O2   conftest.c  >&5
configure:14956: $? = 0
configure:14956: result: yes
configure:14962: checking for kill
configure:14962: gcc -o conftest -g -O2   conftest.c  >&5
configure:14962: $? = 0
configure:14962: result: yes
configure:14968: checking for killpg
configure:14968: gcc -o conftest -g -O2   conftest.c  >&5
configure:14968: $? = 0
configure:14968: result: yes
configure:14974: checking for lstat
configure:14974: gcc -o conftest -g -O2   conftest.c  >&5
configure:14974: $? = 0
configure:14974: result: yes
configure:14980: checking for pselect
configure:14980: gcc -o conftest -g -O2   conftest.c  >&5
configure:14980: $? = 0
configure:14980: result: yes
configure:14986: checking for readlink
configure:14986: gcc -o conftest -g -O2   conftest.c  >&5
configure:14986: $? = 0
configure:14986: result: yes
configure:14992: checking for select
configure:14992: gcc -o conftest -g -O2   conftest.c  >&5
configure:14992: $? = 0
configure:14992: result: yes
configure:14998: checking for setdtablesize
configure:14998: gcc -o conftest -g -O2   conftest.c  >&5
/usr/bin/ld: /tmp/ccIdYf8Z.o: in function `main':
/home/rogue/workspace/rogue-linux/cogman/packages/bash/build/conftest.c:248:(.text.startup+0x5): undefined reference to `setdtablesize'
collect2: error: ld returned 1 exit status
configure:14998: $? = 1
configure: failed program was:
| /* confdefs.h */
| #define PACKAGE_NAME "bash"
| #define PACKAGE_TARNAME "bash"
| #define PACKAGE_VERSION "5.2-release"
| #define PACKAGE_STRING "bash 5.2-release"
| #define PACKAGE_BUGREPORT "bug-bash@gnu.org"
| #define PACKAGE_URL ""
| #define ALIAS 1
| #define PUSHD_AND_POPD 1
| #define RESTRICTED_SHELL 1
| #define PROCESS_SUBSTITUTION 1
| #define PROMPT_STRING_DECODE 1
| #define SELECT_COMMAND 1
| #define HELP_BUILTIN 1
| #define ARRAY_VARS 1
| #define DPAREN_ARITHMETIC 1
| #define BRACE_EXPANSION 1
| #define COMMAND_TIMING 1
| #define EXTENDED_GLOB 1
| #define EXTGLOB_DEFAULT 0
| #define COND_COMMAND 1
| #define COND_REGEXP 1
| #define COPROCESS_SUPPORT 1
| #define ARITH_FOR_COMMAND 1
| #define NETWORK_REDIRECTIONS 1
| #define PROGRAMMABLE_COMPLETION 1
| #define DEBUGGER 1
| #define CASEMOD_ATTRS 1
| #define CASEMOD_EXPANSIONS 1
| #define GLOBASCII_DEFAULT 1
| #define FUNCTION_IMPORT 1
| #define TRANSLATABLE_STRINGS 1
| #define MEMSCRAMBLE 1
| #define HAVE_STDIO_H 1
| #define HAVE_STDLIB_H 1
| #define HAVE_STRING_H 1
| #define HAVE_INTTYPES_H 1
| #define HAVE_STDINT_H 1
| #define HAVE_STRINGS_H 1
| #define HAVE_SYS_STAT_H 1
| #define HAVE_SYS_TYPES_H 1
| #define HAVE_UNISTD_H 1
| #define HAVE_WCHAR_H 1
| #define HAVE_SYS_PARAM_H 1
| #define HAVE_SYS_TIME_H 1
| #define STDC_HEADERS 1
| #define _ALL_SOURCE 1
| #define _DARWIN_C_SOURCE 1
| #define _GNU_SOURCE 1
| #define _HPUX_ALT_XOPEN_SOCKET_API 1
| #define _NETBSD_SOURCE 1
| #define _OPENBSD_SOURCE 1
| #define _POSIX_PTHREAD_SEMANTICS 1
| #define __STDC_WANT_IEC_60559_ATTRIBS_EXT__ 1
| #define __STDC_WANT_IEC_60559_BFP_EXT__ 1
| #define __STDC_WANT_IEC_60559_DFP_EXT__ 1
| #define __STDC_WANT_IEC_60559_FUNCS_EXT__ 1
| #define __STDC_WANT_IEC_60559_TYPES_EXT__ 1
| #define __STDC_WANT_LIB_EXT2__ 1
| #define __STDC_WANT_MATH_SPEC_FUNCS__ 1
| #define _TANDEM_SOURCE 1
| #define __EXTENSIONS__ 1
| #define READLINE 1
| #define HISTORY 1
| #define BANG_HISTORY 1
| #define HAVE_STRINGIZE 1
| #define HAVE_LONG_DOUBLE 1
| #define PROTOTYPES 1
| #define __PROTOTYPES 1
| #define restrict __restrict__
| #define HAVE_VISIBILITY 1
| #define HAVE_STDINT_H_WITH_UINTMAX 1
| #define HAVE_ALLOCA_H 1
| #define HAVE_ALLOCA 1
| #define HAVE_GETPAGESIZE 1
| #define HAVE_SYMLINK 1
| #define HAVE_USELOCALE 1
| #define HAVE_VPRINTF 1
| #define HAVE_ALARM 1
| #define HAVE___FPURGE 1
| #define HAVE_SNPRINTF 1
| #define HAVE_VSNPRINTF 1
| #define HAVE_MMAP 1
| #define INTDIV0_RAISES_SIGFPE 1
| #define HAVE_INTTYPES_H_WITH_UINTMAX 1
| #define HAVE_UNSIGNED_LONG_LONG_INT 1
| #define HAVE_UINTMAX_T 1
| #define HAVE_INTTYPES_H 1
| #define USE_POSIX_THREADS 1
| #define USE_POSIX_THREADS_WEAK 1
| #define HAVE_PTHREAD_RWLOCK 1
| #define HAVE_PTHREAD_MUTEX_RECURSIVE 1
| #define HAVE_ICONV 1
| #define ICONV_CONST 
| #define HAVE_BUILTIN_EXPECT 1
| #define HAVE_ARGZ_H 1
| #define HAVE_INTTYPES_H 1
| #define HAVE_LIMITS_H 1
| #define HAVE_UNISTD_H 1
| #define HAVE_SYS_PARAM_H 1
| #define HAVE_GETCWD 1
| #define HAVE_GETEGID 1
| #define HAVE_GETEUID 1
| #define HAVE_GETGID 1
| #define HAVE_GETUID 1
| #define HAVE_MEMPCPY 1
| #define HAVE_MUNMAP 1
| #define HAVE_STPCPY 1
| #define HAVE_STRCASECMP 1
| #define HAVE_STRDUP 1
| #define HAVE_STRTOUL 1
| #define HAVE_TSEARCH 1
| #define HAVE_ARGZ_COUNT 1
| #define HAVE_ARGZ_STRINGIFY 1
| #define HAVE_ARGZ_NEXT 1
| #define HAVE___FSETLOCKING 1
| #define HAVE_LOCALECONV 1
| #define HAVE_DECL_FEOF_UNLOCKED 1
| #define HAVE_DECL_FGETS_UNLOCKED 1
| #define HAVE_LONG_LONG_INT 1
| #define HAVE_WCHAR_T 1
| #define HAVE_WINT_T 1
| #define HAVE_INTMAX_T 1
| #define HAVE_POSIX_PRINTF 1
| #define HAVE_STDINT_H 1
| #define HAVE_STDINT_H 1
| #define HAVE_WORKING_O_NOATIME 1
| #define HAVE_WORKING_O_NOFOLLOW 1
| #define HAVE_WORKING_USELOCALE 1
| #define FLEXIBLE_ARRAY_MEMBER /**/
| #define HAVE_FEATURES_H 1
| #define HAVE_STDDEF_H 1
| #define HAVE_STDLIB_H 1
| #define HAVE_STRING_H 1
| #define HAVE_ASPRINTF 1
| #define HAVE_FWPRINTF 1
| #define HAVE_NEWLOCALE 1
| #define HAVE_PUTENV 1
| #define HAVE_SETENV 1
| #define HAVE_SETLOCALE 1
| #define HAVE_SNPRINTF 1
| #define HAVE_STRNLEN 1
| #define HAVE_USELOCALE 1
| #define HAVE_WCSLEN 1
| #define HAVE_WCSNLEN 1
| #define HAVE_MBRTOWC 1
| #define HAVE_WCRTOMB 1
| #define HAVE_DECL__SNPRINTF 0
| #define HAVE_DECL__SNWPRINTF 0
| #define HAVE_DECL_GETC_UNLOCKED 1
| #define HAVE_LANGINFO_CODESET 1
| #define HAVE_LC_MESSAGES 1
| #define ENABLE_NLS 1
| #define HAVE_GETTEXT 1
| #define HAVE_DCGETTEXT 1
| #define HAVE_DIRENT_H 1
| #define MAJOR_IN_SYSMACROS 1
| #define HAVE_INTTYPES_H 1
| #define HAVE_UNISTD_H 1
| #define HAVE_STDLIB_H 1
| #define HAVE_STDARG_H 1
| #define HAVE_LIMITS_H 1
| #define HAVE_STRING_H 1
| #define HAVE_MEMORY_H 1
| #define HAVE_LOCALE_H 1
| #define HAVE_TERMCAP_H 1
| #define HAVE_TERMIOS_H 1
| #define HAVE_DLFCN_H 1
| #define HAVE_STDBOOL_H 1
| #define HAVE_STDDEF_H 1
| #define HAVE_STDINT_H 1
| #define HAVE_NETDB_H 1
| #define HAVE_PWD_H 1
| #define HAVE_GRP_H 1
| #define HAVE_STRINGS_H 1
| #define HAVE_REGEX_H 1
| #define HAVE_SYSLOG_H 1
| #define HAVE_ULIMIT_H 1
| #define HAVE_SYS_SELECT_H 1
| #define HAVE_SYS_FILE_H 1
| #define HAVE_SYS_IOCTL_H 1
| #define HAVE_SYS_MMAN_H 1
| #define HAVE_SYS_PARAM_H 1
| #define HAVE_SYS_RANDOM_H 1
| #define HAVE_SYS_SOCKET_H 1
| #define HAVE_SYS_STAT_H 1
| #define HAVE_SYS_TIME_H 1
| #define HAVE_SYS_TIMES_H 1
| #define HAVE_SYS_TYPES_H 1
| #define HAVE_SYS_WAIT_H 1
| #define HAVE_NETINET_IN_H 1
| #define HAVE_ARPA_INET_H 1
| #define HAVE_SYS_RESOURCE_H 1
| #define HAVE_ALLOCA_H 1
| #define HAVE_ALLOCA 1
| #define HAVE_CHOWN 1
| #define GETPGRP_VOID 1
| #define HAVE_STRCOLL 1
| #define HAVE_WAIT3 1
| #define HAVE_MKFIFO 1
| #define HAVE_DUP2 1
| #define HAVE_EACCESS 1
| #define HAVE_FCNTL 1
| #define HAVE_GETDTABLESIZE 1
| #define HAVE_GETENTROPY 1
| #define HAVE_GETGROUPS 1
| #define HAVE_GETHOSTNAME 1
| #define HAVE_GETPAGESIZE 1
| #define HAVE_GETPEERNAME 1
| #define HAVE_GETRANDOM 1
| #define HAVE_GETRLIMIT 1
| #define HAVE_GETRUSAGE 1
| #define HAVE_GETTIMEOFDAY 1
| #define HAVE_KILL 1
| #define HAVE_KILLPG 1
| #define HAVE_LSTAT 1
| #define HAVE_PSELECT 1
| #define HAVE_READLINK 1
| #define HAVE_SELECT 1
| /* end confdefs.h.  */
| /* Define setdtablesize to an innocuous variant, in case <limits.h> declares setdtablesize.
|    For example, HP-UX 11i <limits.h> declares gettimeofday.  */
| #define setdtablesize innocuous_setdtablesize
| 
| /* System header to define __stub macros and hopefully few prototypes,
|    which can conflict with char setdtablesize (); below.  */
| 
| #include <limits.h>
| #undef setdtablesize
| 
| /* Override any GCC internal prototype to avoid an error.
|    Use char because int might match the return type of a GCC
|    builtin and then its argument prototype would still apply.  */
| #ifdef __cplusplus
| extern "C"
| #endif
| char setdtablesize ();
| /* The GNU C library defines this for functions which it implements
|     to always fail with ENOSYS.  Some functions are actually named
|     something starting with __ and the normal name is an alias.  */
| #if defined __stub_setdtablesize || defined __stub___setdtablesize
| choke me
| #endif
| 
| int
| main (void)
| {
| return setdtablesize ();
|   ;
|   return 0;
| }
configure:14998: result: no
configure:15004: checking for setitimer
configure:15004: gcc -o conftest -g -O2   conftest.c  >&5
configure:15004: $? = 0
configure:15004: result: yes
configure:15010: checking for tcgetpgrp
configure:15010: gcc -o conftest -g -O2   conftest.c  >&5
configure:15010: $? = 0
configure:15010: result: yes
configure:15016: checking for uname
configure:15016: gcc -o conftest -g -O2   conftest.c  >&5
configure:15016: $? = 0
configure:15016: result: yes
configure:15022: checking for ulimit
configure:15022: gcc -o conftest -g -O2   conftest.c  >&5
configure:15022: $? = 0
configure:15022: result: yes
configure:15028: checking for waitpid
configure:15028: gcc -o conftest -g -O2   conftest.c  >&5
configure:15028: $? = 0
configure:15028: result: yes
configure:15035: checking for rename
configure:15035: gcc -o conftest -g -O2   conftest.c  >&5
configure:15035: $? = 0
configure:15035: result: yes
configure:15050: checking for bcopy
configure:15050: gcc -o conftest -g -O2   conftest.c  >&5
conftest.c:243:6: warning: conflicting types for built-in function 'bcopy'; expected 'void(const void *, void *, long unsigned int)' [-Wbuiltin-declaration-mismatch]
  243 | char bcopy ();
      |      ^~~~~
configure:15050: $? = 0
configure:15050: result: yes
configure:15056: checking for bzero
configure:15056: gcc -o conftest -g -O2   conftest.c  >&5
conftest.c:244:6: warning: conflicting types for built-in function 'bzero'; expected 'void(void *, long unsigned int)' [-Wbuiltin-declaration-mismatch]
  244 | char bzero ();
      |      ^~~~~
configure:15056: $? = 0
configure:15056: result: yes
configure:15062: checking for confstr
configure:15062: gcc -o conftest -g -O2   conftest.c  >&5
configure:15062: $? = 0
configure:15062: result: yes
configure:15068: checking for faccessat
configure:15068: gcc -o conftest -g -O2   conftest.c  >&5
configure:15068: $? = 0
configure:15068: result: yes
configure:15074: checking for fnmatch
configure:15074: gcc -o conftest -g -O2   conftest.c  >&5
configure:15074: $? = 0
configure:15074: result: yes
configure:15080: checking for getaddrinfo
configure:15080: gcc -o conftest -g -O2   conftest.c  >&5
configure:15080: $? = 0
configure:15080: result: yes
configure:15086: checking for gethostbyname
configure:15086: gcc -o conftest -g -O2   conftest.c  >&5
configure:15086: $? = 0
configure:15086: result: yes
configure:15092: checking for getservbyname
configure:15092: gcc -o conftest -g -O2   conftest.c  >&5
configure:15092: $? = 0
configure:15092: result: yes
configure:15098: checking for getservent
configure:15098: gcc -o conftest -g -O2   conftest.c  >&5
configure:15098: $? = 0
configure:15098: result: yes
configure:15104: checking for inet_aton
configure:15104: gcc -o conftest -g -O2   conftest.c  >&5
configure:15104: $? = 0
configure:15104: result: yes
configure:15110: checking for imaxdiv
configure:15110: gcc -o conftest -g -O2   conftest.c  >&5
configure:15110: $? = 0
configure:15110: result: yes
configure:15116: checking for memmove
configure:15116: gcc -o conftest -g -O2   conftest.c  >&5
conftest.c:254:6: warning: conflicting types for built-in function 'memmove'; expected 'void *(void *, const void *, long unsigned int)' [-Wbuiltin-declaration-mismatch]
  254 | char memmove ();
      |      ^~~~~~~
conftest.c:246:1: note: 'memmove' is declared in header '<string.h>'
  245 | #include <limits.h>
  246 | #undef memmove
configure:15116: $? = 0
configure:15116: result: yes
configure:15122: checking for pathconf
configure:15122: gcc -o conftest -g -O2   conftest.c  >&5

## ---------------- ##
## Cache variables. ##
## ---------------- ##

ac_cv_build=x86_64-pc-linux-gnu
ac_cv_c_bigendian=no
ac_cv_c_char_unsigned=no
ac_cv_c_compiler_gnu=yes
ac_cv_c_const=yes
ac_cv_c_flexmember=yes
ac_cv_c_inline=inline
ac_cv_c_restrict=__restrict__
ac_cv_c_stringize=yes
ac_cv_c_undeclared_builtin_options='none needed'
ac_cv_c_volatile=yes
ac_cv_env_CC_FOR_BUILD_set=
ac_cv_env_CC_FOR_BUILD_value=
ac_cv_env_CC_set=
ac_cv_env_CC_value=
ac_cv_env_CFLAGS_FOR_BUILD_set=
ac_cv_env_CFLAGS_FOR_BUILD_value=
ac_cv_env_CFLAGS_set=
ac_cv_env_CFLAGS_value=
ac_cv_env_CPPFLAGS_FOR_BUILD_set=
ac_cv_env_CPPFLAGS_FOR_BUILD_value=
ac_cv_env_CPPFLAGS_set=
ac_cv_env_CPPFLAGS_value=
ac_cv_env_CPP_set=
ac_cv_env_CPP_value=
ac_cv_env_DEBUGGER_START_FILE_set=
ac_cv_env_DEBUGGER_START_FILE_value=
ac_cv_env_LDFLAGS_FOR_BUILD_set=
ac_cv_env_LDFLAGS_FOR_BUILD_value=
ac_cv_env_LDFLAGS_set=
ac_cv_env_LDFLAGS_value=
ac_cv_env_LIBS_set=
ac_cv_env_LIBS_value=
ac_cv_env_YACC_set=
ac_cv_env_YACC_value=
ac_cv_env_YFLAGS_set=
ac_cv_env_YFLAGS_value=
ac_cv_env_build_alias_set=
ac_cv_env_build_alias_value=
ac_cv_env_host_alias_set=
ac_cv_env_host_alias_value=
ac_cv_env_target_alias_set=
ac_cv_env_target_alias_value=
ac_cv_func___fpurge=yes
ac_cv_func___fsetlocking=yes
ac_cv_func___setostype=no
ac_cv_func_alarm=yes
ac_cv_func_alloca_works=yes
ac_cv_func_argz_count=yes
ac_cv_func_argz_next=yes
ac_cv_func_argz_stringify=yes
ac_cv_func_asprintf=yes
ac_cv_func_bcopy=yes
ac_cv_func_bzero=yes
ac_cv_func_chown_works=yes
ac_cv_func_confstr=yes
ac_cv_func_dup2=yes
ac_cv_func_eaccess=yes
ac_cv_func_faccessat=yes
ac_cv_func_fcntl=yes
ac_cv_func_fnmatch=yes
ac_cv_func_fpurge=no
ac_cv_func_fwprintf=yes
ac_cv_func_getaddrinfo=yes
ac_cv_func_getcwd=yes
ac_cv_func_getdtablesize=yes
ac_cv_func_getegid=yes
ac_cv_func_getentropy=yes
ac_cv_func_geteuid=yes
ac_cv_func_getgid=yes
ac_cv_func_getgroups=yes
ac_cv_func_gethostbyname=yes
ac_cv_func_gethostname=yes
ac_cv_func_getlocalename_l=no
ac_cv_func_getpagesize=yes
ac_cv_func_getpeername=yes
ac_cv_func_getpgrp_void=yes
ac_cv_func_getrandom=yes
ac_cv_func_getrlimit=yes
ac_cv_func_getrusage=yes
ac_cv_func_getservbyname=yes
ac_cv_func_getservent=yes
ac_cv_func_gettimeofday=yes
ac_cv_func_getuid=yes
ac_cv_func_imaxdiv=yes
ac_cv_func_inet_aton=yes
ac_cv_func_kill=yes
ac_cv_func_killpg=yes
ac_cv_func_localeconv=yes
ac_cv_func_lstat=yes
ac_cv_func_mbrtowc=yes
ac_cv_func_memmove=yes
ac_cv_func_mempcpy=yes
ac_cv_func_mkfifo=yes
ac_cv_func_mmap_fixed_mapped=yes
ac_cv_func_munmap=yes
ac_cv_func_newlocale=yes
ac_cv_func_pselect=yes
ac_cv_func_putenv=yes
ac_cv_func_readlink=yes
ac_cv_func_rename=yes
ac_cv_func_select=yes
ac_cv_func_setdtablesize=no
ac_cv_func_setenv=yes
ac_cv_func_setitimer=yes
ac_cv_func_setlocale=yes
ac_cv_func_snprintf=yes
ac_cv_func_stpcpy=yes
ac_cv_func_strcasecmp=yes
ac_cv_func_strcoll_works=yes
ac_cv_func_strdup=yes
ac_cv_func_strnlen=yes
ac_cv_func_strtoul=yes
ac_cv_func_symlink=yes
ac_cv_func_tcgetpgrp=yes
ac_cv_func_tgetent=no
ac_cv_func_tsearch=yes
ac_cv_func_ulimit=yes
ac_cv_func_uname=yes
ac_cv_func_uselocale=yes
ac_cv_func_vprintf=yes
ac_cv_func_vsnprintf=yes
ac_cv_func_wait3=yes
ac_cv_func_waitpid=yes
ac_cv_func_wcrtomb=yes
ac_cv_func_wcslen=yes
ac_cv_func_wcsnlen=yes
ac_cv_gnu_library_2=yes
ac_cv_gnu_library_2_1=yes
ac_cv_have_decl__snprintf=no
ac_cv_have_decl__snwprintf=no
ac_cv_have_decl_feof_unlocked=yes
ac_cv_have_decl_fgets_unlocked=yes
ac_cv_have_decl_getc_unlocked=yes
ac_cv_header_argz_h=yes
ac_cv_header_arpa_inet_h=yes
ac_cv_header_dirent_dirent_h=yes
ac_cv_header_dlfcn_h=yes
ac_cv_header_features_h=yes
ac_cv_header_grp_h=yes
ac_cv_header_inttypes_h=yes
ac_cv_header_limits_h=yes
ac_cv_header_locale_h=yes
ac_cv_header_memory_h=yes
ac_cv_header_minix_config_h=no
ac_cv_header_netdb_h=yes
ac_cv_header_netinet_in_h=yes
ac_cv_header_pthread_h=yes
ac_cv_header_pwd_h=yes
ac_cv_header_regex_h=yes
ac_cv_header_stdarg_h=yes
ac_cv_header_stdbool_h=yes
ac_cv_header_stddef_h=yes
ac_cv_header_stdint_h=yes
ac_cv_header_stdio_h=yes
ac_cv_header_stdlib_h=yes
ac_cv_header_string_h=yes
ac_cv_header_strings_h=yes
ac_cv_header_sys_file_h=yes
ac_cv_header_sys_ioctl_h=yes
ac_cv_header_sys_mkdev_h=no
ac_cv_header_sys_mman_h=yes
ac_cv_header_sys_param_h=yes
ac_cv_header_sys_pte_h=no
ac_cv_header_sys_ptem_h=no
ac_cv_header_sys_random_h=yes
ac_cv_header_sys_resource_h=yes
ac_cv_header_sys_select_h=yes
ac_cv_header_sys_socket_h=yes
ac_cv_header_sys_stat_h=yes
ac_cv_header_sys_stream_h=no
ac_cv_header_sys_sysmacros_h=yes
ac_cv_header_sys_time_h=yes
ac_cv_header_sys_times_h=yes
ac_cv_header_sys_types_h=yes
ac_cv_header_sys_wait_h=yes
ac_cv_header_syslog_h=yes
ac_cv_header_termcap_h=yes
ac_cv_header_termio_h=no
ac_cv_header_termios_h=yes
ac_cv_header_ulimit_h=yes
ac_cv_header_unistd_h=yes
ac_cv_header_varargs_h=no
ac_cv_header_wchar_h=yes
ac_cv_header_xlocale_h=no
ac_cv_host=x86_64-pc-linux-gnu
ac_cv_lib_pthread_pthread_kill=yes
ac_cv_lib_termcap_tgetent=no
ac_cv_lib_tinfo_tgetent=yes
ac_cv_objext=o
ac_cv_path_EGREP='/usr/bin/grep -E'
ac_cv_path_GMSGFMT=/usr/bin/msgfmt
ac_cv_path_GREP=/usr/bin/grep
ac_cv_path_MSGFMT=/usr/bin/msgfmt
ac_cv_path_MSGMERGE=/usr/bin/msgmerge
ac_cv_path_SED=/usr/bin/sed
ac_cv_path_XGETTEXT=/usr/bin/xgettext
ac_cv_path_install='/usr/bin/install -c'
ac_cv_path_mkdir=/usr/bin/mkdir
ac_cv_prog_CPP='gcc -E'
ac_cv_prog_INTLBISON=bison
ac_cv_prog_YACC='bison -y'
ac_cv_prog_ac_ct_AR=ar
ac_cv_prog_ac_ct_CC=gcc
ac_cv_prog_ac_ct_RANLIB=ranlib
ac_cv_prog_cc_c11=
ac_cv_prog_cc_g=yes
ac_cv_prog_cc_stdc=
ac_cv_prog_gcc_traditional=no
ac_cv_prog_make_make_set=yes
ac_cv_rl_includedir=/usr/include
ac_cv_rl_libdir=/usr/lib
ac_cv_rl_prefix=/usr
ac_cv_rl_version=8.3
ac_cv_safe_to_define___extensions__=yes
ac_cv_search_opendir='none required'
ac_cv_should_define__xopen_source=no
ac_cv_sys_file_offset_bits=no
ac_cv_sys_largefile_CC=no
ac_cv_type_long_double=yes
ac_cv_type_long_long_int=yes
ac_cv_type_pthread_rwlock_t=yes
ac_cv_type_ptrdiff_t=yes
ac_cv_type_size_t=yes
ac_cv_type_uid_t=yes
ac_cv_type_unsigned_long_long_int=yes
ac_cv_working_alloca_h=yes
acl_cv_hardcode_direct=no
acl_cv_hardcode_libdir_flag_spec='${wl}-rpath ${wl}$libdir'
acl_cv_hardcode_libdir_separator=
acl_cv_hardcode_minus_L=no
acl_cv_libdirstems=lib,lib
acl_cv_libext=a
acl_cv_libname_spec='lib$name'
acl_cv_library_names_spec='$libname$shrext'
acl_cv_path_LD=/usr/bin/ld
acl_cv_prog_gnu_ld=yes
acl_cv_rpath=done
acl_cv_shlibext=so
acl_cv_wl=-Wl,
am_cv_func_iconv=yes
am_cv_func_iconv_works=yes
am_cv_langinfo_codeset=yes
am_cv_lib_iconv=no
am_cv_proto_iconv='extern size_t iconv (iconv_t cd, char * *inbuf, size_t *inbytesleft, char * *outbuf, size_t *outbytesleft);'
am_cv_proto_iconv_arg1=
bash_cv_termcap_lib=libtinfo
gl_cv_cc_vis_werror=yes
gl_cv_cc_visibility=yes
gl_cv_have_weak=yes
gl_cv_header_inttypes_h=yes
gl_cv_header_stdint_h=yes
gl_cv_header_working_fcntl_h=yes
gl_cv_host_cpu_c_abi_32bit=no
gl_cv_pthread_rwlock_rdlock_prefer_writer=no
gl_cv_size_max=yes
gl_cv_type_wint_t_too_small=no
gt_cv_c_intmax_t=yes
gt_cv_c_wchar_t=yes
gt_cv_c_wint_t=yes
gt_cv_func_CFLocaleCopyCurrent=no
gt_cv_func_CFLocaleCopyPreferredLanguages=no
gt_cv_func_CFPreferencesCopyAppValue=no
gt_cv_func_gnugettext2_libc=yes
gt_cv_func_printf_posix=yes
gt_cv_func_uselocale_works=yes
gt_cv_int_divbyzero_sigfpe=yes
gt_cv_inttypes_pri_broken=no
gt_cv_locale_fake=no
gt_cv_locale_solaris114=no
gt_cv_val_LC_MESSAGES=yes
nls_cv_force_use_gnu_gettext=no
nls_cv_header_intl=
nls_cv_header_libgt=
nls_cv_use_gnu_gettext=no

## ----------------- ##
## Output variables. ##
## ----------------- ##

ALLOCA=''
AR='ar'
ARFLAGS='cr'
ARRAY_O='array.o'
BASE_CFLAGS_FOR_BUILD='-g -O2'
BASHVERS='5.2'
BUILD_DIR=''
BUILD_INCLUDED_LIBINTL='no'
CATOBJEXT='.gmo'
CC='gcc'
CC_FOR_BUILD='$(CC)'
CFLAGS='-g -O2'
CFLAGS_FOR_BUILD='-g -O2'
CFLAG_VISIBILITY='-fvisibility=hidden'
CPP='gcc -E'
CPPFLAGS=''
CPPFLAGS_FOR_BUILD=''
CROSS_COMPILE=''
DATADIRNAME='share'
DEBUG=''
DEBUGGER_START_FILE='${datadir}/bashdb/bashdb-main.inc'
DEFS=''
ECHO_C=''
ECHO_N='-n'
ECHO_T=''
EGREP='/usr/bin/grep -E'
EXEEXT=''
GENCAT='gencat'
GETTEXT_MACRO_VERSION='0.19'
GLIBC21='yes'
GLIBC2='yes'
GMSGFMT='/usr/bin/msgfmt'
GMSGFMT_015='/usr/bin/msgfmt'
GNULIB_OVERRIDES_WINT_T='0'
GREP='/usr/bin/grep'
HAVE_ASPRINTF='1'
HAVE_NAMELESS_LOCALES='0'
HAVE_NEWLOCALE='1'
HAVE_POSIX_PRINTF='1'
HAVE_SNPRINTF='1'
HAVE_VISIBILITY='1'
HAVE_WPRINTF='0'
HELPDIR=''
HELPDIRDEFINE=''
HELPFILES_TARGET=''
HELPINSTALL=''
HELPSTRINGS=''
HISTORY_DEP=''
HISTORY_LIB='-lhistory'
HIST_LIBDIR='/usr/lib'
INSTALL_DATA='${INSTALL} -m 644'
INSTALL_PROGRAM='${INSTALL}'
INSTALL_SCRIPT='${INSTALL}'
INSTOBJEXT='.mo'
INTLBISON='bison'
INTLLIBS=''
INTLOBJS=''
INTL_DEFAULT_VERBOSITY='1'
INTL_DEP=''
INTL_INC=''
INTL_LIBTOOL_SUFFIX_PREFIX=''
INTL_MACOSX_LIBS=''
JOBS_O=''
LDFLAGS=''
LDFLAGS_FOR_BUILD='$(LDFLAGS)'
LIBICONV=''
LIBINTL=''
LIBINTL_H=''
LIBMULTITHREAD='-lpthread'
LIBOBJS=''
LIBPTH=''
LIBPTH_PREFIX=''
LIBS=''
LIBS_FOR_BUILD='$(LIBS)'
LIBTHREAD=''
LOCAL_CFLAGS=''
LOCAL_DEFS=''
LOCAL_LDFLAGS=''
LOCAL_LIBS=''
LTLIBICONV=''
LTLIBINTL=''
LTLIBMULTITHREAD='-lpthread'
LTLIBOBJS=''
LTLIBPTH=''
LTLIBTHREAD=''
MAKE_SHELL='/bin/sh'
MALLOC_DEBUG=''
MALLOC_DEP=''
MALLOC_LDFLAGS=''
MALLOC_LIB=''
MALLOC_LIBRARY=''
MALLOC_SRC=''
MALLOC_TARGET=''
MKDIR_P='/usr/bin/mkdir -p'
MSGFMT='/usr/bin/msgfmt'
MSGFMT_015='/usr/bin/msgfmt'
MSGMERGE='/usr/bin/msgmerge'
OBJEXT='o'
PACKAGE_BUGREPORT='bug-bash@gnu.org'
PACKAGE_NAME='bash'
PACKAGE_STRING='bash 5.2-release'
PACKAGE_TARNAME='bash'
PACKAGE_URL=''
PACKAGE_VERSION='5.2-release'
PATH_SEPARATOR=':'
POSUB='po'
PRI_MACROS_BROKEN='0'
PROFILE_FLAGS=''
PTHREAD_H_DEFINES_STRUCT_TIMESPEC=''
RANLIB='ranlib'
READLINE_DEP=''
READLINE_LIB='-lreadline'
RELSTATUS='release'
RL_INCLUDE=''
RL_INCLUDEDIR='/usr/include'
RL_LIBDIR='/usr/lib'
RL_MAJOR='8'
RL_MINOR='3'
RL_VERSION='0x0803'
SED='/usr/bin/sed'
SET_MAKE=''
SHELL='/bin/sh'
SHOBJ_CC=''
SHOBJ_CFLAGS=''
SHOBJ_LD=''
SHOBJ_LDFLAGS=''
SHOBJ_LIBS=''
SHOBJ_STATUS=''
SHOBJ_XLDFLAGS=''
SIGLIST_O=''
SIGNAMES_H='lsignames.h'
SIGNAMES_O=''
SIZE='size'
STATIC_LD=''
STYLE_CFLAGS='-Wno-parentheses -Wno-format-security'
SYS_TIME_H_DEFINES_STRUCT_TIMESPEC=''
TERMCAP_DEP=''
TERMCAP_LIB='-ltinfo'
TESTSCRIPT='run-all'
TILDE_LIB='-ltilde'
TIME_H_DEFINES_STRUCT_TIMESPEC=''
USE_INCLUDED_LIBINTL='no'
USE_NLS='yes'
WINDRES=''
WOE32='no'
WOE32DLL='no'
XGETTEXT='/usr/bin/xgettext'
XGETTEXT_015='/usr/bin/xgettext'
XGETTEXT_EXTRA_OPTIONS=''
YACC='bison -y'
YFLAGS=''
ac_ct_CC='gcc'
bindir='${exec_prefix}/bin'
build='x86_64-pc-linux-gnu'
build_alias=''
build_cpu='x86_64'
build_os='linux-gnu'
build_vendor='pc'
datadir='${datarootdir}'
datarootdir='${prefix}/share'
docdir='${datarootdir}/doc/${PACKAGE_TARNAME}'
dvidir='${docdir}'
exec_prefix='NONE'
headersdir=''
host='x86_64-pc-linux-gnu'
host_alias=''
host_cpu='x86_64'
host_os='linux-gnu'
host_vendor='pc'
htmldir='${docdir}'
incdir=''
includedir='${prefix}/include'
infodir='${datarootdir}/info'
libdir='${exec_prefix}/lib'
libexecdir='${exec_prefix}/libexec'
loadablesdir=''
localedir='${datarootdir}/locale'
localstatedir='${prefix}/var'
mandir='${datarootdir}/man'
oldincludedir='/usr/include'
pdfdir='${docdir}'
prefix='/usr'
program_transform_name='s,x,x,'
psdir='${docdir}'
runstatedir='${localstatedir}/run'
sbindir='${exec_prefix}/sbin'
sharedstatedir='${prefix}/com'
sysconfdir='${prefix}/etc'
target_alias=''

## ----------- ##
## confdefs.h. ##
## ----------- ##

/* confdefs.h */
#define PACKAGE_NAME "bash"
#define PACKAGE_TARNAME "bash"
#define PACKAGE_VERSION "5.2-release"
#define PACKAGE_STRING "bash 5.2-release"
#define PACKAGE_BUGREPORT "bug-bash@gnu.org"
#define PACKAGE_URL ""
#define ALIAS 1
#define PUSHD_AND_POPD 1
#define RESTRICTED_SHELL 1
#define PROCESS_SUBSTITUTION 1
#define PROMPT_STRING_DECODE 1
#define SELECT_COMMAND 1
#define HELP_BUILTIN 1
#define ARRAY_VARS 1
#define DPAREN_ARITHMETIC 1
#define BRACE_EXPANSION 1
#define COMMAND_TIMING 1
#define EXTENDED_GLOB 1
#define EXTGLOB_DEFAULT 0
#define COND_COMMAND 1
#define COND_REGEXP 1
#define COPROCESS_SUPPORT 1
#define ARITH_FOR_COMMAND 1
#define NETWORK_REDIRECTIONS 1
#define PROGRAMMABLE_COMPLETION 1
#define DEBUGGER 1
#define CASEMOD_ATTRS 1
#define CASEMOD_EXPANSIONS 1
#define GLOBASCII_DEFAULT 1
#define FUNCTION_IMPORT 1
#define TRANSLATABLE_STRINGS 1
#define MEMSCRAMBLE 1
#define HAVE_STDIO_H 1
#define HAVE_STDLIB_H 1
#define HAVE_STRING_H 1
#define HAVE_INTTYPES_H 1
#define HAVE_STDINT_H 1
#define HAVE_STRINGS_H 1
#define HAVE_SYS_STAT_H 1
#define HAVE_SYS_TYPES_H 1
#define HAVE_UNISTD_H 1
#define HAVE_WCHAR_H 1
#define HAVE_SYS_PARAM_H 1
#define HAVE_SYS_TIME_H 1
#define STDC_HEADERS 1
#define _ALL_SOURCE 1
#define _DARWIN_C_SOURCE 1
#define _GNU_SOURCE 1
#define _HPUX_ALT_XOPEN_SOCKET_API 1
#define _NETBSD_SOURCE 1
#define _OPENBSD_SOURCE 1
#define _POSIX_PTHREAD_SEMANTICS 1
#define __STDC_WANT_IEC_60559_ATTRIBS_EXT__ 1
#define __STDC_WANT_IEC_60559_BFP_EXT__ 1
#define __STDC_WANT_IEC_60559_DFP_EXT__ 1
#define __STDC_WANT_IEC_60559_FUNCS_EXT__ 1
#define __STDC_WANT_IEC_60559_TYPES_EXT__ 1
#define __STDC_WANT_LIB_EXT2__ 1
#define __STDC_WANT_MATH_SPEC_FUNCS__ 1
#define _TANDEM_SOURCE 1
#define __EXTENSIONS__ 1
#define READLINE 1
#define HISTORY 1
#define BANG_HISTORY 1
#define HAVE_STRINGIZE 1
#define HAVE_LONG_DOUBLE 1
#define PROTOTYPES 1
#define __PROTOTYPES 1
#define restrict __restrict__
#define HAVE_VISIBILITY 1
#define HAVE_STDINT_H_WITH_UINTMAX 1
#define HAVE_ALLOCA_H 1
#define HAVE_ALLOCA 1
#define HAVE_GETPAGESIZE 1
#define HAVE_SYMLINK 1
#define HAVE_USELOCALE 1
#define HAVE_VPRINTF 1
#define HAVE_ALARM 1
#define HAVE___FPURGE 1
#define HAVE_SNPRINTF 1
#define HAVE_VSNPRINTF 1
#define HAVE_MMAP 1
#define INTDIV0_RAISES_SIGFPE 1
#define HAVE_INTTYPES_H_WITH_UINTMAX 1
#define HAVE_UNSIGNED_LONG_LONG_INT 1
#define HAVE_UINTMAX_T 1
#define HAVE_INTTYPES_H 1
#define USE_POSIX_THREADS 1
#define USE_POSIX_THREADS_WEAK 1
#define HAVE_PTHREAD_RWLOCK 1
#define HAVE_PTHREAD_MUTEX_RECURSIVE 1
#define HAVE_ICONV 1
#define ICONV_CONST 
#define HAVE_BUILTIN_EXPECT 1
#define HAVE_ARGZ_H 1
#define HAVE_INTTYPES_H 1
#define HAVE_LIMITS_H 1
#define HAVE_UNISTD_H 1
#define HAVE_SYS_PARAM_H 1
#define HAVE_GETCWD 1
#define HAVE_GETEGID 1
#define HAVE_GETEUID 1
#define HAVE_GETGID 1
#define HAVE_GETUID 1
#define HAVE_MEMPCPY 1
#define HAVE_MUNMAP 1
#define HAVE_STPCPY 1
#define HAVE_STRCASECMP 1
#define HAVE_STRDUP 1
#define HAVE_STRTOUL 1
#define HAVE_TSEARCH 1
#define HAVE_ARGZ_COUNT 1
#define HAVE_ARGZ_STRINGIFY 1
#define HAVE_ARGZ_NEXT 1
#define HAVE___FSETLOCKING 1
#define HAVE_LOCALECONV 1
#define HAVE_DECL_FEOF_UNLOCKED 1
#define HAVE_DECL_FGETS_UNLOCKED 1
#define HAVE_LONG_LONG_INT 1
#define HAVE_WCHAR_T 1
#define HAVE_WINT_T 1
#define HAVE_INTMAX_T 1
#define HAVE_POSIX_PRINTF 1
#define HAVE_STDINT_H 1
#define HAVE_STDINT_H 1
#define HAVE_WORKING_O_NOATIME 1
#define HAVE_WORKING_O_NOFOLLOW 1
#define HAVE_WORKING_USELOCALE 1
#define FLEXIBLE_ARRAY_MEMBER /**/
#define HAVE_FEATURES_H 1
#define HAVE_STDDEF_H 1
#define HAVE_STDLIB_H 1
#define HAVE_STRING_H 1
#define HAVE_ASPRINTF 1
#define HAVE_FWPRINTF 1
#define HAVE_NEWLOCALE 1
#define HAVE_PUTENV 1
#define HAVE_SETENV 1
#define HAVE_SETLOCALE 1
#define HAVE_SNPRINTF 1
#define HAVE_STRNLEN 1
#define HAVE_USELOCALE 1
#define HAVE_WCSLEN 1
#define HAVE_WCSNLEN 1
#define HAVE_MBRTOWC 1
#define HAVE_WCRTOMB 1
#define HAVE_DECL__SNPRINTF 0
#define HAVE_DECL__SNWPRINTF 0
#define HAVE_DECL_GETC_UNLOCKED 1
#define HAVE_LANGINFO_CODESET 1
#define HAVE_LC_MESSAGES 1
#define ENABLE_NLS 1
#define HAVE_GETTEXT 1
#define HAVE_DCGETTEXT 1
#define HAVE_DIRENT_H 1
#define MAJOR_IN_SYSMACROS 1
#define HAVE_INTTYPES_H 1
#define HAVE_UNISTD_H 1
#define HAVE_STDLIB_H 1
#define HAVE_STDARG_H 1
#define HAVE_LIMITS_H 1
#define HAVE_STRING_H 1
#define HAVE_MEMORY_H 1
#define HAVE_LOCALE_H 1
#define HAVE_TERMCAP_H 1
#define HAVE_TERMIOS_H 1
#define HAVE_DLFCN_H 1
#define HAVE_STDBOOL_H 1
#define HAVE_STDDEF_H 1
#define HAVE_STDINT_H 1
#define HAVE_NETDB_H 1
#define HAVE_PWD_H 1
#define HAVE_GRP_H 1
#define HAVE_STRINGS_H 1
#define HAVE_REGEX_H 1
#define HAVE_SYSLOG_H 1
#define HAVE_ULIMIT_H 1
#define HAVE_SYS_SELECT_H 1
#define HAVE_SYS_FILE_H 1
#define HAVE_SYS_IOCTL_H 1
#define HAVE_SYS_MMAN_H 1
#define HAVE_SYS_PARAM_H 1
#define HAVE_SYS_RANDOM_H 1
#define HAVE_SYS_SOCKET_H 1
#define HAVE_SYS_STAT_H 1
#define HAVE_SYS_TIME_H 1
#define HAVE_SYS_TIMES_H 1
#define HAVE_SYS_TYPES_H 1
#define HAVE_SYS_WAIT_H 1
#define HAVE_NETINET_IN_H 1
#define HAVE_ARPA_INET_H 1
#define HAVE_SYS_RESOURCE_H 1
#define HAVE_ALLOCA_H 1
#define HAVE_ALLOCA 1
#define HAVE_CHOWN 1
#define GETPGRP_VOID 1
#define HAVE_STRCOLL 1
#define HAVE_WAIT3 1
#define HAVE_MKFIFO 1
#define HAVE_DUP2 1
#define HAVE_EACCESS 1
#define HAVE_FCNTL 1
#define HAVE_GETDTABLESIZE 1
#define HAVE_GETENTROPY 1
#define HAVE_GETGROUPS 1
#define HAVE_GETHOSTNAME 1
#define HAVE_GETPAGESIZE 1
#define HAVE_GETPEERNAME 1
#define HAVE_GETRANDOM 1
#define HAVE_GETRLIMIT 1
#define HAVE_GETRUSAGE 1
#define HAVE_GETTIMEOFDAY 1
#define HAVE_KILL 1
#define HAVE_KILLPG 1
#define HAVE_LSTAT 1
#define HAVE_PSELECT 1
#define HAVE_READLINK 1
#define HAVE_SELECT 1
#define HAVE_SETITIMER 1
#define HAVE_TCGETPGRP 1
#define HAVE_UNAME 1
#define HAVE_ULIMIT 1
#define HAVE_WAITPID 1
#define HAVE_RENAME 1
#define HAVE_BCOPY 1
#define HAVE_BZERO 1
#define HAVE_CONFSTR 1
#define HAVE_FACCESSAT 1
#define HAVE_FNMATCH 1
#define HAVE_GETADDRINFO 1
#define HAVE_GETHOSTBYNAME 1
#define HAVE_GETSERVBYNAME 1
#define HAVE_GETSERVENT 1
#define HAVE_INET_ATON 1
#define HAVE_IMAXDIV 1
#define HAVE_MEMMOVE 1

configure: caught signal 2
configure: exit 1
