This is LuaHBTeX, Version 1.24.0 (TeX Live 2026/Debian)  (format=lualatex 2026.5.11)  21 MAY 2026 13:50
 restricted system commands enabled.
**tamil_abstract.tex
(./tamil_abstract.tex
LaTeX2e <2025-11-01>
L3 programming layer <2026-01-19>
[\directlua]:1: module 'luaotfload-main' not found:
	no field package.preload['luaotfload-main']
	[kpse lua searcher] file not found: 'luaotfload-main'
Error in luaotfload: reverting to OT1
Inserting `tracingstacklevels' in `input_level_string'.
(/usr/share/texlive/texmf-dist/tex/latex/base/article.cls
Document Class: article 2025/01/22 v1.4n Standard LaTeX document class
(/usr/share/texlive/texmf-dist/tex/latex/base/size12.clo
File: size12.clo 2025/01/22 v1.4n Standard LaTeX file (size option)
LaTeX Font Info:    Trying to load font information for OT1+lmr on input line 5
4.

(/usr/share/texmf/tex/latex/lm/ot1lmr.fd
File: ot1lmr.fd 2015/05/01 v1.6.1 Font defs for Latin Modern
))
\c@part=\count273
\c@section=\count274
\c@subsection=\count275
\c@subsubsection=\count276
\c@paragraph=\count277
\c@subparagraph=\count278
\c@figure=\count279
\c@table=\count280
\abovecaptionskip=\skip49
\belowcaptionskip=\skip50
\bibindent=\dimen147
)
(/usr/share/texlive/texmf-dist/tex/latex/fontspec/fontspec.sty
(/usr/share/texlive/texmf-dist/tex/latex/l3packages/xparse/xparse.sty
(/usr/share/texlive/texmf-dist/tex/latex/l3kernel/expl3.sty
Package: expl3 2026-01-19 L3 programming layer (loader) 

(/usr/share/texlive/texmf-dist/tex/latex/l3backend/l3backend-luatex.def
File: l3backend-luatex.def 2025-10-09 L3 backend support: PDF output (LuaTeX)
\l__color_backend_stack_int=\count281
))
Package: xparse 2025-10-09 L3 Experimental document command parser
)
Package: fontspec 2025/09/29 v2.9g Font selection for XeLaTeX and LuaLaTeX
Lua module: fontspec 2025/09/29 v2.9g Font selection for XeLaTeX and LuaLaTeX
(/usr/share/texlive/texmf-dist/tex/latex/fontspec/fontspec-luatex.sty
Package: fontspec-luatex 2025/09/29 v2.9g Font selection for XeLaTeX and LuaLaT
eX
\l__fontspec_script_int=\count282
\l__fontspec_language_int=\count283
\l__fontspec_strnum_int=\count284
\l__fontspec_tmp_int=\count285
\l__fontspec_tmpa_int=\count286
\l__fontspec_tmpb_int=\count287
\l__fontspec_tmpc_int=\count288
\l__fontspec_em_int=\count289
\l__fontspec_emdef_int=\count290
\l__fontspec_strong_int=\count291
\l__fontspec_strongdef_int=\count292
\l__fontspec_tmpa_dim=\dimen148
\l__fontspec_tmpb_dim=\dimen149
\l__fontspec_tmpc_dim=\dimen150

(/usr/share/texlive/texmf-dist/tex/latex/base/fontenc.sty
Package: fontenc 2025/07/18 v2.1d Standard LaTeX package

! Font \TU/lmr/m/n/12=[lmroman12-regular]:+tlig; at 12pt not loadable: metric da
ta not found or bad.
<to be read again> 
                   relax 
l.116 ...\familydefault\seriesdefault\shapedefault
                                                  
I wasn't able to read the size data for this font,
so I will ignore the font specification.
[Wizards can fix TFM files using TFtoPL/PLtoTF.]
You might try inserting a different font spec;
e.g., type `I\font<same font id>=<substitute font name>'.

) (/usr/share/texlive/texmf-dist/tex/latex/fontspec/fontspec.cfg)
! Font \TU/lmr/bx/n/12=[lmroman12-bold]:+tlig; at 12pt not loadable: metric data
 not found or bad.
<to be read again> 
                   relax 
l.3974 \strongfontdeclare{\bfseries}
                                    
I wasn't able to read the size data for this font,
so I will ignore the font specification.
[Wizards can fix TFM files using TFtoPL/PLtoTF.]
You might try inserting a different font spec;
e.g., type `I\font<same font id>=<substitute font name>'.

)) (/usr/share/texlive/texmf-dist/tex/latex/geometry/geometry.sty
Package: geometry 2020/01/02 v5.9 Page Geometry

(/usr/share/texlive/texmf-dist/tex/latex/graphics/keyval.sty
Package: keyval 2022/05/29 v1.15 key=value parser (DPC)
\KV@toks@=\toks17
)
(/usr/share/texlive/texmf-dist/tex/generic/iftex/ifvtex.sty
Package: ifvtex 2019/10/25 v1.7 ifvtex legacy package. Use iftex instead.

(/usr/share/texlive/texmf-dist/tex/generic/iftex/iftex.sty
Package: iftex 2024/12/12 v1.0g TeX engine tests
))
\Gm@cnth=\count293
\Gm@cntv=\count294
\c@Gm@tempcnt=\count295
\Gm@bindingoffset=\dimen151
\Gm@wd@mp=\dimen152
\Gm@odd@mp=\dimen153
\Gm@even@mp=\dimen154
\Gm@layoutwidth=\dimen155
\Gm@layoutheight=\dimen156
\Gm@layouthoffset=\dimen157
\Gm@layoutvoffset=\dimen158
\Gm@dimlist=\toks18
)
(/usr/share/texlive/texmf-dist/tex/latex/setspace/setspace.sty
Package: setspace 2022/12/04 v6.7b set line spacing
)

! Package fontspec Error: 
(fontspec)                The font
(fontspec)               
"file:/usr/share/fonts/truetype/noto/NotoSansTamilUI-Regular"
(fontspec)                cannot be found; this may be but usually is not a
(fontspec)                fontspec bug. Either there is a typo in the font
(fontspec)                name/file, the font is not installed (correctly),
(fontspec)                or there is a bug in the underlying font loading
(fontspec)                engine (XeTeX/luaotfload).

For immediate help type H <return>.
 ...                                              
                                                  
l.12 
     

A font might not be found for many reasons.
 Check the spelling, where the font is installed etc. etc.

 When in doubt, ask someone for help!


...share/texlive/texmf-dist/tex/latex/fontspec/fontspec.lua:49: attempt to index
 a nil value (global 'luaotfload')
stack traceback:
	...share/texlive/texmf-dist/tex/latex/fontspec/fontspec.lua:49: in field 'check
_ot_script'
	[\directlua]:1: in main chunk.
\lua_now:e #1->\__lua_now:n {#1}
                                
l.12 
     
The lua interpreter ran into a problem, so the
remainder of this lua chunk will be ignored.

...share/texlive/texmf-dist/tex/latex/fontspec/fontspec.lua:49: attempt to index
 a nil value (global 'luaotfload')
stack traceback:
	...share/texlive/texmf-dist/tex/latex/fontspec/fontspec.lua:49: in field 'check
_ot_script'
	[\directlua]:1: in main chunk.
\lua_now:e #1->\__lua_now:n {#1}
                                
l.12 
     
The lua interpreter ran into a problem, so the
remainder of this lua chunk will be ignored.


Package fontspec Info: 
(fontspec)             Script 'Tamil' not explicitly supported within font
(fontspec)             'file:/usr/share/fonts/truetype/noto/NotoSansTamilUI-Reg
ular.ttf'.
(fontspec)             Check the typeset output, and if it is okay then ignore
(fontspec)             this warning. Otherwise a different font should be
(fontspec)             chosen.

...share/texlive/texmf-dist/tex/latex/fontspec/fontspec.lua:49: attempt to index
 a nil value (global 'luaotfload')
stack traceback:
	...share/texlive/texmf-dist/tex/latex/fontspec/fontspec.lua:49: in field 'check
_ot_script'
	[\directlua]:1: in main chunk.
\lua_now:e #1->\__lua_now:n {#1}
                                
l.12 
     
The lua interpreter ran into a problem, so the
remainder of this lua chunk will be ignored.


! Package fontspec Error: 
(fontspec)                The font
(fontspec)               
"file:/usr/share/fonts/truetype/noto/NotoSansTamilUI-Regular.ttf"
(fontspec)                cannot be found; this may be but usually is not a
(fontspec)                fontspec bug. Either there is a typo in the font
(fontspec)                name/file, the font is not installed (correctly),
(fontspec)                or there is a bug in the underlying font loading
(fontspec)                engine (XeTeX/luaotfload).

For immediate help type H <return>.
 ...                                              
                                                  
l.12 
     

A font might not be found for many reasons.
 Check the spelling, where the font is installed etc. etc.

 When in doubt, ask someone for help!



! Package fontspec Error: 
(fontspec)                The font
(fontspec)               
"file:/usr/share/fonts/truetype/noto/NotoSansTamilUI-Regular"
(fontspec)                cannot be found; this may be but usually is not a
(fontspec)                fontspec bug. Either there is a typo in the font
(fontspec)                name/file, the font is not installed (correctly),
(fontspec)                or there is a bug in the underlying font loading
(fontspec)                engine (XeTeX/luaotfload).

For immediate help type H <return>.
 ...                                              
                                                  
l.12 
     

A font might not be found for many reasons.
 Check the spelling, where the font is installed etc. etc.

 When in doubt, ask someone for help!


...share/texlive/texmf-dist/tex/latex/fontspec/fontspec.lua:69: attempt to index
 a nil value (global 'luaotfload')
stack traceback:
	...share/texlive/texmf-dist/tex/latex/fontspec/fontspec.lua:69: in field 'check
_ot_feat'
	[\directlua]:1: in main chunk.
\lua_now:e #1->\__lua_now:n {#1}
                                
l.12 
     
The lua interpreter ran into a problem, so the
remainder of this lua chunk will be ignored.

...share/texlive/texmf-dist/tex/latex/fontspec/fontspec.lua:69: attempt to index
 a nil value (global 'luaotfload')
stack traceback:
	...share/texlive/texmf-dist/tex/latex/fontspec/fontspec.lua:69: in field 'check
_ot_feat'
	[\directlua]:1: in main chunk.
\lua_now:e #1->\__lua_now:n {#1}
                                
l.12 
     
The lua interpreter ran into a problem, so the
remainder of this lua chunk will be ignored.

...share/texlive/texmf-dist/tex/latex/fontspec/fontspec.lua:69: attempt to index
 a nil value (global 'luaotfload')
stack traceback:
	...share/texlive/texmf-dist/tex/latex/fontspec/fontspec.lua:69: in field 'check
_ot_feat'
	[\directlua]:1: in main chunk.
\lua_now:e #1->\__lua_now:n {#1}
                                
l.12 
     
The lua interpreter ran into a problem, so the
remainder of this lua chunk will be ignored.

...share/texlive/texmf-dist/tex/latex/fontspec/fontspec.lua:69: attempt to index
 a nil value (global 'luaotfload')
stack traceback:
	...share/texlive/texmf-dist/tex/latex/fontspec/fontspec.lua:69: in field 'check
_ot_feat'
	[\directlua]:1: in main chunk.
\lua_now:e #1->\__lua_now:n {#1}
                                
l.12 
     
The lua interpreter ran into a problem, so the
remainder of this lua chunk will be ignored.

...share/texlive/texmf-dist/tex/latex/fontspec/fontspec.lua:69: attempt to index
 a nil value (global 'luaotfload')
stack traceback:
	...share/texlive/texmf-dist/tex/latex/fontspec/fontspec.lua:69: in field 'check
_ot_feat'
	[\directlua]:1: in main chunk.
\lua_now:e #1->\__lua_now:n {#1}
                                
l.12 
     
The lua interpreter ran into a problem, so the
remainder of this lua chunk will be ignored.

...share/texlive/texmf-dist/tex/latex/fontspec/fontspec.lua:69: attempt to index
 a nil value (global 'luaotfload')
stack traceback:
	...share/texlive/texmf-dist/tex/latex/fontspec/fontspec.lua:69: in field 'check
_ot_feat'
	[\directlua]:1: in main chunk.
\lua_now:e #1->\__lua_now:n {#1}
                                
l.12 
     
The lua interpreter ran into a problem, so the
remainder of this lua chunk will be ignored.


! Package fontspec Error: 
(fontspec)                The font
(fontspec)               
"file:/usr/share/fonts/truetype/noto/NotoSansTamil-Bold.ttf"
(fontspec)                cannot be found; this may be but usually is not a
(fontspec)                fontspec bug. Either there is a typo in the font
(fontspec)                name/file, the font is not installed (correctly),
(fontspec)                or there is a bug in the underlying font loading
(fontspec)                engine (XeTeX/luaotfload).

For immediate help type H <return>.
 ...                                              
                                                  
l.12 
     

A font might not be found for many reasons.
 Check the spelling, where the font is installed etc. etc.

 When in doubt, ask someone for help!



! Package fontspec Error: 
(fontspec)                The font
(fontspec)               
"file:/usr/share/fonts/truetype/noto/NotoSansTamil-Bold"
(fontspec)                cannot be found; this may be but usually is not a
(fontspec)                fontspec bug. Either there is a typo in the font
(fontspec)                name/file, the font is not installed (correctly),
(fontspec)                or there is a bug in the underlying font loading
(fontspec)                engine (XeTeX/luaotfload).

For immediate help type H <return>.
 ...                                              
                                                  
l.12 
     

A font might not be found for many reasons.
 Check the spelling, where the font is installed etc. etc.

 When in doubt, ask someone for help!


...share/texlive/texmf-dist/tex/latex/fontspec/fontspec.lua:69: attempt to index
 a nil value (global 'luaotfload')
stack traceback:
	...share/texlive/texmf-dist/tex/latex/fontspec/fontspec.lua:69: in field 'check
_ot_feat'
	[\directlua]:1: in main chunk.
\lua_now:e #1->\__lua_now:n {#1}
                                
l.12 
     
The lua interpreter ran into a problem, so the
remainder of this lua chunk will be ignored.

...share/texlive/texmf-dist/tex/latex/fontspec/fontspec.lua:69: attempt to index
 a nil value (global 'luaotfload')
stack traceback:
	...share/texlive/texmf-dist/tex/latex/fontspec/fontspec.lua:69: in field 'check
_ot_feat'
	[\directlua]:1: in main chunk.
\lua_now:e #1->\__lua_now:n {#1}
                                
l.12 
     
The lua interpreter ran into a problem, so the
remainder of this lua chunk will be ignored.

...share/texlive/texmf-dist/tex/latex/fontspec/fontspec.lua:69: attempt to index
 a nil value (global 'luaotfload')
stack traceback:
	...share/texlive/texmf-dist/tex/latex/fontspec/fontspec.lua:69: in field 'check
_ot_feat'
	[\directlua]:1: in main chunk.
\lua_now:e #1->\__lua_now:n {#1}
                                
l.12 
     
The lua interpreter ran into a problem, so the
remainder of this lua chunk will be ignored.

...share/texlive/texmf-dist/tex/latex/fontspec/fontspec.lua:69: attempt to index
 a nil value (global 'luaotfload')
stack traceback:
	...share/texlive/texmf-dist/tex/latex/fontspec/fontspec.lua:69: in field 'check
_ot_feat'
	[\directlua]:1: in main chunk.
\lua_now:e #1->\__lua_now:n {#1}
                                
l.12 
     
The lua interpreter ran into a problem, so the
remainder of this lua chunk will be ignored.

...share/texlive/texmf-dist/tex/latex/fontspec/fontspec.lua:69: attempt to index
 a nil value (global 'luaotfload')
stack traceback:
	...share/texlive/texmf-dist/tex/latex/fontspec/fontspec.lua:69: in field 'check
_ot_feat'
	[\directlua]:1: in main chunk.
\lua_now:e #1->\__lua_now:n {#1}
                                
l.12 
     
The lua interpreter ran into a problem, so the
remainder of this lua chunk will be ignored.

...share/texlive/texmf-dist/tex/latex/fontspec/fontspec.lua:69: attempt to index
 a nil value (global 'luaotfload')
stack traceback:
	...share/texlive/texmf-dist/tex/latex/fontspec/fontspec.lua:69: in field 'check
_ot_feat'
	[\directlua]:1: in main chunk.
\lua_now:e #1->\__lua_now:n {#1}
                                
l.12 
     
The lua interpreter ran into a problem, so the
remainder of this lua chunk will be ignored.


Package fontspec Info: 
(fontspec)             Font family 'NotoSansTamilUI(0)' created for font
(fontspec)             'NotoSansTamilUI' with options
(fontspec)             [Ligatures=TeX,Script=Tamil,UprightFont={file:/usr/share
/fonts/truetype/noto/NotoSansTamilUI-Regular.ttf},BoldFont={file:/usr/share/fon
ts/truetype/noto/NotoSansTamil-Bold.ttf}].
(fontspec)              
(fontspec)              This font family consists of the following NFSS
(fontspec)             series/shapes:
(fontspec)              
(fontspec)             - 'normal' (m/n) with NFSS spec.:
(fontspec)             <->"[file:/usr/share/fonts/truetype/noto/NotoSansTamilUI
-Regular.ttf]:mode=node;script=tml2;language=dflt;+tlig;"
(fontspec)             - 'bold' (b/n) with NFSS spec.:
(fontspec)             <->"[file:/usr/share/fonts/truetype/noto/NotoSansTamil-B
old.ttf]:mode=node;script=tml2;language=dflt;+tlig;"

! Font \TU/NotoSansTamilUI(0)/m/n/12=[file:/usr/share/fonts/truetype/noto/NotoSa
nsTamilUI-Regular.ttf]:mode=node;script=tml2;language=dflt;+tlig; at 12pt not lo
adable: metric data not found or bad.
<to be read again> 
                   relax 
l.12 
     
I wasn't able to read the size data for this font,
so I will ignore the font specification.
[Wizards can fix TFM files using TFtoPL/PLtoTF.]
You might try inserting a different font spec;
e.g., type `I\font<same font id>=<substitute font name>'.

(./tamil_abstract.aux)
\openout1 = tamil_abstract.aux

LaTeX Font Info:    Checking defaults for OML/cmm/m/it on input line 13.
LaTeX Font Info:    ... okay on input line 13.
LaTeX Font Info:    Checking defaults for OMS/cmsy/m/n on input line 13.
LaTeX Font Info:    ... okay on input line 13.
LaTeX Font Info:    Checking defaults for OT1/cmr/m/n on input line 13.
LaTeX Font Info:    ... okay on input line 13.
LaTeX Font Info:    Checking defaults for T1/cmr/m/n on input line 13.
LaTeX Font Info:    ... okay on input line 13.
LaTeX Font Info:    Checking defaults for TS1/cmr/m/n on input line 13.
LaTeX Font Info:    ... okay on input line 13.
LaTeX Font Info:    Checking defaults for TU/lmr/m/n on input line 13.
LaTeX Font Info:    ... okay on input line 13.
LaTeX Font Info:    Checking defaults for OMX/cmex/m/n on input line 13.
LaTeX Font Info:    ... okay on input line 13.
LaTeX Font Info:    Checking defaults for U/cmr/m/n on input line 13.
LaTeX Font Info:    ... okay on input line 13.

Package fontspec Info: 
(fontspec)             Adjusting the maths setup (use [no-math] to avoid
(fontspec)             this).

\symlegacymaths=\mathgroup4
LaTeX Font Info:    Overwriting symbol font `legacymaths' in version `bold'
(Font)                  OT1/cmr/m/n --> OT1/cmr/bx/n on input line 13.
LaTeX Font Info:    Redeclaring math accent \acute on input line 13.
LaTeX Font Info:    Redeclaring math accent \grave on input line 13.
LaTeX Font Info:    Redeclaring math accent \ddot on input line 13.
LaTeX Font Info:    Redeclaring math accent \tilde on input line 13.
LaTeX Font Info:    Redeclaring math accent \bar on input line 13.
LaTeX Font Info:    Redeclaring math accent \breve on input line 13.
LaTeX Font Info:    Redeclaring math accent \check on input line 13.
LaTeX Font Info:    Redeclaring math accent \hat on input line 13.
LaTeX Font Info:    Redeclaring math accent \dot on input line 13.
LaTeX Font Info:    Redeclaring math accent \mathring on input line 13.
LaTeX Font Info:    Redeclaring math symbol \colon on input line 13.
LaTeX Font Info:    Redeclaring math symbol \Gamma on input line 13.
LaTeX Font Info:    Redeclaring math symbol \Delta on input line 13.
LaTeX Font Info:    Redeclaring math symbol \Theta on input line 13.
LaTeX Font Info:    Redeclaring math symbol \Lambda on input line 13.
LaTeX Font Info:    Redeclaring math symbol \Xi on input line 13.
LaTeX Font Info:    Redeclaring math symbol \Pi on input line 13.
LaTeX Font Info:    Redeclaring math symbol \Sigma on input line 13.
LaTeX Font Info:    Redeclaring math symbol \Upsilon on input line 13.
LaTeX Font Info:    Redeclaring math symbol \Phi on input line 13.
LaTeX Font Info:    Redeclaring math symbol \Psi on input line 13.
LaTeX Font Info:    Redeclaring math symbol \Omega on input line 13.
LaTeX Font Info:    Redeclaring math symbol \mathdollar on input line 13.
LaTeX Font Info:    Redeclaring symbol font `operators' on input line 13.
LaTeX Font Info:    Encoding `OT1' has changed to `TU' for symbol font
(Font)              `operators' in the math version `normal' on input line 13.
LaTeX Font Info:    Overwriting symbol font `operators' in version `normal'
(Font)                  OT1/cmr/m/n --> TU/NotoSansTamilUI(0)/m/n on input line
 13.
LaTeX Font Info:    Encoding `OT1' has changed to `TU' for symbol font
(Font)              `operators' in the math version `bold' on input line 13.
LaTeX Font Info:    Overwriting symbol font `operators' in version `bold'
(Font)                  OT1/cmr/bx/n --> TU/NotoSansTamilUI(0)/m/n on input lin
e 13.
LaTeX Font Info:    Overwriting symbol font `operators' in version `normal'
(Font)                  TU/NotoSansTamilUI(0)/m/n --> TU/NotoSansTamilUI(0)/m/n
 on input line 13.
LaTeX Font Info:    Overwriting math alphabet `\mathit' in version `normal'
(Font)                  OT1/cmr/m/it --> TU/NotoSansTamilUI(0)/m/it on input li
ne 13.
LaTeX Font Info:    Overwriting math alphabet `\mathbf' in version `normal'
(Font)                  OT1/cmr/bx/n --> TU/NotoSansTamilUI(0)/b/n on input lin
e 13.
LaTeX Font Info:    Overwriting math alphabet `\mathsf' in version `normal'
(Font)                  OT1/cmss/m/n --> TU/lmss/m/n on input line 13.
LaTeX Font Info:    Overwriting math alphabet `\mathtt' in version `normal'
(Font)                  OT1/cmtt/m/n --> TU/lmtt/m/n on input line 13.
LaTeX Font Info:    Overwriting symbol font `operators' in version `bold'
(Font)                  TU/NotoSansTamilUI(0)/m/n --> TU/NotoSansTamilUI(0)/b/n
 on input line 13.
LaTeX Font Info:    Overwriting math alphabet `\mathit' in version `bold'
(Font)                  OT1/cmr/bx/it --> TU/NotoSansTamilUI(0)/b/it on input l
ine 13.
LaTeX Font Info:    Overwriting math alphabet `\mathsf' in version `bold'
(Font)                  OT1/cmss/bx/n --> TU/lmss/b/n on input line 13.
LaTeX Font Info:    Overwriting math alphabet `\mathtt' in version `bold'
(Font)                  OT1/cmtt/m/n --> TU/lmtt/b/n on input line 13.

*geometry* driver: auto-detecting
*geometry* detected driver: luatex
*geometry* verbose mode - [ preamble ] result:
* driver: luatex
* paper: a4paper
* layout: <same size as paper>
* layoutoffset:(h,v)=(0.0pt,0.0pt)
* modes: 
* h-part:(L,W,R)=(108.405pt, 416.83289pt, 72.26999pt)
* v-part:(T,H,B)=(72.26999pt, 700.50687pt, 72.26999pt)
* \paperwidth=597.50787pt
* \paperheight=845.04684pt
* \textwidth=416.83289pt
* \textheight=700.50687pt
* \oddsidemargin=36.13501pt
* \evensidemargin=36.13501pt
* \topmargin=-37.0pt
* \headheight=12.0pt
* \headsep=25.0pt
* \topskip=12.0pt
* \footskip=30.0pt
* \marginparwidth=35.0pt
* \marginparsep=10.0pt
* \columnsep=10.0pt
* \skip\footins=10.8pt plus 4.0pt minus 2.0pt
* \hoffset=0.0pt
* \voffset=0.0pt
* \mag=1000
* \@twocolumnfalse
* \@twosidefalse
* \@mparswitchfalse
* \@reversemarginfalse
* (1in=72.27pt=25.4mm, 1cm=28.453pt)

! Font \TU/NotoSansTamilUI(0)/m/n/14.4=[file:/usr/share/fonts/truetype/noto/Noto
SansTamilUI-Regular.ttf]:mode=node;script=tml2;language=dflt;+tlig; at 14.4pt no
t loadable: metric data not found or bad.
<to be read again> 
                   relax 
l.18   {\large
              \bfseries சுருக்கம் (ABSTRACT -- TAMIL)}
I wasn't able to read the size data for this font,
so I will ignore the font specification.
[Wizards can fix TFM files using TFtoPL/PLtoTF.]
You might try inserting a different font spec;
e.g., type `I\font<same font id>=<substitute font name>'.

! Font \TU/NotoSansTamilUI(0)/b/n/14.4=[file:/usr/share/fonts/truetype/noto/Noto
SansTamil-Bold.ttf]:mode=node;script=tml2;language=dflt;+tlig; at 14.4pt not loa
dable: metric data not found or bad.
<to be read again> 
                   relax 
l.18   {\large\bfseries
                        சுருக்கம் (ABSTRACT -- TAMIL)}
I wasn't able to read the size data for this font,
so I will ignore the font specification.
[Wizards can fix TFM files using TFtoPL/PLtoTF.]
You might try inserting a different font spec;
e.g., type `I\font<same font id>=<substitute font name>'.

Missing character: There is no ச (U+0B9A) in font nullfont!
Missing character: There is no ு (U+0BC1) in font nullfont!
Missing character: There is no ர (U+0BB0) in font nullfont!
Missing character: There is no ு (U+0BC1) in font nullfont!
Missing character: There is no க (U+0B95) in font nullfont!
Missing character: There is no ் (U+0BCD) in font nullfont!
Missing character: There is no க (U+0B95) in font nullfont!
Missing character: There is no ம (U+0BAE) in font nullfont!
Missing character: There is no ் (U+0BCD) in font nullfont!
Missing character: There is no ( (U+0028) in font nullfont!
Missing character: There is no A (U+0041) in font nullfont!
Missing character: There is no B (U+0042) in font nullfont!
Missing character: There is no S (U+0053) in font nullfont!
Missing character: There is no T (U+0054) in font nullfont!
Missing character: There is no R (U+0052) in font nullfont!
Missing character: There is no A (U+0041) in font nullfont!
Missing character: There is no C (U+0043) in font nullfont!
Missing character: There is no T (U+0054) in font nullfont!
Missing character: There is no - (U+002D) in font nullfont!
Missing character: There is no - (U+002D) in font nullfont!
Missing character: There is no T (U+0054) in font nullfont!
Missing character: There is no A (U+0041) in font nullfont!
Missing character: There is no M (U+004D) in font nullfont!
Missing character: There is no I (U+0049) in font nullfont!
Missing character: There is no L (U+004C) in font nullfont!
Missing character: There is no ) (U+0029) in font nullfont!
Missing character: There is no ச (U+0B9A) in font nullfont!
Missing character: There is no ு (U+0BC1) in font nullfont!
Missing character: There is no ர (U+0BB0) in font nullfont!
Missing character: There is no ு (U+0BC1) in font nullfont!
Missing character: There is no க (U+0B95) in font nullfont!
Missing character: There is no ் (U+0BCD) in font nullfont!
Missing character: There is no க (U+0B95) in font nullfont!
Missing character: There is no ம (U+0BAE) in font nullfont!
Missing character: There is no ் (U+0BCD) in font nullfont!
Missing character: There is no ( (U+0028) in font nullfont!
Missing character: There is no A (U+0041) in font nullfont!
Missing character: There is no B (U+0042) in font nullfont!
Missing character: There is no S (U+0053) in font nullfont!
Missing character: There is no T (U+0054) in font nullfont!
Missing character: There is no R (U+0052) in font nullfont!
Missing character: There is no A (U+0041) in font nullfont!
Missing character: There is no C (U+0043) in font nullfont!
Missing character: There is no T (U+0054) in font nullfont!
Missing character: There is no - (U+002D) in font nullfont!
Missing character: There is no - (U+002D) in font nullfont!
Missing character: There is no T (U+0054) in font nullfont!
Missing character: There is no A (U+0041) in font nullfont!
Missing character: There is no M (U+004D) in font nullfont!
Missing character: There is no I (U+0049) in font nullfont!
Missing character: There is no L (U+004C) in font nullfont!
Missing character: There is no ) (U+0029) in font nullfont!
! Font \TU/NotoSansTamilUI(0)/b/n/12=[file:/usr/share/fonts/truetype/noto/NotoSa
nsTamil-Bold.ttf]:mode=node;script=tml2;language=dflt;+tlig; at 12pt not loadabl
e: metric data not found or bad.
<to be read again> 
                   relax 
l.22 ...திட்டம் \textbf{Rogue Linux}
                                                   என்ற நோக்...
I wasn't able to read the size data for this font,
so I will ignore the font specification.
[Wizards can fix TFM files using TFtoPL/PLtoTF.]
You might try inserting a different font spec;
e.g., type `I\font<same font id>=<substitute font name>'.

Missing character: There is no இ (U+0B87) in font nullfont!
Missing character: There is no ந (U+0BA8) in font nullfont!
Missing character: There is no ் (U+0BCD) in font nullfont!
Missing character: There is no த (U+0BA4) in font nullfont!
Missing character: There is no த (U+0BA4) in font nullfont!
Missing character: There is no ் (U+0BCD) in font nullfont!
Missing character: There is no த (U+0BA4) in font nullfont!
Missing character: There is no ி (U+0BBF) in font nullfont!
Missing character: There is no ட (U+0B9F) in font nullfont!
Missing character: There is no ் (U+0BCD) in font nullfont!
Missing character: There is no ட (U+0B9F) in font nullfont!
Missing character: There is no ம (U+0BAE) in font nullfont!
Missing character: There is no ் (U+0BCD) in font nullfont!
Missing character: There is no R (U+0052) in font nullfont!
Missing character: There is no o (U+006F) in font nullfont!
Missing character: There is no g (U+0067) in font nullfont!
Missing character: There is no u (U+0075) in font nullfont!
Missing character: There is no e (U+0065) in font nullfont!
Missing character: There is no L (U+004C) in font nullfont!
Missing character: There is no i (U+0069) in font nullfont!
Missing character: There is no n (U+006E) in font nullfont!
Missing character: There is no u (U+0075) in font nullfont!
Missing character: There is no x (U+0078) in font nullfont!
Missing character: There is no எ (U+0B8E) in font nullfont!
Missing character: There is no ன (U+0BA9) in font nullfont!
Missing character: There is no ் (U+0BCD) in font nullfont!
Missing character: There is no ற (U+0BB1) in font nullfont!
Missing character: There is no ந (U+0BA8) in font nullfont!
Missing character: There is no ோ (U+0BCB) in font nullfont!
Missing character: There is no க (U+0B95) in font nullfont!
Missing character: There is no ் (U+0BCD) in font nullfont!
Missing character: There is no க (U+0B95) in font nullfont!
Missing character: There is no த (U+0BA4) in font nullfont!
Missing character: There is no ் (U+0BCD) in font nullfont!
Missing character: There is no த (U+0BA4) in font nullfont!
Missing character: There is no ு (U+0BC1) in font nullfont!
Missing character: There is no க (U+0B95) in font nullfont!
Missing character: There is no ் (U+0BCD) in font nullfont!
Missing character: There is no க (U+0B95) in font nullfont!
Missing character: There is no ெ (U+0BC6) in font nullfont!
Missing character: There is no ன (U+0BA9) in font nullfont!
Missing character: There is no உ (U+0B89) in font nullfont!
Missing character: There is no ர (U+0BB0) in font nullfont!
Missing character: There is no ு (U+0BC1) in font nullfont!
Missing character: There is no வ (U+0BB5) in font nullfont!
Missing character: There is no ா (U+0BBE) in font nullfont!
Missing character: There is no க (U+0B95) in font nullfont!
Missing character: There is no ் (U+0BCD) in font nullfont!
Missing character: There is no க (U+0B95) in font nullfont!
Missing character: There is no ப (U+0BAA) in font nullfont!
Missing character: There is no ் (U+0BCD) in font nullfont!
Missing character: There is no ப (U+0BAA) in font nullfont!
Missing character: There is no ட (U+0B9F) in font nullfont!
Missing character: There is no ் (U+0BCD) in font nullfont!
Missing character: There is no ட (U+0B9F) in font nullfont!
Missing character: There is no க (U+0B95) in font nullfont!
Missing character: There is no ு (U+0BC1) in font nullfont!
Missing character: There is no ற (U+0BB1) in font nullfont!
Missing character: There is no ை (U+0BC8) in font nullfont!
Missing character: There is no ந (U+0BA8) in font nullfont!
Missing character: There is no ் (U+0BCD) in font nullfont!
Missing character: There is no த (U+0BA4) in font nullfont!
Missing character: There is no ப (U+0BAA) in font nullfont!
Missing character: There is no ட (U+0B9F) in font nullfont!
Missing character: There is no ் (U+0BCD) in font nullfont!
Missing character: There is no ச (U+0B9A) in font nullfont!
Missing character: There is no L (U+004C) in font nullfont!
Missing character: There is no i (U+0069) in font nullfont!
Missing character: There is no n (U+006E) in font nullfont!
Missing character: There is no u (U+0075) in font nullfont!
Missing character: There is no x (U+0078) in font nullfont!
Missing character: There is no வ (U+0BB5) in font nullfont!
Missing character: There is no ி (U+0BBF) in font nullfont!
Missing character: There is no ந (U+0BA8) in font nullfont!
Missing character: There is no ி (U+0BBF) in font nullfont!
Missing character: There is no ய (U+0BAF) in font nullfont!
Missing character: There is no ோ (U+0BCB) in font nullfont!
Missing character: There is no க (U+0B95) in font nullfont!
Missing character: There is no த (U+0BA4) in font nullfont!
Missing character: There is no ் (U+0BCD) in font nullfont!
Missing character: There is no த (U+0BA4) in font nullfont!
Missing character: There is no ை (U+0BC8) in font nullfont!
Missing character: There is no ம (U+0BAE) in font nullfont!
Missing character: There is no ு (U+0BC1) in font nullfont!
Missing character: There is no ன (U+0BA9) in font nullfont!
Missing character: There is no ் (U+0BCD) in font nullfont!
Missing character: There is no வ (U+0BB5) in font nullfont!
Missing character: There is no ை (U+0BC8) in font nullfont!
Missing character: There is no க (U+0B95) in font nullfont!
Missing character: There is no ் (U+0BCD) in font nullfont!
Missing character: There is no க (U+0B95) in font nullfont!
Missing character: There is no ி (U+0BBF) in font nullfont!
Missing character: There is no ற (U+0BB1) in font nullfont!
Missing character: There is no த (U+0BA4) in font nullfont!
Missing character: There is no ு (U+0BC1) in font nullfont!
Missing character: There is no . (U+002E) in font nullfont!
Missing character: There is no இ (U+0B87) in font nullfont!
Missing character: There is no த (U+0BA4) in font nullfont!
Missing character: There is no ு (U+0BC1) in font nullfont!
Missing character: There is no இ (U+0B87) in font nullfont!
Missing character: There is no ண (U+0BA3) in font nullfont!
Missing character: There is no ை (U+0BC8) in font nullfont!
Missing character: There is no ய (U+0BAF) in font nullfont!
Missing character: There is no ப (U+0BAA) in font nullfont!
Missing character: There is no ் (U+0BCD) in font nullfont!
Missing character: There is no ப (U+0BAA) in font nullfont!
Missing character: There is no ா (U+0BBE) in font nullfont!
Missing character: There is no த (U+0BA4) in font nullfont!
Missing character: There is no ு (U+0BC1) in font nullfont!
Missing character: There is no க (U+0B95) in font nullfont!
Missing character: There is no ா (U+0BBE) in font nullfont!
Missing character: There is no ப (U+0BAA) in font nullfont!
Missing character: There is no ் (U+0BCD) in font nullfont!
Missing character: There is no ப (U+0BAA) in font nullfont!
Missing character: There is no ு (U+0BC1) in font nullfont!
Missing character: There is no ச (U+0B9A) in font nullfont!
Missing character: There is no ெ (U+0BC6) in font nullfont!
Missing character: There is no ய (U+0BAF) in font nullfont!
Missing character: There is no ல (U+0BB2) in font nullfont!
Missing character: There is no ் (U+0BCD) in font nullfont!
Missing character: There is no ப (U+0BAA) in font nullfont!
Missing character: There is no ா (U+0BBE) in font nullfont!
Missing character: There is no ட (U+0B9F) in font nullfont!
Missing character: There is no ு (U+0BC1) in font nullfont!
Missing character: There is no க (U+0B95) in font nullfont!
Missing character: There is no ள (U+0BB3) in font nullfont!
Missing character: There is no ா (U+0BBE) in font nullfont!
Missing character: There is no ன (U+0BA9) in font nullfont!
Missing character: There is no ந (U+0BA8) in font nullfont!
Missing character: There is no ெ (U+0BC6) in font nullfont!
Missing character: There is no ட (U+0B9F) in font nullfont!
Missing character: There is no ் (U+0BCD) in font nullfont!
Missing character: There is no வ (U+0BB5) in font nullfont!
Missing character: There is no ொ (U+0BCA) in font nullfont!
Missing character: There is no ர (U+0BB0) in font nullfont!
Missing character: There is no ் (U+0BCD) in font nullfont!
Missing character: There is no க (U+0B95) in font nullfont!
Missing character: There is no ் (U+0BCD) in font nullfont!
Missing character: There is no ப (U+0BAA) in font nullfont!
Missing character: There is no ா (U+0BBE) in font nullfont!
Missing character: There is no த (U+0BA4) in font nullfont!
Missing character: There is no ு (U+0BC1) in font nullfont!
Missing character: There is no க (U+0B95) in font nullfont!
Missing character: There is no ா (U+0BBE) in font nullfont!
Missing character: There is no ப (U+0BAA) in font nullfont!
Missing character: There is no ் (U+0BCD) in font nullfont!
Missing character: There is no ப (U+0BAA) in font nullfont!
Missing character: There is no ு (U+0BC1) in font nullfont!
Missing character: There is no ம (U+0BAE) in font nullfont!
Missing character: There is no த (U+0BA4) in font nullfont!
Missing character: There is no ி (U+0BBF) in font nullfont!
Missing character: There is no ப (U+0BAA) in font nullfont!
Missing character: There is no ் (U+0BCD) in font nullfont!
Missing character: There is no ப (U+0BAA) in font nullfont!
Missing character: There is no ீ (U+0BC0) in font nullfont!
Missing character: There is no ட (U+0B9F) in font nullfont!
Missing character: There is no ு (U+0BC1) in font nullfont!
Missing character: There is no , (U+002C) in font nullfont!
Missing character: There is no ஊ (U+0B8A) in font nullfont!
Missing character: There is no ட (U+0B9F) in font nullfont!
Missing character: There is no ு (U+0BC1) in font nullfont!
Missing character: There is no ர (U+0BB0) in font nullfont!
Missing character: There is no ு (U+0BC1) in font nullfont!
Missing character: There is no வ (U+0BB5) in font nullfont!
Missing character: There is no ல (U+0BB2) in font nullfont!
Missing character: There is no ் (U+0BCD) in font nullfont!
Missing character: There is no ச (U+0B9A) in font nullfont!
Missing character: There is no ோ (U+0BCB) in font nullfont!
Missing character: There is no த (U+0BA4) in font nullfont!
Missing character: There is no ன (U+0BA9) in font nullfont!
Missing character: There is no ை (U+0BC8) in font nullfont!
Missing character: There is no ம (U+0BAE) in font nullfont!
Missing character: There is no ற (U+0BB1) in font nullfont!
Missing character: There is no ் (U+0BCD) in font nullfont!
Missing character: There is no ற (U+0BB1) in font nullfont!
Missing character: There is no ு (U+0BC1) in font nullfont!
Missing character: There is no ம (U+0BAE) in font nullfont!
Missing character: There is no ் (U+0BCD) in font nullfont!
Missing character: There is no இ (U+0B87) in font nullfont!
Missing character: There is no ர (U+0BB0) in font nullfont!
Missing character: There is no ு (U+0BC1) in font nullfont!
Missing character: There is no ம (U+0BAE) in font nullfont!
Missing character: There is no ந (U+0BA8) in font nullfont!
Missing character: There is no ே (U+0BC7) in font nullfont!
Missing character: There is no ர (U+0BB0) in font nullfont!
Missing character: There is no ் (U+0BCD) in font nullfont!
Missing character: There is no ம (U+0BAE) in font nullfont!
Missing character: There is no ை (U+0BC8) in font nullfont!
Missing character: There is no ப (U+0BAA) in font nullfont!
Missing character: There is no க (U+0B95) in font nullfont!
Missing character: There is no ு (U+0BC1) in font nullfont!
Missing character: There is no ப (U+0BAA) in font nullfont!
Missing character: There is no ் (U+0BCD) in font nullfont!
Missing character: There is no ப (U+0BAA) in font nullfont!
Missing character: There is no ா (U+0BBE) in font nullfont!
Missing character: There is no ய (U+0BAF) in font nullfont!
Missing character: There is no ் (U+0BCD) in font nullfont!
Missing character: There is no வ (U+0BB5) in font nullfont!
Missing character: There is no ு (U+0BC1) in font nullfont!
Missing character: There is no ஆ (U+0B86) in font nullfont!
Missing character: There is no க (U+0B95) in font nullfont!
Missing character: There is no ி (U+0BBF) in font nullfont!
Missing character: There is no ய (U+0BAF) in font nullfont!
Missing character: There is no வ (U+0BB5) in font nullfont!
Missing character: There is no ற (U+0BB1) in font nullfont!
Missing character: There is no ் (U+0BCD) in font nullfont!
Missing character: There is no ற (U+0BB1) in font nullfont!
Missing character: There is no ி (U+0BBF) in font nullfont!
Missing character: There is no ற (U+0BB1) in font nullfont!
Missing character: There is no ் (U+0BCD) in font nullfont!
Missing character: There is no க (U+0B95) in font nullfont!
Missing character: There is no ா (U+0BBE) in font nullfont!
Missing character: There is no க (U+0B95) in font nullfont!
Missing character: There is no ச (U+0B9A) in font nullfont!
Missing character: There is no ி (U+0BBF) in font nullfont!
Missing character: There is no ற (U+0BB1) in font nullfont!
Missing character: There is no ப (U+0BAA) in font nullfont!
Missing character: There is no ் (U+0BCD) in font nullfont!
Missing character: There is no ப (U+0BAA) in font nullfont!
Missing character: There is no ா (U+0BBE) in font nullfont!
Missing character: There is no க (U+0B95) in font nullfont!
Missing character: There is no வ (U+0BB5) in font nullfont!
Missing character: There is no ட (U+0B9F) in font nullfont!
Missing character: There is no ி (U+0BBF) in font nullfont!
Missing character: There is no வ (U+0BB5) in font nullfont!
Missing character: There is no ம (U+0BAE) in font nullfont!
Missing character: There is no ை (U+0BC8) in font nullfont!
Missing character: There is no க (U+0B95) in font nullfont!
Missing character: There is no ் (U+0BCD) in font nullfont!
Missing character: There is no க (U+0B95) in font nullfont!
Missing character: There is no ப (U+0BAA) in font nullfont!
Missing character: There is no ் (U+0BCD) in font nullfont!
Missing character: There is no ப (U+0BAA) in font nullfont!
Missing character: There is no ட (U+0B9F) in font nullfont!
Missing character: There is no ் (U+0BCD) in font nullfont!
Missing character: There is no ட (U+0B9F) in font nullfont!
Missing character: There is no ு (U+0BC1) in font nullfont!
Missing character: There is no ள (U+0BB3) in font nullfont!
Missing character: There is no ் (U+0BCD) in font nullfont!
Missing character: There is no ள (U+0BB3) in font nullfont!
Missing character: There is no த (U+0BA4) in font nullfont!
Missing character: There is no ு (U+0BC1) in font nullfont!
Missing character: There is no . (U+002E) in font nullfont!
Missing character: There is no இ (U+0B87) in font nullfont!
Missing character: There is no ந (U+0BA8) in font nullfont!
Missing character: There is no ் (U+0BCD) in font nullfont!
Missing character: There is no த (U+0BA4) in font nullfont!
Missing character: There is no வ (U+0BB5) in font nullfont!
Missing character: There is no ி (U+0BBF) in font nullfont!
Missing character: There is no ந (U+0BA8) in font nullfont!
Missing character: There is no ி (U+0BBF) in font nullfont!
Missing character: There is no ய (U+0BAF) in font nullfont!
Missing character: There is no ோ (U+0BCB) in font nullfont!
Missing character: There is no க (U+0B95) in font nullfont!
Missing character: There is no ம (U+0BAE) in font nullfont!
Missing character: There is no ் (U+0BCD) in font nullfont!
Missing character: There is no C (U+0043) in font nullfont!
Missing character: There is no o (U+006F) in font nullfont!
Missing character: There is no g (U+0067) in font nullfont!
Missing character: There is no m (U+006D) in font nullfont!
Missing character: There is no a (U+0061) in font nullfont!
Missing character: There is no n (U+006E) in font nullfont!
Missing character: There is no ( (U+0028) in font nullfont!
Missing character: There is no C (U+0043) in font nullfont!
Missing character: There is no o (U+006F) in font nullfont!
Missing character: There is no g (U+0067) in font nullfont!
Missing character: There is no n (U+006E) in font nullfont!
Missing character: There is no i (U+0069) in font nullfont!
Missing character: There is no t (U+0074) in font nullfont!
Missing character: There is no i (U+0069) in font nullfont!
Missing character: There is no v (U+0076) in font nullfont!
Missing character: There is no e (U+0065) in font nullfont!
Missing character: There is no M (U+004D) in font nullfont!
Missing character: There is no a (U+0061) in font nullfont!
Missing character: There is no n (U+006E) in font nullfont!
Missing character: There is no a (U+0061) in font nullfont!
Missing character: There is no g (U+0067) in font nullfont!
Missing character: There is no e (U+0065) in font nullfont!
Missing character: There is no r (U+0072) in font nullfont!
Missing character: There is no ) (U+0029) in font nullfont!
Missing character: There is no க (U+0B95) in font nullfont!
Missing character: There is no ர (U+0BB0) in font nullfont!
Missing character: There is no ு (U+0BC1) in font nullfont!
Missing character: There is no வ (U+0BB5) in font nullfont!
Missing character: There is no ி (U+0BBF) in font nullfont!
Missing character: There is no த (U+0BA4) in font nullfont!
Missing character: There is no ் (U+0BCD) in font nullfont!
Missing character: There is no த (U+0BA4) in font nullfont!
Missing character: There is no ொ (U+0BCA) in font nullfont!
Missing character: There is no க (U+0B95) in font nullfont!
Missing character: There is no ு (U+0BC1) in font nullfont!
Missing character: There is no ப (U+0BAA) in font nullfont!
Missing character: There is no ் (U+0BCD) in font nullfont!
Missing character: There is no ப (U+0BAA) in font nullfont!
Missing character: There is no ை (U+0BC8) in font nullfont!
Missing character: There is no ப (U+0BAA) in font nullfont!
Missing character: There is no ் (U+0BCD) in font nullfont!
Missing character: There is no ப (U+0BAA) in font nullfont!
Missing character: There is no ய (U+0BAF) in font nullfont!
Missing character: There is no ன (U+0BA9) in font nullfont!
Missing character: There is no ் (U+0BCD) in font nullfont!
Missing character: There is no ப (U+0BAA) in font nullfont!
Missing character: There is no ட (U+0B9F) in font nullfont!
Missing character: There is no ு (U+0BC1) in font nullfont!
Missing character: There is no த (U+0BA4) in font nullfont!
Missing character: There is no ் (U+0BCD) in font nullfont!
Missing character: There is no த (U+0BA4) in font nullfont!
Missing character: There is no ி (U+0BBF) in font nullfont!
Missing character: There is no க (U+0B95) in font nullfont!
Missing character: There is no ட (U+0B9F) in font nullfont!
Missing character: There is no ் (U+0BCD) in font nullfont!
Missing character: There is no ட (U+0B9F) in font nullfont!
Missing character: There is no ம (U+0BAE) in font nullfont!
Missing character: There is no ை (U+0BC8) in font nullfont!
Missing character: There is no க (U+0B95) in font nullfont!
Missing character: There is no ் (U+0BCD) in font nullfont!
Missing character: There is no க (U+0B95) in font nullfont!
Missing character: There is no ப (U+0BAA) in font nullfont!
Missing character: There is no ் (U+0BCD) in font nullfont!
Missing character: There is no ப (U+0BAA) in font nullfont!
Missing character: There is no ட (U+0B9F) in font nullfont!
Missing character: There is no ் (U+0BCD) in font nullfont!
Missing character: There is no ட (U+0B9F) in font nullfont!
Missing character: There is no ு (U+0BC1) in font nullfont!
Missing character: There is no ள (U+0BB3) in font nullfont!
Missing character: There is no ் (U+0BCD) in font nullfont!
Missing character: There is no ள (U+0BB3) in font nullfont!
Missing character: There is no த (U+0BA4) in font nullfont!
Missing character: There is no ு (U+0BC1) in font nullfont!
Missing character: There is no - (U+002D) in font nullfont!
Missing character: There is no - (U+002D) in font nullfont!
Missing character: There is no இ (U+0B87) in font nullfont!
Missing character: There is no த (U+0BA4) in font nullfont!
Missing character: There is no ு (U+0BC1) in font nullfont!
Missing character: There is no R (U+0052) in font nullfont!
Missing character: There is no u (U+0075) in font nullfont!
Missing character: There is no s (U+0073) in font nullfont!
Missing character: There is no t (U+0074) in font nullfont!
Missing character: There is no ம (U+0BAE) in font nullfont!
Missing character: There is no ற (U+0BB1) in font nullfont!
Missing character: There is no ் (U+0BCD) in font nullfont!
Missing character: There is no ற (U+0BB1) in font nullfont!
Missing character: There is no ு (U+0BC1) in font nullfont!
Missing character: There is no ம (U+0BAE) in font nullfont!
Missing character: There is no ் (U+0BCD) in font nullfont!
Missing character: There is no C (U+0043) in font nullfont!
Missing character: There is no 1 (U+0031) in font nullfont!
Missing character: There is no 1 (U+0031) in font nullfont!
Missing character: There is no ம (U+0BAE) in font nullfont!
Missing character: There is no ொ (U+0BCA) in font nullfont!
Missing character: There is no ழ (U+0BB4) in font nullfont!
Missing character: There is no ி (U+0BBF) in font nullfont!
Missing character: There is no க (U+0B95) in font nullfont!
Missing character: There is no ள (U+0BB3) in font nullfont!
Missing character: There is no ி (U+0BBF) in font nullfont!
Missing character: There is no ல (U+0BB2) in font nullfont!
Missing character: There is no ் (U+0BCD) in font nullfont!
Missing character: There is no ச (U+0B9A) in font nullfont!
Missing character: There is no ெ (U+0BC6) in font nullfont!
Missing character: There is no ய (U+0BAF) in font nullfont!
Missing character: There is no ல (U+0BB2) in font nullfont!
Missing character: There is no ் (U+0BCD) in font nullfont!
Missing character: There is no ப (U+0BAA) in font nullfont!
Missing character: There is no ட (U+0B9F) in font nullfont!
Missing character: There is no ு (U+0BC1) in font nullfont!
Missing character: There is no த (U+0BA4) in font nullfont!
Missing character: There is no ் (U+0BCD) in font nullfont!
Missing character: There is no த (U+0BA4) in font nullfont!
Missing character: There is no ப (U+0BAA) in font nullfont!
Missing character: There is no ் (U+0BCD) in font nullfont!
Missing character: There is no ப (U+0BAA) in font nullfont!
Missing character: There is no ட (U+0B9F) in font nullfont!
Missing character: There is no ் (U+0BCD) in font nullfont!
Missing character: There is no ட (U+0B9F) in font nullfont!
Missing character: There is no ஒ (U+0B92) in font nullfont!
Missing character: There is no ர (U+0BB0) in font nullfont!
Missing character: There is no ு (U+0BC1) in font nullfont!
Missing character: There is no ஒ (U+0B92) in font nullfont!
Missing character: There is no ர (U+0BB0) in font nullfont!
Missing character: There is no ு (U+0BC1) in font nullfont!
Missing character: There is no ங (U+0B99) in font nullfont!
Missing character: There is no ் (U+0BCD) in font nullfont!
Missing character: There is no க (U+0B95) in font nullfont!
Missing character: There is no ி (U+0BBF) in font nullfont!
Missing character: There is no ண (U+0BA3) in font nullfont!
Missing character: There is no ை (U+0BC8) in font nullfont!
Missing character: There is no ந (U+0BA8) in font nullfont!
Missing character: There is no ் (U+0BCD) in font nullfont!
Missing character: There is no த (U+0BA4) in font nullfont!
Missing character: There is no உ (U+0B89) in font nullfont!
Missing character: There is no ர (U+0BB0) in font nullfont!
Missing character: There is no ு (U+0BC1) in font nullfont!
Missing character: There is no வ (U+0BB5) in font nullfont!
Missing character: There is no ா (U+0BBE) in font nullfont!
Missing character: There is no க (U+0B95) in font nullfont!
Missing character: There is no ் (U+0BCD) in font nullfont!
Missing character: There is no க (U+0B95) in font nullfont!
Missing character: There is no ம (U+0BAE) in font nullfont!
Missing character: There is no ் (U+0BCD) in font nullfont!
Missing character: There is no ம (U+0BAE) in font nullfont!
Missing character: There is no ற (U+0BB1) in font nullfont!
Missing character: There is no ் (U+0BCD) in font nullfont!
Missing character: There is no ற (U+0BB1) in font nullfont!
Missing character: There is no ு (U+0BC1) in font nullfont!
Missing character: There is no ம (U+0BAE) in font nullfont!
Missing character: There is no ் (U+0BCD) in font nullfont!
Missing character: There is no இ (U+0B87) in font nullfont!
Missing character: There is no ய (U+0BAF) in font nullfont!
Missing character: There is no க (U+0B95) in font nullfont!
Missing character: There is no ் (U+0BCD) in font nullfont!
Missing character: There is no க (U+0B95) in font nullfont!
Missing character: There is no ந (U+0BA8) in font nullfont!
Missing character: There is no ே (U+0BC7) in font nullfont!
Missing character: There is no ர (U+0BB0) in font nullfont!
Missing character: There is no அ (U+0B85) in font nullfont!
Missing character: There is no ம (U+0BAE) in font nullfont!
Missing character: There is no ை (U+0BC8) in font nullfont!
Missing character: There is no ப (U+0BAA) in font nullfont!
Missing character: There is no ் (U+0BCD) in font nullfont!
Missing character: There is no ப (U+0BAA) in font nullfont!
Missing character: There is no ு (U+0BC1) in font nullfont!
Missing character: There is no ஆ (U+0B86) in font nullfont!
Missing character: There is no க (U+0B95) in font nullfont!
Missing character: There is no ு (U+0BC1) in font nullfont!
Missing character: There is no ம (U+0BAE) in font nullfont!
Missing character: There is no ் (U+0BCD) in font nullfont!
Missing character: There is no . (U+002E) in font nullfont!
Missing character: There is no r (U+0072) in font nullfont!
Missing character: There is no o (U+006F) in font nullfont!
Missing character: There is no o (U+006F) in font nullfont!
Missing character: There is no t (U+0074) in font nullfont!
Missing character: There is no f (U+0066) in font nullfont!
Missing character: There is no s (U+0073) in font nullfont!
Missing character: There is no இ (U+0B87) in font nullfont!
Missing character: There is no ல (U+0BB2) in font nullfont!
Missing character: There is no ் (U+0BCD) in font nullfont!
Missing character: There is no த (U+0BA4) in font nullfont!
Missing character: There is no ொ (U+0BCA) in font nullfont!
Missing character: There is no ழ (U+0BB4) in font nullfont!
Missing character: There is no ி (U+0BBF) in font nullfont!
Missing character: There is no ல (U+0BB2) in font nullfont!
Missing character: There is no ் (U+0BCD) in font nullfont!
Missing character: There is no த (U+0BA4) in font nullfont!
Missing character: There is no ு (U+0BC1) in font nullfont!
Missing character: There is no ற (U+0BB1) in font nullfont!
Missing character: There is no ை (U+0BC8) in font nullfont!
Missing character: There is no - (U+002D) in font nullfont!
Missing character: There is no - (U+002D) in font nullfont!
Missing character: There is no த (U+0BA4) in font nullfont!
Missing character: There is no ர (U+0BB0) in font nullfont!
Missing character: There is no ம (U+0BAE) in font nullfont!
Missing character: There is no ா (U+0BBE) in font nullfont!
Missing character: There is no ன (U+0BA9) in font nullfont!
Missing character: There is no ப (U+0BAA) in font nullfont!
Missing character: There is no ா (U+0BBE) in font nullfont!
Missing character: There is no த (U+0BA4) in font nullfont!
Missing character: There is no ு (U+0BC1) in font nullfont!
Missing character: There is no க (U+0B95) in font nullfont!
Missing character: There is no ா (U+0BBE) in font nullfont!
Missing character: There is no ப (U+0BAA) in font nullfont!
Missing character: There is no ் (U+0BCD) in font nullfont!
Missing character: There is no ப (U+0BAA) in font nullfont!
Missing character: There is no ு (U+0BC1) in font nullfont!
Missing character: There is no க (U+0B95) in font nullfont!
Missing character: There is no ர (U+0BB0) in font nullfont!
Missing character: There is no ு (U+0BC1) in font nullfont!
Missing character: There is no வ (U+0BB5) in font nullfont!
Missing character: There is no ி (U+0BBF) in font nullfont!
Missing character: There is no க (U+0B95) in font nullfont!
Missing character: There is no ள (U+0BB3) in font nullfont!
Missing character: There is no ா (U+0BBE) in font nullfont!
Missing character: There is no ன (U+0BA9) in font nullfont!
Missing character: There is no n (U+006E) in font nullfont!
Missing character: There is no m (U+006D) in font nullfont!
Missing character: There is no a (U+0061) in font nullfont!
Missing character: There is no p (U+0070) in font nullfont!
Missing character: There is no 7 (U+0037) in font nullfont!
Missing character: There is no . (U+002E) in font nullfont!
Missing character: There is no 9 (U+0039) in font nullfont!
Missing character: There is no 9 (U+0039) in font nullfont!
Missing character: There is no , (U+002C) in font nullfont!
Missing character: There is no t (U+0074) in font nullfont!
Missing character: There is no c (U+0063) in font nullfont!
Missing character: There is no p (U+0070) in font nullfont!
Missing character: There is no d (U+0064) in font nullfont!
Missing character: There is no u (U+0075) in font nullfont!
Missing character: There is no m (U+006D) in font nullfont!
Missing character: There is no p (U+0070) in font nullfont!
Missing character: There is no 4 (U+0034) in font nullfont!
Missing character: There is no . (U+002E) in font nullfont!
Missing character: There is no 9 (U+0039) in font nullfont!
Missing character: There is no 9 (U+0039) in font nullfont!
Missing character: There is no . (U+002E) in font nullfont!
Missing character: There is no 6 (U+0036) in font nullfont!
Missing character: There is no , (U+002C) in font nullfont!
Missing character: There is no s (U+0073) in font nullfont!
Missing character: There is no o (U+006F) in font nullfont!
Missing character: There is no c (U+0063) in font nullfont!
Missing character: There is no a (U+0061) in font nullfont!
Missing character: There is no t (U+0074) in font nullfont!
Missing character: There is no 1 (U+0031) in font nullfont!
Missing character: There is no . (U+002E) in font nullfont!
Missing character: There is no 8 (U+0038) in font nullfont!
Missing character: There is no . (U+002E) in font nullfont!
Missing character: There is no 1 (U+0031) in font nullfont!
Missing character: There is no . (U+002E) in font nullfont!
Missing character: There is no 1 (U+0031) in font nullfont!
Missing character: There is no , (U+002C) in font nullfont!
Missing character: There is no ப (U+0BAA) in font nullfont!
Missing character: There is no ை (U+0BC8) in font nullfont!
Missing character: There is no ன (U+0BA9) in font nullfont!
Missing character: There is no ர (U+0BB0) in font nullfont!
Missing character: There is no ி (U+0BBF) in font nullfont!
Missing character: There is no ப (U+0BAA) in font nullfont!
Missing character: There is no க (U+0B95) in font nullfont!
Missing character: There is no ு (U+0BC1) in font nullfont!
Missing character: There is no ப (U+0BAA) in font nullfont!
Missing character: There is no ் (U+0BCD) in font nullfont!
Missing character: There is no ப (U+0BAA) in font nullfont!
Missing character: There is no ா (U+0BBE) in font nullfont!
Missing character: There is no ய (U+0BAF) in font nullfont!
Missing character: There is no ் (U+0BCD) in font nullfont!
Missing character: There is no வ (U+0BB5) in font nullfont!
Missing character: There is no ு (U+0BC1) in font nullfont!
Missing character: There is no ப (U+0BAA) in font nullfont!
Missing character: There is no ய (U+0BAF) in font nullfont!
Missing character: There is no ன (U+0BA9) in font nullfont!
Missing character: There is no ் (U+0BCD) in font nullfont!
Missing character: There is no ப (U+0BAA) in font nullfont!
Missing character: There is no ா (U+0BBE) in font nullfont!
Missing character: There is no ட (U+0B9F) in font nullfont!
Missing character: There is no ு (U+0BC1) in font nullfont!
Missing character: There is no க (U+0B95) in font nullfont!
Missing character: There is no ள (U+0BB3) in font nullfont!
Missing character: There is no ் (U+0BCD) in font nullfont!
Missing character: There is no ( (U+0028) in font nullfont!
Missing character: There is no s (U+0073) in font nullfont!
Missing character: There is no t (U+0074) in font nullfont!
Missing character: There is no r (U+0072) in font nullfont!
Missing character: There is no a (U+0061) in font nullfont!
Missing character: There is no c (U+0063) in font nullfont!
Missing character: There is no e (U+0065) in font nullfont!
Missing character: There is no , (U+002C) in font nullfont!
Missing character: There is no s (U+0073) in font nullfont!
Missing character: There is no t (U+0074) in font nullfont!
Missing character: There is no r (U+0072) in font nullfont!
Missing character: There is no i (U+0069) in font nullfont!
Missing character: There is no n (U+006E) in font nullfont!
Missing character: There is no g (U+0067) in font nullfont!
Missing character: There is no s (U+0073) in font nullfont!
Missing character: There is no , (U+002C) in font nullfont!
Missing character: There is no o (U+006F) in font nullfont!
Missing character: There is no b (U+0062) in font nullfont!
Missing character: There is no j (U+006A) in font nullfont!
Missing character: There is no d (U+0064) in font nullfont!
Missing character: There is no u (U+0075) in font nullfont!
Missing character: There is no m (U+006D) in font nullfont!
Missing character: There is no p (U+0070) in font nullfont!
Missing character: There is no , (U+002C) in font nullfont!
Missing character: There is no r (U+0072) in font nullfont!
Missing character: There is no e (U+0065) in font nullfont!
Missing character: There is no a (U+0061) in font nullfont!
Missing character: There is no d (U+0064) in font nullfont!
Missing character: There is no e (U+0065) in font nullfont!
Missing character: There is no l (U+006C) in font nullfont!
Missing character: There is no f (U+0066) in font nullfont!
Missing character: There is no ) (U+0029) in font nullfont!
Missing character: There is no , (U+002C) in font nullfont!
Missing character: There is no X (U+0058) in font nullfont!
Missing character: There is no 1 (U+0031) in font nullfont!
Missing character: There is no 1 (U+0031) in font nullfont!
Missing character: There is no / (U+002F) in font nullfont!
Missing character: There is no D (U+0044) in font nullfont!
Missing character: There is no W (U+0057) in font nullfont!
Missing character: There is no M (U+004D) in font nullfont!
Missing character: There is no வ (U+0BB5) in font nullfont!
Missing character: There is no ர (U+0BB0) in font nullfont!
Missing character: There is no ை (U+0BC8) in font nullfont!
Missing character: There is no க (U+0B95) in font nullfont!
Missing character: There is no ல (U+0BB2) in font nullfont!
Missing character: There is no ை (U+0BC8) in font nullfont!
Missing character: There is no ச (U+0B9A) in font nullfont!
Missing character: There is no ூ (U+0BC2) in font nullfont!
Missing character: There is no ழ (U+0BB4) in font nullfont!
Missing character: There is no ல (U+0BB2) in font nullfont!
Missing character: There is no ் (U+0BCD) in font nullfont!
Missing character: There is no , (U+002C) in font nullfont!
Missing character: There is no D (U+0044) in font nullfont!
Missing character: There is no r (U+0072) in font nullfont!
Missing character: There is no o (U+006F) in font nullfont!
Missing character: There is no p (U+0070) in font nullfont!
Missing character: There is no b (U+0062) in font nullfont!
Missing character: There is no e (U+0065) in font nullfont!
Missing character: There is no a (U+0061) in font nullfont!
Missing character: There is no r (U+0072) in font nullfont!
Missing character: There is no S (U+0053) in font nullfont!
Missing character: There is no S (U+0053) in font nullfont!
Missing character: There is no H (U+0048) in font nullfont!
Missing character: There is no ம (U+0BAE) in font nullfont!
Missing character: There is no ற (U+0BB1) in font nullfont!
Missing character: There is no ் (U+0BCD) in font nullfont!
Missing character: There is no ற (U+0BB1) in font nullfont!
Missing character: There is no ு (U+0BC1) in font nullfont!
Missing character: There is no ம (U+0BAE) in font nullfont!
Missing character: There is no ் (U+0BCD) in font nullfont!
Missing character: There is no n (U+006E) in font nullfont!
Missing character: There is no f (U+0066) in font nullfont!
Missing character: There is no t (U+0074) in font nullfont!
Missing character: There is no a (U+0061) in font nullfont!
Missing character: There is no b (U+0062) in font nullfont!
Missing character: There is no l (U+006C) in font nullfont!
Missing character: There is no e (U+0065) in font nullfont!
Missing character: There is no s (U+0073) in font nullfont!
Missing character: There is no த (U+0BA4) in font nullfont!
Missing character: There is no ி (U+0BBF) in font nullfont!
Missing character: There is no ட (U+0B9F) in font nullfont!
Missing character: There is no ் (U+0BCD) in font nullfont!
Missing character: There is no ட (U+0B9F) in font nullfont!
Missing character: There is no ச (U+0B9A) in font nullfont!
Missing character: There is no ் (U+0BCD) in font nullfont!
Missing character: There is no ச (U+0B9A) in font nullfont!
Missing character: There is no ு (U+0BC1) in font nullfont!
Missing character: There is no வ (U+0BB5) in font nullfont!
Missing character: There is no ர (U+0BB0) in font nullfont!
Missing character: There is no ் (U+0BCD) in font nullfont!
Missing character: There is no ஆ (U+0B86) in font nullfont!
Missing character: There is no க (U+0B95) in font nullfont!
Missing character: There is no ி (U+0BBF) in font nullfont!
Missing character: There is no ய (U+0BAF) in font nullfont!
Missing character: There is no வ (U+0BB5) in font nullfont!
Missing character: There is no ை (U+0BC8) in font nullfont!
Missing character: There is no உ (U+0B89) in font nullfont!
Missing character: There is no ள (U+0BB3) in font nullfont!
Missing character: There is no ் (U+0BCD) in font nullfont!
Missing character: There is no ள (U+0BB3) in font nullfont!
Missing character: There is no ன (U+0BA9) in font nullfont!
Missing character: There is no . (U+002E) in font nullfont!
Missing character: There is no அ (U+0B85) in font nullfont!
Missing character: There is no ண (U+0BA3) in font nullfont!
Missing character: There is no ு (U+0BC1) in font nullfont!
Missing character: There is no க (U+0B95) in font nullfont!
Missing character: There is no ் (U+0BCD) in font nullfont!
Missing character: There is no க (U+0B95) in font nullfont!
Missing character: There is no ர (U+0BB0) in font nullfont!
Missing character: There is no ு (U+0BC1) in font nullfont!
Missing character: There is no C (U+0043) in font nullfont!
Missing character: There is no O (U+004F) in font nullfont!
Missing character: There is no N (U+004E) in font nullfont!
Missing character: There is no F (U+0046) in font nullfont!
Missing character: There is no I (U+0049) in font nullfont!
Missing character: There is no G (U+0047) in font nullfont!
Missing character: There is no P (U+0050) in font nullfont!
Missing character: There is no A (U+0041) in font nullfont!
Missing character: There is no C (U+0043) in font nullfont!
Missing character: There is no K (U+004B) in font nullfont!
Missing character: There is no E (U+0045) in font nullfont!
Missing character: There is no T (U+0054) in font nullfont!
Missing character: There is no , (U+002C) in font nullfont!
Missing character: There is no C (U+0043) in font nullfont!
Missing character: There is no O (U+004F) in font nullfont!
Missing character: There is no N (U+004E) in font nullfont!
Missing character: There is no F (U+0046) in font nullfont!
Missing character: There is no I (U+0049) in font nullfont!
Missing character: There is no G (U+0047) in font nullfont!
Missing character: There is no T (U+0054) in font nullfont!
Missing character: There is no U (U+0055) in font nullfont!
Missing character: There is no N (U+004E) in font nullfont!
Missing character: There is no , (U+002C) in font nullfont!
Missing character: There is no C (U+0043) in font nullfont!
Missing character: There is no O (U+004F) in font nullfont!
Missing character: There is no N (U+004E) in font nullfont!
Missing character: There is no F (U+0046) in font nullfont!
Missing character: There is no I (U+0049) in font nullfont!
Missing character: There is no G (U+0047) in font nullfont!
Missing character: There is no B (U+0042) in font nullfont!
Missing character: There is no P (U+0050) in font nullfont!
Missing character: There is no F (U+0046) in font nullfont!
Missing character: There is no S (U+0053) in font nullfont!
Missing character: There is no Y (U+0059) in font nullfont!
Missing character: There is no S (U+0053) in font nullfont!
Missing character: There is no C (U+0043) in font nullfont!
Missing character: There is no A (U+0041) in font nullfont!
Missing character: There is no L (U+004C) in font nullfont!
Missing character: There is no L (U+004C) in font nullfont!
Missing character: There is no , (U+002C) in font nullfont!
Missing character: There is no C (U+0043) in font nullfont!
Missing character: There is no O (U+004F) in font nullfont!
Missing character: There is no N (U+004E) in font nullfont!
Missing character: There is no F (U+0046) in font nullfont!
Missing character: There is no I (U+0049) in font nullfont!
Missing character: There is no G (U+0047) in font nullfont!
Missing character: There is no M (U+004D) in font nullfont!
Missing character: There is no A (U+0041) in font nullfont!
Missing character: There is no C (U+0043) in font nullfont!
Missing character: There is no 8 (U+0038) in font nullfont!
Missing character: There is no 0 (U+0030) in font nullfont!
Missing character: There is no 2 (U+0032) in font nullfont!
Missing character: There is no 1 (U+0031) in font nullfont!
Missing character: There is no 1 (U+0031) in font nullfont!
Missing character: There is no ம (U+0BAE) in font nullfont!
Missing character: There is no ற (U+0BB1) in font nullfont!
Missing character: There is no ் (U+0BCD) in font nullfont!
Missing character: There is no ற (U+0BB1) in font nullfont!
Missing character: There is no ு (U+0BC1) in font nullfont!
Missing character: There is no ம (U+0BAE) in font nullfont!
Missing character: There is no ் (U+0BCD) in font nullfont!
Missing character: There is no ந (U+0BA8) in font nullfont!
Missing character: There is no ெ (U+0BC6) in font nullfont!
Missing character: There is no ட (U+0B9F) in font nullfont!
Missing character: There is no ் (U+0BCD) in font nullfont!
Missing character: There is no வ (U+0BB5) in font nullfont!
Missing character: There is no ொ (U+0BCA) in font nullfont!
Missing character: There is no ர (U+0BB0) in font nullfont!
Missing character: There is no ் (U+0BCD) in font nullfont!
Missing character: There is no க (U+0B95) in font nullfont!
Missing character: There is no ் (U+0BCD) in font nullfont!
Missing character: There is no ப (U+0BAA) in font nullfont!
Missing character: There is no ெ (U+0BC6) in font nullfont!
Missing character: There is no ய (U+0BAF) in font nullfont!
Missing character: There is no ர (U+0BB0) in font nullfont!
Missing character: There is no ் (U+0BCD) in font nullfont!
Missing character: There is no வ (U+0BB5) in font nullfont!
Missing character: There is no ெ (U+0BC6) in font nullfont!
Missing character: There is no ள (U+0BB3) in font nullfont!
Missing character: There is no ி (U+0BBF) in font nullfont!
Missing character: There is no ஆ (U+0B86) in font nullfont!
Missing character: There is no த (U+0BA4) in font nullfont!
Missing character: There is no ர (U+0BB0) in font nullfont!
Missing character: There is no வ (U+0BB5) in font nullfont!
Missing character: There is no ு (U+0BC1) in font nullfont!
Missing character: There is no ட (U+0B9F) in font nullfont!
Missing character: There is no ன (U+0BA9) in font nullfont!
Missing character: There is no ் (U+0BCD) in font nullfont!
Missing character: There is no க (U+0B95) in font nullfont!
Missing character: There is no ட (U+0B9F) in font nullfont!
Missing character: There is no ் (U+0BCD) in font nullfont!
Missing character: There is no ட (U+0B9F) in font nullfont!
Missing character: There is no ம (U+0BAE) in font nullfont!
Missing character: There is no ை (U+0BC8) in font nullfont!
Missing character: There is no க (U+0B95) in font nullfont!
Missing character: There is no ் (U+0BCD) in font nullfont!
Missing character: There is no க (U+0B95) in font nullfont!
Missing character: There is no ப (U+0BAA) in font nullfont!
Missing character: There is no ் (U+0BCD) in font nullfont!
Missing character: There is no ப (U+0BAA) in font nullfont!
Missing character: There is no ட (U+0B9F) in font nullfont!
Missing character: There is no ் (U+0BCD) in font nullfont!
Missing character: There is no ட (U+0B9F) in font nullfont!
Missing character: There is no ு (U+0BC1) in font nullfont!
Missing character: There is no ம (U+0BAE) in font nullfont!
Missing character: There is no ு (U+0BC1) in font nullfont!
Missing character: There is no ழ (U+0BB4) in font nullfont!
Missing character: There is no ு (U+0BC1) in font nullfont!
Missing character: There is no த (U+0BA4) in font nullfont!
Missing character: There is no ொ (U+0BCA) in font nullfont!
Missing character: There is no ழ (U+0BB4) in font nullfont!
Missing character: There is no ி (U+0BBF) in font nullfont!
Missing character: There is no ல (U+0BB2) in font nullfont!
Missing character: There is no ் (U+0BCD) in font nullfont!
Missing character: There is no ம (U+0BAE) in font nullfont!
Missing character: There is no ு (U+0BC1) in font nullfont!
Missing character: There is no ற (U+0BB1) in font nullfont!
Missing character: There is no ை (U+0BC8) in font nullfont!
Missing character: There is no ப (U+0BAA) in font nullfont!
Missing character: There is no ா (U+0BBE) in font nullfont!
Missing character: There is no த (U+0BA4) in font nullfont!
Missing character: There is no ு (U+0BC1) in font nullfont!
Missing character: There is no க (U+0B95) in font nullfont!
Missing character: There is no ா (U+0BBE) in font nullfont!
Missing character: There is no ப (U+0BAA) in font nullfont!
Missing character: There is no ் (U+0BCD) in font nullfont!
Missing character: There is no ப (U+0BAA) in font nullfont!
Missing character: There is no ு (U+0BC1) in font nullfont!
Missing character: There is no க (U+0B95) in font nullfont!
Missing character: There is no ் (U+0BCD) in font nullfont!
Missing character: There is no க (U+0B95) in font nullfont!
Missing character: There is no ர (U+0BB0) in font nullfont!
Missing character: There is no ு (U+0BC1) in font nullfont!
Missing character: There is no வ (U+0BB5) in font nullfont!
Missing character: There is no ி (U+0BBF) in font nullfont!
Missing character: There is no த (U+0BA4) in font nullfont!
Missing character: There is no ் (U+0BCD) in font nullfont!
Missing character: There is no த (U+0BA4) in font nullfont!
Missing character: There is no ொ (U+0BCA) in font nullfont!
Missing character: There is no க (U+0B95) in font nullfont!
Missing character: There is no ு (U+0BC1) in font nullfont!
Missing character: There is no ப (U+0BAA) in font nullfont!
Missing character: There is no ் (U+0BCD) in font nullfont!
Missing character: There is no ப (U+0BAA) in font nullfont!
Missing character: There is no ை (U+0BC8) in font nullfont!
Missing character: There is no இ (U+0B87) in font nullfont!
Missing character: There is no ய (U+0BAF) in font nullfont!
Missing character: There is no க (U+0B95) in font nullfont!
Missing character: There is no ் (U+0BCD) in font nullfont!
Missing character: There is no க (U+0B95) in font nullfont!
Missing character: There is no உ (U+0B89) in font nullfont!
Missing character: There is no த (U+0BA4) in font nullfont!
Missing character: There is no வ (U+0BB5) in font nullfont!
Missing character: There is no ு (U+0BC1) in font nullfont!
Missing character: There is no க (U+0B95) in font nullfont!
Missing character: There is no ி (U+0BBF) in font nullfont!
Missing character: There is no ற (U+0BB1) in font nullfont!
Missing character: There is no த (U+0BA4) in font nullfont!
Missing character: There is no ு (U+0BC1) in font nullfont!
Missing character: There is no . (U+002E) in font nullfont!
Missing character: There is no இ (U+0B87) in font nullfont!
Missing character: There is no ந (U+0BA8) in font nullfont!
Missing character: There is no ் (U+0BCD) in font nullfont!
Missing character: There is no த (U+0BA4) in font nullfont!
Missing character: There is no த (U+0BA4) in font nullfont!
Missing character: There is no ் (U+0BCD) in font nullfont!
Missing character: There is no த (U+0BA4) in font nullfont!
Missing character: There is no ி (U+0BBF) in font nullfont!
Missing character: There is no ட (U+0B9F) in font nullfont!
Missing character: There is no ் (U+0BCD) in font nullfont!
Missing character: There is no ட (U+0B9F) in font nullfont!
Missing character: There is no ம (U+0BAE) in font nullfont!
Missing character: There is no ் (U+0BCD) in font nullfont!
Missing character: There is no R (U+0052) in font nullfont!
Missing character: There is no o (U+006F) in font nullfont!
Missing character: There is no g (U+0067) in font nullfont!
Missing character: There is no u (U+0075) in font nullfont!
Missing character: There is no e (U+0065) in font nullfont!
Missing character: There is no L (U+004C) in font nullfont!
Missing character: There is no i (U+0069) in font nullfont!
Missing character: There is no n (U+006E) in font nullfont!
Missing character: There is no u (U+0075) in font nullfont!
Missing character: There is no x (U+0078) in font nullfont!
Missing character: There is no எ (U+0B8E) in font nullfont!
Missing character: There is no ன (U+0BA9) in font nullfont!
Missing character: There is no ் (U+0BCD) in font nullfont!
Missing character: There is no ற (U+0BB1) in font nullfont!
Missing character: There is no ந (U+0BA8) in font nullfont!
Missing character: There is no ோ (U+0BCB) in font nullfont!
Missing character: There is no க (U+0B95) in font nullfont!
Missing character: There is no ் (U+0BCD) in font nullfont!
Missing character: There is no க (U+0B95) in font nullfont!
Missing character: There is no த (U+0BA4) in font nullfont!
Missing character: There is no ் (U+0BCD) in font nullfont!
Missing character: There is no த (U+0BA4) in font nullfont!
Missing character: There is no ு (U+0BC1) in font nullfont!
Missing character: There is no க (U+0B95) in font nullfont!
Missing character: There is no ் (U+0BCD) in font nullfont!
Missing character: There is no க (U+0B95) in font nullfont!
Missing character: There is no ெ (U+0BC6) in font nullfont!
Missing character: There is no ன (U+0BA9) in font nullfont!
Missing character: There is no உ (U+0B89) in font nullfont!
Missing character: There is no ர (U+0BB0) in font nullfont!
Missing character: There is no ு (U+0BC1) in font nullfont!
Missing character: There is no வ (U+0BB5) in font nullfont!
Missing character: There is no ா (U+0BBE) in font nullfont!
Missing character: There is no க (U+0B95) in font nullfont!
Missing character: There is no ் (U+0BCD) in font nullfont!
Missing character: There is no க (U+0B95) in font nullfont!
Missing character: There is no ப (U+0BAA) in font nullfont!
Missing character: There is no ் (U+0BCD) in font nullfont!
Missing character: There is no ப (U+0BAA) in font nullfont!
Missing character: There is no ட (U+0B9F) in font nullfont!
Missing character: There is no ் (U+0BCD) in font nullfont!
Missing character: There is no ட (U+0B9F) in font nullfont!
Missing character: There is no க (U+0B95) in font nullfont!
Missing character: There is no ு (U+0BC1) in font nullfont!
Missing character: There is no ற (U+0BB1) in font nullfont!
Missing character: There is no ை (U+0BC8) in font nullfont!
Missing character: There is no ந (U+0BA8) in font nullfont!
Missing character: There is no ் (U+0BCD) in font nullfont!
Missing character: There is no த (U+0BA4) in font nullfont!
Missing character: There is no ப (U+0BAA) in font nullfont!
Missing character: There is no ட (U+0B9F) in font nullfont!
Missing character: There is no ் (U+0BCD) in font nullfont!
Missing character: There is no ச (U+0B9A) in font nullfont!
Missing character: There is no L (U+004C) in font nullfont!
Missing character: There is no i (U+0069) in font nullfont!
Missing character: There is no n (U+006E) in font nullfont!
Missing character: There is no u (U+0075) in font nullfont!
Missing character: There is no x (U+0078) in font nullfont!
Missing character: There is no வ (U+0BB5) in font nullfont!
Missing character: There is no ி (U+0BBF) in font nullfont!
Missing character: There is no ந (U+0BA8) in font nullfont!
Missing character: There is no ி (U+0BBF) in font nullfont!
Missing character: There is no ய (U+0BAF) in font nullfont!
Missing character: There is no ோ (U+0BCB) in font nullfont!
Missing character: There is no க (U+0B95) in font nullfont!
Missing character: There is no த (U+0BA4) in font nullfont!
Missing character: There is no ் (U+0BCD) in font nullfont!
Missing character: There is no த (U+0BA4) in font nullfont!
Missing character: There is no ை (U+0BC8) in font nullfont!
Missing character: There is no ம (U+0BAE) in font nullfont!
Missing character: There is no ு (U+0BC1) in font nullfont!
Missing character: There is no ன (U+0BA9) in font nullfont!
Missing character: There is no ் (U+0BCD) in font nullfont!
Missing character: There is no வ (U+0BB5) in font nullfont!
Missing character: There is no ை (U+0BC8) in font nullfont!
Missing character: There is no க (U+0B95) in font nullfont!
Missing character: There is no ் (U+0BCD) in font nullfont!
Missing character: There is no க (U+0B95) in font nullfont!
Missing character: There is no ி (U+0BBF) in font nullfont!
Missing character: There is no ற (U+0BB1) in font nullfont!
Missing character: There is no த (U+0BA4) in font nullfont!
Missing character: There is no ு (U+0BC1) in font nullfont!
Missing character: There is no . (U+002E) in font nullfont!
Missing character: There is no இ (U+0B87) in font nullfont!
Missing character: There is no த (U+0BA4) in font nullfont!
Missing character: There is no ு (U+0BC1) in font nullfont!
Missing character: There is no இ (U+0B87) in font nullfont!
Missing character: There is no ண (U+0BA3) in font nullfont!
Missing character: There is no ை (U+0BC8) in font nullfont!
Missing character: There is no ய (U+0BAF) in font nullfont!
Missing character: There is no ப (U+0BAA) in font nullfont!
Missing character: There is no ் (U+0BCD) in font nullfont!
Missing character: There is no ப (U+0BAA) in font nullfont!
Missing character: There is no ா (U+0BBE) in font nullfont!
Missing character: There is no த (U+0BA4) in font nullfont!
Missing character: There is no ு (U+0BC1) in font nullfont!
Missing character: There is no க (U+0B95) in font nullfont!
Missing character: There is no ா (U+0BBE) in font nullfont!
Missing character: There is no ப (U+0BAA) in font nullfont!
Missing character: There is no ் (U+0BCD) in font nullfont!
Missing character: There is no ப (U+0BAA) in font nullfont!
Missing character: There is no ு (U+0BC1) in font nullfont!
Missing character: There is no ச (U+0B9A) in font nullfont!
Missing character: There is no ெ (U+0BC6) in font nullfont!
Missing character: There is no ய (U+0BAF) in font nullfont!
Missing character: There is no ல (U+0BB2) in font nullfont!
Missing character: There is no ் (U+0BCD) in font nullfont!
Missing character: There is no ப (U+0BAA) in font nullfont!
Missing character: There is no ா (U+0BBE) in font nullfont!
Missing character: There is no ட (U+0B9F) in font nullfont!
Missing character: There is no ு (U+0BC1) in font nullfont!
Missing character: There is no க (U+0B95) in font nullfont!
Missing character: There is no ள (U+0BB3) in font nullfont!
Missing character: There is no ா (U+0BBE) in font nullfont!
Missing character: There is no ன (U+0BA9) in font nullfont!
Missing character: There is no ந (U+0BA8) in font nullfont!
Missing character: There is no ெ (U+0BC6) in font nullfont!
Missing character: There is no ட (U+0B9F) in font nullfont!
Missing character: There is no ் (U+0BCD) in font nullfont!
Missing character: There is no வ (U+0BB5) in font nullfont!
Missing character: There is no ொ (U+0BCA) in font nullfont!
Missing character: There is no ர (U+0BB0) in font nullfont!
Missing character: There is no ் (U+0BCD) in font nullfont!
Missing character: There is no க (U+0B95) in font nullfont!
Missing character: There is no ் (U+0BCD) in font nullfont!
Missing character: There is no ப (U+0BAA) in font nullfont!
Missing character: There is no ா (U+0BBE) in font nullfont!
Missing character: There is no த (U+0BA4) in font nullfont!
Missing character: There is no ு (U+0BC1) in font nullfont!
Missing character: There is no க (U+0B95) in font nullfont!
Missing character: There is no ா (U+0BBE) in font nullfont!
Missing character: There is no ப (U+0BAA) in font nullfont!
Missing character: There is no ் (U+0BCD) in font nullfont!
Missing character: There is no ப (U+0BAA) in font nullfont!
Missing character: There is no ு (U+0BC1) in font nullfont!
Missing character: There is no ம (U+0BAE) in font nullfont!
Missing character: There is no த (U+0BA4) in font nullfont!
Missing character: There is no ி (U+0BBF) in font nullfont!
Missing character: There is no ப (U+0BAA) in font nullfont!
Missing character: There is no ் (U+0BCD) in font nullfont!
Missing character: There is no ப (U+0BAA) in font nullfont!
Missing character: There is no ீ (U+0BC0) in font nullfont!
Missing character: There is no ட (U+0B9F) in font nullfont!
Missing character: There is no ு (U+0BC1) in font nullfont!
Missing character: There is no , (U+002C) in font nullfont!
Missing character: There is no ஊ (U+0B8A) in font nullfont!
Missing character: There is no ட (U+0B9F) in font nullfont!
Missing character: There is no ு (U+0BC1) in font nullfont!
Missing character: There is no ர (U+0BB0) in font nullfont!
Missing character: There is no ு (U+0BC1) in font nullfont!
Missing character: There is no வ (U+0BB5) in font nullfont!
Missing character: There is no ல (U+0BB2) in font nullfont!
Missing character: There is no ் (U+0BCD) in font nullfont!
Missing character: There is no ச (U+0B9A) in font nullfont!
Missing character: There is no ோ (U+0BCB) in font nullfont!
Missing character: There is no த (U+0BA4) in font nullfont!
Missing character: There is no ன (U+0BA9) in font nullfont!
Missing character: There is no ை (U+0BC8) in font nullfont!
Missing character: There is no ம (U+0BAE) in font nullfont!
Missing character: There is no ற (U+0BB1) in font nullfont!
Missing character: There is no ் (U+0BCD) in font nullfont!
Missing character: There is no ற (U+0BB1) in font nullfont!
Missing character: There is no ு (U+0BC1) in font nullfont!
Missing character: There is no ம (U+0BAE) in font nullfont!
Missing character: There is no ் (U+0BCD) in font nullfont!
Missing character: There is no இ (U+0B87) in font nullfont!
Missing character: There is no ர (U+0BB0) in font nullfont!
Missing character: There is no ு (U+0BC1) in font nullfont!
Missing character: There is no ம (U+0BAE) in font nullfont!
Missing character: There is no ந (U+0BA8) in font nullfont!
Missing character: There is no ே (U+0BC7) in font nullfont!
Missing character: There is no ர (U+0BB0) in font nullfont!
Missing character: There is no ் (U+0BCD) in font nullfont!
Missing character: There is no ம (U+0BAE) in font nullfont!
Missing character: There is no ை (U+0BC8) in font nullfont!
Missing character: There is no ப (U+0BAA) in font nullfont!
Missing character: There is no க (U+0B95) in font nullfont!
Missing character: There is no ு (U+0BC1) in font nullfont!
Missing character: There is no ப (U+0BAA) in font nullfont!
Missing character: There is no ் (U+0BCD) in font nullfont!
Missing character: There is no ப (U+0BAA) in font nullfont!
Missing character: There is no ா (U+0BBE) in font nullfont!
Missing character: There is no ய (U+0BAF) in font nullfont!
Missing character: There is no ் (U+0BCD) in font nullfont!
Missing character: There is no வ (U+0BB5) in font nullfont!
Missing character: There is no ு (U+0BC1) in font nullfont!
Missing character: There is no ஆ (U+0B86) in font nullfont!
Missing character: There is no க (U+0B95) in font nullfont!
Missing character: There is no ி (U+0BBF) in font nullfont!
Missing character: There is no ய (U+0BAF) in font nullfont!
Missing character: There is no வ (U+0BB5) in font nullfont!
Missing character: There is no ற (U+0BB1) in font nullfont!
Missing character: There is no ் (U+0BCD) in font nullfont!
Missing character: There is no ற (U+0BB1) in font nullfont!
Missing character: There is no ி (U+0BBF) in font nullfont!
Missing character: There is no ற (U+0BB1) in font nullfont!
Missing character: There is no ் (U+0BCD) in font nullfont!
Missing character: There is no க (U+0B95) in font nullfont!
Missing character: There is no ா (U+0BBE) in font nullfont!
Missing character: There is no க (U+0B95) in font nullfont!
Missing character: There is no ச (U+0B9A) in font nullfont!
Missing character: There is no ி (U+0BBF) in font nullfont!
Missing character: There is no ற (U+0BB1) in font nullfont!
Missing character: There is no ப (U+0BAA) in font nullfont!
Missing character: There is no ் (U+0BCD) in font nullfont!
Missing character: There is no ப (U+0BAA) in font nullfont!
Missing character: There is no ா (U+0BBE) in font nullfont!
Missing character: There is no க (U+0B95) in font nullfont!
Missing character: There is no வ (U+0BB5) in font nullfont!
Missing character: There is no ட (U+0B9F) in font nullfont!
Missing character: There is no ி (U+0BBF) in font nullfont!
Missing character: There is no வ (U+0BB5) in font nullfont!
Missing character: There is no ம (U+0BAE) in font nullfont!
Missing character: There is no ை (U+0BC8) in font nullfont!
Missing character: There is no க (U+0B95) in font nullfont!
Missing character: There is no ் (U+0BCD) in font nullfont!
Missing character: There is no க (U+0B95) in font nullfont!
Missing character: There is no ப (U+0BAA) in font nullfont!
Missing character: There is no ் (U+0BCD) in font nullfont!
Missing character: There is no ப (U+0BAA) in font nullfont!
Missing character: There is no ட (U+0B9F) in font nullfont!
Missing character: There is no ் (U+0BCD) in font nullfont!
Missing character: There is no ட (U+0B9F) in font nullfont!
Missing character: There is no ு (U+0BC1) in font nullfont!
Missing character: There is no ள (U+0BB3) in font nullfont!
Missing character: There is no ் (U+0BCD) in font nullfont!
Missing character: There is no ள (U+0BB3) in font nullfont!
Missing character: There is no த (U+0BA4) in font nullfont!
Missing character: There is no ு (U+0BC1) in font nullfont!
Missing character: There is no . (U+002E) in font nullfont!
Missing character: There is no இ (U+0B87) in font nullfont!
Missing character: There is no ந (U+0BA8) in font nullfont!
Missing character: There is no ் (U+0BCD) in font nullfont!
Missing character: There is no த (U+0BA4) in font nullfont!
Missing character: There is no வ (U+0BB5) in font nullfont!
Missing character: There is no ி (U+0BBF) in font nullfont!
Missing character: There is no ந (U+0BA8) in font nullfont!
Missing character: There is no ி (U+0BBF) in font nullfont!
Missing character: There is no ய (U+0BAF) in font nullfont!
Missing character: There is no ோ (U+0BCB) in font nullfont!
Missing character: There is no க (U+0B95) in font nullfont!
Missing character: There is no ம (U+0BAE) in font nullfont!
Missing character: There is no ் (U+0BCD) in font nullfont!
Missing character: There is no C (U+0043) in font nullfont!
Missing character: There is no o (U+006F) in font nullfont!
Missing character: There is no g (U+0067) in font nullfont!
Missing character: There is no m (U+006D) in font nullfont!
Missing character: There is no a (U+0061) in font nullfont!
Missing character: There is no n (U+006E) in font nullfont!
Missing character: There is no ( (U+0028) in font nullfont!
Missing character: There is no C (U+0043) in font nullfont!
Missing character: There is no o (U+006F) in font nullfont!
Missing character: There is no g (U+0067) in font nullfont!
Missing character: There is no n (U+006E) in font nullfont!
Missing character: There is no i (U+0069) in font nullfont!
Missing character: There is no t (U+0074) in font nullfont!
Missing character: There is no i (U+0069) in font nullfont!
Missing character: There is no v (U+0076) in font nullfont!
Missing character: There is no e (U+0065) in font nullfont!
Missing character: There is no M (U+004D) in font nullfont!
Missing character: There is no a (U+0061) in font nullfont!
Missing character: There is no n (U+006E) in font nullfont!
Missing character: There is no a (U+0061) in font nullfont!
Missing character: There is no g (U+0067) in font nullfont!
Missing character: There is no e (U+0065) in font nullfont!
Missing character: There is no r (U+0072) in font nullfont!
Missing character: There is no ) (U+0029) in font nullfont!
Missing character: There is no க (U+0B95) in font nullfont!
Missing character: There is no ர (U+0BB0) in font nullfont!
Missing character: There is no ு (U+0BC1) in font nullfont!
Missing character: There is no வ (U+0BB5) in font nullfont!
Missing character: There is no ி (U+0BBF) in font nullfont!
Missing character: There is no த (U+0BA4) in font nullfont!
Missing character: There is no ் (U+0BCD) in font nullfont!
Missing character: There is no த (U+0BA4) in font nullfont!
Missing character: There is no ொ (U+0BCA) in font nullfont!
Missing character: There is no க (U+0B95) in font nullfont!
Missing character: There is no ு (U+0BC1) in font nullfont!
Missing character: There is no ப (U+0BAA) in font nullfont!
Missing character: There is no ் (U+0BCD) in font nullfont!
Missing character: There is no ப (U+0BAA) in font nullfont!
Missing character: There is no ை (U+0BC8) in font nullfont!
Missing character: There is no ப (U+0BAA) in font nullfont!
Missing character: There is no ் (U+0BCD) in font nullfont!
Missing character: There is no ப (U+0BAA) in font nullfont!
Missing character: There is no ய (U+0BAF) in font nullfont!
Missing character: There is no ன (U+0BA9) in font nullfont!
Missing character: There is no ் (U+0BCD) in font nullfont!
Missing character: There is no ப (U+0BAA) in font nullfont!
Missing character: There is no ட (U+0B9F) in font nullfont!
Missing character: There is no ு (U+0BC1) in font nullfont!
Missing character: There is no த (U+0BA4) in font nullfont!
Missing character: There is no ் (U+0BCD) in font nullfont!
Missing character: There is no த (U+0BA4) in font nullfont!
Missing character: There is no ி (U+0BBF) in font nullfont!
Missing character: There is no க (U+0B95) in font nullfont!
Missing character: There is no ட (U+0B9F) in font nullfont!
Missing character: There is no ் (U+0BCD) in font nullfont!
Missing character: There is no ட (U+0B9F) in font nullfont!
Missing character: There is no ம (U+0BAE) in font nullfont!
Missing character: There is no ை (U+0BC8) in font nullfont!
Missing character: There is no க (U+0B95) in font nullfont!
Missing character: There is no ் (U+0BCD) in font nullfont!
Missing character: There is no க (U+0B95) in font nullfont!
Missing character: There is no ப (U+0BAA) in font nullfont!
Missing character: There is no ் (U+0BCD) in font nullfont!
Missing character: There is no ப (U+0BAA) in font nullfont!
Missing character: There is no ட (U+0B9F) in font nullfont!
Missing character: There is no ் (U+0BCD) in font nullfont!
Missing character: There is no ட (U+0B9F) in font nullfont!
Missing character: There is no ு (U+0BC1) in font nullfont!
Missing character: There is no ள (U+0BB3) in font nullfont!
Missing character: There is no ் (U+0BCD) in font nullfont!
Missing character: There is no ள (U+0BB3) in font nullfont!
Missing character: There is no த (U+0BA4) in font nullfont!
Missing character: There is no ு (U+0BC1) in font nullfont!
Missing character: There is no - (U+002D) in font nullfont!
Missing character: There is no - (U+002D) in font nullfont!
Missing character: There is no இ (U+0B87) in font nullfont!
Missing character: There is no த (U+0BA4) in font nullfont!
Missing character: There is no ு (U+0BC1) in font nullfont!
Missing character: There is no R (U+0052) in font nullfont!
Missing character: There is no u (U+0075) in font nullfont!
Missing character: There is no s (U+0073) in font nullfont!
Missing character: There is no t (U+0074) in font nullfont!
Missing character: There is no ம (U+0BAE) in font nullfont!
Missing character: There is no ற (U+0BB1) in font nullfont!
Missing character: There is no ் (U+0BCD) in font nullfont!
Missing character: There is no ற (U+0BB1) in font nullfont!
Missing character: There is no ு (U+0BC1) in font nullfont!
Missing character: There is no ம (U+0BAE) in font nullfont!
Missing character: There is no ் (U+0BCD) in font nullfont!
Missing character: There is no C (U+0043) in font nullfont!
Missing character: There is no 1 (U+0031) in font nullfont!
Missing character: There is no 1 (U+0031) in font nullfont!
Missing character: There is no ம (U+0BAE) in font nullfont!
Missing character: There is no ொ (U+0BCA) in font nullfont!
Missing character: There is no ழ (U+0BB4) in font nullfont!
Missing character: There is no ி (U+0BBF) in font nullfont!
Missing character: There is no க (U+0B95) in font nullfont!
Missing character: There is no ள (U+0BB3) in font nullfont!
Missing character: There is no ி (U+0BBF) in font nullfont!
Missing character: There is no ல (U+0BB2) in font nullfont!
Missing character: There is no ் (U+0BCD) in font nullfont!
Missing character: There is no ச (U+0B9A) in font nullfont!
Missing character: There is no ெ (U+0BC6) in font nullfont!
Missing character: There is no ய (U+0BAF) in font nullfont!
Missing character: There is no ல (U+0BB2) in font nullfont!
Missing character: There is no ் (U+0BCD) in font nullfont!
Missing character: There is no ப (U+0BAA) in font nullfont!
Missing character: There is no ட (U+0B9F) in font nullfont!
Missing character: There is no ு (U+0BC1) in font nullfont!
Missing character: There is no த (U+0BA4) in font nullfont!
Missing character: There is no ் (U+0BCD) in font nullfont!
Missing character: There is no த (U+0BA4) in font nullfont!
Missing character: There is no ப (U+0BAA) in font nullfont!
Missing character: There is no ் (U+0BCD) in font nullfont!
Missing character: There is no ப (U+0BAA) in font nullfont!
Missing character: There is no ட (U+0B9F) in font nullfont!
Missing character: There is no ் (U+0BCD) in font nullfont!
Missing character: There is no ட (U+0B9F) in font nullfont!
Missing character: There is no ஒ (U+0B92) in font nullfont!
Missing character: There is no ர (U+0BB0) in font nullfont!
Missing character: There is no ு (U+0BC1) in font nullfont!
Missing character: There is no ஒ (U+0B92) in font nullfont!
Missing character: There is no ர (U+0BB0) in font nullfont!
Missing character: There is no ு (U+0BC1) in font nullfont!
Missing character: There is no ங (U+0B99) in font nullfont!
Missing character: There is no ் (U+0BCD) in font nullfont!
Missing character: There is no க (U+0B95) in font nullfont!
Missing character: There is no ி (U+0BBF) in font nullfont!
Missing character: There is no ண (U+0BA3) in font nullfont!
Missing character: There is no ை (U+0BC8) in font nullfont!
Missing character: There is no ந (U+0BA8) in font nullfont!
Missing character: There is no ் (U+0BCD) in font nullfont!
Missing character: There is no த (U+0BA4) in font nullfont!
Missing character: There is no உ (U+0B89) in font nullfont!
Missing character: There is no ர (U+0BB0) in font nullfont!
Missing character: There is no ு (U+0BC1) in font nullfont!
Missing character: There is no வ (U+0BB5) in font nullfont!
Missing character: There is no ா (U+0BBE) in font nullfont!
Missing character: There is no க (U+0B95) in font nullfont!
Missing character: There is no ் (U+0BCD) in font nullfont!
Missing character: There is no க (U+0B95) in font nullfont!
Missing character: There is no ம (U+0BAE) in font nullfont!
Missing character: There is no ் (U+0BCD) in font nullfont!
Missing character: There is no ம (U+0BAE) in font nullfont!
Missing character: There is no ற (U+0BB1) in font nullfont!
Missing character: There is no ் (U+0BCD) in font nullfont!
Missing character: There is no ற (U+0BB1) in font nullfont!
Missing character: There is no ு (U+0BC1) in font nullfont!
Missing character: There is no ம (U+0BAE) in font nullfont!
Missing character: There is no ் (U+0BCD) in font nullfont!
Missing character: There is no இ (U+0B87) in font nullfont!
Missing character: There is no ய (U+0BAF) in font nullfont!
Missing character: There is no க (U+0B95) in font nullfont!
Missing character: There is no ் (U+0BCD) in font nullfont!
Missing character: There is no க (U+0B95) in font nullfont!
Missing character: There is no ந (U+0BA8) in font nullfont!
Missing character: There is no ே (U+0BC7) in font nullfont!
Missing character: There is no ர (U+0BB0) in font nullfont!
Missing character: There is no அ (U+0B85) in font nullfont!
Missing character: There is no ம (U+0BAE) in font nullfont!
Missing character: There is no ை (U+0BC8) in font nullfont!
Missing character: There is no ப (U+0BAA) in font nullfont!
Missing character: There is no ் (U+0BCD) in font nullfont!
Missing character: There is no ப (U+0BAA) in font nullfont!
Missing character: There is no ு (U+0BC1) in font nullfont!
Missing character: There is no ஆ (U+0B86) in font nullfont!
Missing character: There is no க (U+0B95) in font nullfont!
Missing character: There is no ு (U+0BC1) in font nullfont!
Missing character: There is no ம (U+0BAE) in font nullfont!
Missing character: There is no ் (U+0BCD) in font nullfont!
Missing character: There is no . (U+002E) in font nullfont!
Missing character: There is no r (U+0072) in font nullfont!
Missing character: There is no o (U+006F) in font nullfont!
Missing character: There is no o (U+006F) in font nullfont!
Missing character: There is no t (U+0074) in font nullfont!
Missing character: There is no f (U+0066) in font nullfont!
Missing character: There is no s (U+0073) in font nullfont!
Missing character: There is no இ (U+0B87) in font nullfont!
Missing character: There is no ல (U+0BB2) in font nullfont!
Missing character: There is no ் (U+0BCD) in font nullfont!
Missing character: There is no த (U+0BA4) in font nullfont!
Missing character: There is no ொ (U+0BCA) in font nullfont!
Missing character: There is no ழ (U+0BB4) in font nullfont!
Missing character: There is no ி (U+0BBF) in font nullfont!
Missing character: There is no ல (U+0BB2) in font nullfont!
Missing character: There is no ் (U+0BCD) in font nullfont!
Missing character: There is no த (U+0BA4) in font nullfont!
Missing character: There is no ு (U+0BC1) in font nullfont!
Missing character: There is no ற (U+0BB1) in font nullfont!
Missing character: There is no ை (U+0BC8) in font nullfont!
Missing character: There is no - (U+002D) in font nullfont!
Missing character: There is no த (U+0BA4) in font nullfont!
Missing character: There is no ர (U+0BB0) in font nullfont!
Missing character: There is no ம (U+0BAE) in font nullfont!
Missing character: There is no ா (U+0BBE) in font nullfont!
Missing character: There is no ன (U+0BA9) in font nullfont!
Missing character: There is no ப (U+0BAA) in font nullfont!
Missing character: There is no ா (U+0BBE) in font nullfont!
Missing character: There is no த (U+0BA4) in font nullfont!
Missing character: There is no ு (U+0BC1) in font nullfont!
Missing character: There is no க (U+0B95) in font nullfont!
Missing character: There is no ா (U+0BBE) in font nullfont!
Missing character: There is no ப (U+0BAA) in font nullfont!
Missing character: There is no ் (U+0BCD) in font nullfont!
Missing character: There is no ப (U+0BAA) in font nullfont!
Missing character: There is no ு (U+0BC1) in font nullfont!
Missing character: There is no க (U+0B95) in font nullfont!
Missing character: There is no ர (U+0BB0) in font nullfont!
Missing character: There is no ு (U+0BC1) in font nullfont!
Missing character: There is no வ (U+0BB5) in font nullfont!
Missing character: There is no ி (U+0BBF) in font nullfont!
Missing character: There is no க (U+0B95) in font nullfont!
Missing character: There is no ள (U+0BB3) in font nullfont!
Missing character: There is no ா (U+0BBE) in font nullfont!
Missing character: There is no ன (U+0BA9) in font nullfont!
Missing character: There is no n (U+006E) in font nullfont!
Missing character: There is no m (U+006D) in font nullfont!
Missing character: There is no a (U+0061) in font nullfont!
Missing character: There is no p (U+0070) in font nullfont!
Missing character: There is no 7 (U+0037) in font nullfont!
Missing character: There is no . (U+002E) in font nullfont!
Missing character: There is no 9 (U+0039) in font nullfont!
Missing character: There is no 9 (U+0039) in font nullfont!
Missing character: There is no , (U+002C) in font nullfont!
Missing character: There is no t (U+0074) in font nullfont!
Missing character: There is no c (U+0063) in font nullfont!
Missing character: There is no p (U+0070) in font nullfont!
Missing character: There is no d (U+0064) in font nullfont!
Missing character: There is no u (U+0075) in font nullfont!
Missing character: There is no m (U+006D) in font nullfont!
Missing character: There is no p (U+0070) in font nullfont!
Missing character: There is no 4 (U+0034) in font nullfont!
Missing character: There is no . (U+002E) in font nullfont!
Missing character: There is no 9 (U+0039) in font nullfont!
Missing character: There is no 9 (U+0039) in font nullfont!
Missing character: There is no . (U+002E) in font nullfont!
Missing character: There is no 6 (U+0036) in font nullfont!
Missing character: There is no , (U+002C) in font nullfont!
Missing character: There is no s (U+0073) in font nullfont!
Missing character: There is no o (U+006F) in font nullfont!
Missing character: There is no c (U+0063) in font nullfont!
Missing character: There is no a (U+0061) in font nullfont!
Missing character: There is no t (U+0074) in font nullfont!
Missing character: There is no 1 (U+0031) in font nullfont!
Missing character: There is no . (U+002E) in font nullfont!
Missing character: There is no 8 (U+0038) in font nullfont!
Missing character: There is no . (U+002E) in font nullfont!
Missing character: There is no 1 (U+0031) in font nullfont!
Missing character: There is no . (U+002E) in font nullfont!
Missing character: There is no 1 (U+0031) in font nullfont!
Missing character: There is no , (U+002C) in font nullfont!
Missing character: There is no ப (U+0BAA) in font nullfont!
Missing character: There is no ை (U+0BC8) in font nullfont!
Missing character: There is no ன (U+0BA9) in font nullfont!
Missing character: There is no ர (U+0BB0) in font nullfont!
Missing character: There is no ி (U+0BBF) in font nullfont!
Missing character: There is no ப (U+0BAA) in font nullfont!
Missing character: There is no க (U+0B95) in font nullfont!
Missing character: There is no ு (U+0BC1) in font nullfont!
Missing character: There is no ப (U+0BAA) in font nullfont!
Missing character: There is no ் (U+0BCD) in font nullfont!
Missing character: There is no ப (U+0BAA) in font nullfont!
Missing character: There is no ா (U+0BBE) in font nullfont!
Missing character: There is no ய (U+0BAF) in font nullfont!
Missing character: There is no ் (U+0BCD) in font nullfont!
Missing character: There is no வ (U+0BB5) in font nullfont!
Missing character: There is no ு (U+0BC1) in font nullfont!
Missing character: There is no ப (U+0BAA) in font nullfont!
Missing character: There is no ய (U+0BAF) in font nullfont!
Missing character: There is no ன (U+0BA9) in font nullfont!
Missing character: There is no ் (U+0BCD) in font nullfont!
Missing character: There is no ப (U+0BAA) in font nullfont!
Missing character: There is no ா (U+0BBE) in font nullfont!
Missing character: There is no ட (U+0B9F) in font nullfont!
Missing character: There is no ு (U+0BC1) in font nullfont!
Missing character: There is no க (U+0B95) in font nullfont!
Missing character: There is no ள (U+0BB3) in font nullfont!
Missing character: There is no ் (U+0BCD) in font nullfont!
Missing character: There is no ( (U+0028) in font nullfont!
Missing character: There is no s (U+0073) in font nullfont!
Missing character: There is no t (U+0074) in font nullfont!
Missing character: There is no r (U+0072) in font nullfont!
Missing character: There is no a (U+0061) in font nullfont!
Missing character: There is no c (U+0063) in font nullfont!
Missing character: There is no e (U+0065) in font nullfont!
Missing character: There is no , (U+002C) in font nullfont!
Missing character: There is no s (U+0073) in font nullfont!
Missing character: There is no t (U+0074) in font nullfont!
Missing character: There is no r (U+0072) in font nullfont!
Missing character: There is no i (U+0069) in font nullfont!
Missing character: There is no n (U+006E) in font nullfont!
Missing character: There is no g (U+0067) in font nullfont!
Missing character: There is no s (U+0073) in font nullfont!
Missing character: There is no , (U+002C) in font nullfont!
Missing character: There is no o (U+006F) in font nullfont!
Missing character: There is no b (U+0062) in font nullfont!
Missing character: There is no j (U+006A) in font nullfont!
Missing character: There is no d (U+0064) in font nullfont!
Missing character: There is no u (U+0075) in font nullfont!
Missing character: There is no m (U+006D) in font nullfont!
Missing character: There is no p (U+0070) in font nullfont!
Missing character: There is no , (U+002C) in font nullfont!
Missing character: There is no r (U+0072) in font nullfont!
Missing character: There is no e (U+0065) in font nullfont!
Missing character: There is no a (U+0061) in font nullfont!
Missing character: There is no d (U+0064) in font nullfont!
Missing character: There is no e (U+0065) in font nullfont!
Missing character: There is no l (U+006C) in font nullfont!
Missing character: There is no f (U+0066) in font nullfont!
Missing character: There is no ) (U+0029) in font nullfont!
Missing character: There is no , (U+002C) in font nullfont!
Missing character: There is no X (U+0058) in font nullfont!
Missing character: There is no 1 (U+0031) in font nullfont!
Missing character: There is no 1 (U+0031) in font nullfont!
Missing character: There is no / (U+002F) in font nullfont!
Missing character: There is no D (U+0044) in font nullfont!
Missing character: There is no W (U+0057) in font nullfont!
Missing character: There is no M (U+004D) in font nullfont!
Missing character: There is no வ (U+0BB5) in font nullfont!
Missing character: There is no ர (U+0BB0) in font nullfont!
Missing character: There is no ை (U+0BC8) in font nullfont!
Missing character: There is no க (U+0B95) in font nullfont!
Missing character: There is no ல (U+0BB2) in font nullfont!
Missing character: There is no ை (U+0BC8) in font nullfont!
Missing character: There is no ச (U+0B9A) in font nullfont!
Missing character: There is no ூ (U+0BC2) in font nullfont!
Missing character: There is no ழ (U+0BB4) in font nullfont!
Missing character: There is no ல (U+0BB2) in font nullfont!
Missing character: There is no ் (U+0BCD) in font nullfont!
Missing character: There is no , (U+002C) in font nullfont!
Missing character: There is no D (U+0044) in font nullfont!
Missing character: There is no r (U+0072) in font nullfont!
Missing character: There is no o (U+006F) in font nullfont!
Missing character: There is no p (U+0070) in font nullfont!
Missing character: There is no b (U+0062) in font nullfont!
Missing character: There is no e (U+0065) in font nullfont!
Missing character: There is no a (U+0061) in font nullfont!
Missing character: There is no r (U+0072) in font nullfont!
Missing character: There is no S (U+0053) in font nullfont!
Missing character: There is no S (U+0053) in font nullfont!
Missing character: There is no H (U+0048) in font nullfont!
Missing character: There is no ம (U+0BAE) in font nullfont!
Missing character: There is no ற (U+0BB1) in font nullfont!
Missing character: There is no ் (U+0BCD) in font nullfont!
Missing character: There is no ற (U+0BB1) in font nullfont!
Missing character: There is no ு (U+0BC1) in font nullfont!
Missing character: There is no ம (U+0BAE) in font nullfont!
Missing character: There is no ் (U+0BCD) in font nullfont!
Missing character: There is no n (U+006E) in font nullfont!
Missing character: There is no f (U+0066) in font nullfont!
Missing character: There is no t (U+0074) in font nullfont!
Missing character: There is no a (U+0061) in font nullfont!
Missing character: There is no b (U+0062) in font nullfont!
Missing character: There is no l (U+006C) in font nullfont!
Missing character: There is no e (U+0065) in font nullfont!
Missing character: There is no s (U+0073) in font nullfont!
Missing character: There is no த (U+0BA4) in font nullfont!
Missing character: There is no ி (U+0BBF) in font nullfont!
Missing character: There is no ட (U+0B9F) in font nullfont!
Missing character: There is no ் (U+0BCD) in font nullfont!
Missing character: There is no ட (U+0B9F) in font nullfont!
Missing character: There is no ச (U+0B9A) in font nullfont!
Missing character: There is no ் (U+0BCD) in font nullfont!
Missing character: There is no ச (U+0B9A) in font nullfont!
Missing character: There is no ு (U+0BC1) in font nullfont!
Missing character: There is no வ (U+0BB5) in font nullfont!
Missing character: There is no ர (U+0BB0) in font nullfont!
Missing character: There is no ் (U+0BCD) in font nullfont!
Missing character: There is no ஆ (U+0B86) in font nullfont!
Missing character: There is no க (U+0B95) in font nullfont!
Missing character: There is no ி (U+0BBF) in font nullfont!
Missing character: There is no ய (U+0BAF) in font nullfont!
Missing character: There is no வ (U+0BB5) in font nullfont!
Missing character: There is no ை (U+0BC8) in font nullfont!
Missing character: There is no உ (U+0B89) in font nullfont!
Missing character: There is no ள (U+0BB3) in font nullfont!
Missing character: There is no ் (U+0BCD) in font nullfont!
Missing character: There is no ள (U+0BB3) in font nullfont!
Missing character: There is no ன (U+0BA9) in font nullfont!
Missing character: There is no . (U+002E) in font nullfont!
Missing character: There is no அ (U+0B85) in font nullfont!
Missing character: There is no ண (U+0BA3) in font nullfont!
Missing character: There is no ு (U+0BC1) in font nullfont!
Missing character: There is no க (U+0B95) in font nullfont!
Missing character: There is no ் (U+0BCD) in font nullfont!
Missing character: There is no க (U+0B95) in font nullfont!
Missing character: There is no ர (U+0BB0) in font nullfont!
Missing character: There is no ு (U+0BC1) in font nullfont!
Missing character: There is no C (U+0043) in font nullfont!
Missing character: There is no O (U+004F) in font nullfont!
Missing character: There is no N (U+004E) in font nullfont!
Missing character: There is no F (U+0046) in font nullfont!
Missing character: There is no I (U+0049) in font nullfont!
Missing character: There is no G (U+0047) in font nullfont!
Missing character: There is no P (U+0050) in font nullfont!
Missing character: There is no A (U+0041) in font nullfont!
Missing character: There is no C (U+0043) in font nullfont!
Missing character: There is no K (U+004B) in font nullfont!
Missing character: There is no E (U+0045) in font nullfont!
Missing character: There is no T (U+0054) in font nullfont!
Missing character: There is no , (U+002C) in font nullfont!
Missing character: There is no C (U+0043) in font nullfont!
Missing character: There is no O (U+004F) in font nullfont!
Missing character: There is no N (U+004E) in font nullfont!
Missing character: There is no F (U+0046) in font nullfont!
Missing character: There is no I (U+0049) in font nullfont!
Missing character: There is no G (U+0047) in font nullfont!
Missing character: There is no T (U+0054) in font nullfont!
Missing character: There is no U (U+0055) in font nullfont!
Missing character: There is no N (U+004E) in font nullfont!
Missing character: There is no , (U+002C) in font nullfont!
Missing character: There is no C (U+0043) in font nullfont!
Missing character: There is no O (U+004F) in font nullfont!
Missing character: There is no N (U+004E) in font nullfont!
Missing character: There is no F (U+0046) in font nullfont!
Missing character: There is no I (U+0049) in font nullfont!
Missing character: There is no G (U+0047) in font nullfont!
Missing character: There is no B (U+0042) in font nullfont!
Missing character: There is no P (U+0050) in font nullfont!
Missing character: There is no F (U+0046) in font nullfont!
Missing character: There is no S (U+0053) in font nullfont!
Missing character: There is no Y (U+0059) in font nullfont!
Missing character: There is no S (U+0053) in font nullfont!
Missing character: There is no C (U+0043) in font nullfont!
Missing character: There is no A (U+0041) in font nullfont!
Missing character: There is no L (U+004C) in font nullfont!
Missing character: There is no L (U+004C) in font nullfont!
Missing character: There is no , (U+002C) in font nullfont!
Missing character: There is no C (U+0043) in font nullfont!
Missing character: There is no O (U+004F) in font nullfont!
Missing character: There is no N (U+004E) in font nullfont!
Missing character: There is no F (U+0046) in font nullfont!
Missing character: There is no I (U+0049) in font nullfont!
Missing character: There is no G (U+0047) in font nullfont!
Missing character: There is no M (U+004D) in font nullfont!
Missing character: There is no A (U+0041) in font nullfont!
Missing character: There is no C (U+0043) in font nullfont!
Missing character: There is no 8 (U+0038) in font nullfont!
Missing character: There is no 0 (U+0030) in font nullfont!
Missing character: There is no 2 (U+0032) in font nullfont!
Missing character: There is no 1 (U+0031) in font nullfont!
Missing character: There is no 1 (U+0031) in font nullfont!
Missing character: There is no ம (U+0BAE) in font nullfont!
Missing character: There is no ற (U+0BB1) in font nullfont!
Missing character: There is no ் (U+0BCD) in font nullfont!
Missing character: There is no ற (U+0BB1) in font nullfont!
Missing character: There is no ு (U+0BC1) in font nullfont!
Missing character: There is no ம (U+0BAE) in font nullfont!
Missing character: There is no ் (U+0BCD) in font nullfont!
Missing character: There is no ந (U+0BA8) in font nullfont!
Missing character: There is no ெ (U+0BC6) in font nullfont!
Missing character: There is no ட (U+0B9F) in font nullfont!
Missing character: There is no ் (U+0BCD) in font nullfont!
Missing character: There is no வ (U+0BB5) in font nullfont!
Missing character: There is no ொ (U+0BCA) in font nullfont!
Missing character: There is no ர (U+0BB0) in font nullfont!
Missing character: There is no ் (U+0BCD) in font nullfont!
Missing character: There is no க (U+0B95) in font nullfont!
Missing character: There is no ் (U+0BCD) in font nullfont!
Missing character: There is no ப (U+0BAA) in font nullfont!
Missing character: There is no ெ (U+0BC6) in font nullfont!
Missing character: There is no ய (U+0BAF) in font nullfont!
Missing character: There is no ர (U+0BB0) in font nullfont!
Missing character: There is no ் (U+0BCD) in font nullfont!
Missing character: There is no வ (U+0BB5) in font nullfont!
Missing character: There is no ெ (U+0BC6) in font nullfont!
Missing character: There is no ள (U+0BB3) in font nullfont!
Missing character: There is no ி (U+0BBF) in font nullfont!
Missing character: There is no ஆ (U+0B86) in font nullfont!
Missing character: There is no த (U+0BA4) in font nullfont!
Missing character: There is no ர (U+0BB0) in font nullfont!
Missing character: There is no வ (U+0BB5) in font nullfont!
Missing character: There is no ு (U+0BC1) in font nullfont!
Missing character: There is no ட (U+0B9F) in font nullfont!
Missing character: There is no ன (U+0BA9) in font nullfont!
Missing character: There is no ் (U+0BCD) in font nullfont!
Missing character: There is no க (U+0B95) in font nullfont!
Missing character: There is no ட (U+0B9F) in font nullfont!
Missing character: There is no ் (U+0BCD) in font nullfont!
Missing character: There is no ட (U+0B9F) in font nullfont!
Missing character: There is no ம (U+0BAE) in font nullfont!
Missing character: There is no ை (U+0BC8) in font nullfont!
Missing character: There is no க (U+0B95) in font nullfont!
Missing character: There is no ் (U+0BCD) in font nullfont!
Missing character: There is no க (U+0B95) in font nullfont!
Missing character: There is no ப (U+0BAA) in font nullfont!
Missing character: There is no ் (U+0BCD) in font nullfont!
Missing character: There is no ப (U+0BAA) in font nullfont!
Missing character: There is no ட (U+0B9F) in font nullfont!
Missing character: There is no ் (U+0BCD) in font nullfont!
Missing character: There is no ட (U+0B9F) in font nullfont!
Missing character: There is no ு (U+0BC1) in font nullfont!
Missing character: There is no ம (U+0BAE) in font nullfont!
Missing character: There is no ு (U+0BC1) in font nullfont!
Missing character: There is no ழ (U+0BB4) in font nullfont!
Missing character: There is no ு (U+0BC1) in font nullfont!
Missing character: There is no த (U+0BA4) in font nullfont!
Missing character: There is no ொ (U+0BCA) in font nullfont!
Missing character: There is no ழ (U+0BB4) in font nullfont!
Missing character: There is no ி (U+0BBF) in font nullfont!
Missing character: There is no ல (U+0BB2) in font nullfont!
Missing character: There is no ் (U+0BCD) in font nullfont!
Missing character: There is no ம (U+0BAE) in font nullfont!
Missing character: There is no ு (U+0BC1) in font nullfont!
Missing character: There is no ற (U+0BB1) in font nullfont!
Missing character: There is no ை (U+0BC8) in font nullfont!
Missing character: There is no ப (U+0BAA) in font nullfont!
Missing character: There is no ா (U+0BBE) in font nullfont!
Missing character: There is no த (U+0BA4) in font nullfont!
Missing character: There is no ு (U+0BC1) in font nullfont!
Missing character: There is no க (U+0B95) in font nullfont!
Missing character: There is no ா (U+0BBE) in font nullfont!
Missing character: There is no ப (U+0BAA) in font nullfont!
Missing character: There is no ் (U+0BCD) in font nullfont!
Missing character: There is no ப (U+0BAA) in font nullfont!
Missing character: There is no ு (U+0BC1) in font nullfont!
Missing character: There is no க (U+0B95) in font nullfont!
Missing character: There is no ் (U+0BCD) in font nullfont!
Missing character: There is no க (U+0B95) in font nullfont!
Missing character: There is no ர (U+0BB0) in font nullfont!
Missing character: There is no ு (U+0BC1) in font nullfont!
Missing character: There is no வ (U+0BB5) in font nullfont!
Missing character: There is no ி (U+0BBF) in font nullfont!
Missing character: There is no த (U+0BA4) in font nullfont!
Missing character: There is no ் (U+0BCD) in font nullfont!
Missing character: There is no த (U+0BA4) in font nullfont!
Missing character: There is no ொ (U+0BCA) in font nullfont!
Missing character: There is no க (U+0B95) in font nullfont!
Missing character: There is no ு (U+0BC1) in font nullfont!
Missing character: There is no ப (U+0BAA) in font nullfont!
Missing character: There is no ் (U+0BCD) in font nullfont!
Missing character: There is no ப (U+0BAA) in font nullfont!
Missing character: There is no ை (U+0BC8) in font nullfont!
Missing character: There is no இ (U+0B87) in font nullfont!
Missing character: There is no ய (U+0BAF) in font nullfont!
Missing character: There is no க (U+0B95) in font nullfont!
Missing character: There is no ் (U+0BCD) in font nullfont!
Missing character: There is no க (U+0B95) in font nullfont!
Missing character: There is no உ (U+0B89) in font nullfont!
Missing character: There is no த (U+0BA4) in font nullfont!
Missing character: There is no வ (U+0BB5) in font nullfont!
Missing character: There is no ு (U+0BC1) in font nullfont!
Missing character: There is no க (U+0B95) in font nullfont!
Missing character: There is no ி (U+0BBF) in font nullfont!
Missing character: There is no ற (U+0BB1) in font nullfont!
Missing character: There is no த (U+0BA4) in font nullfont!
Missing character: There is no ு (U+0BC1) in font nullfont!
Missing character: There is no . (U+002E) in font nullfont!
Missing character: There is no C (U+0043) in font nullfont!
Missing character: There is no o (U+006F) in font nullfont!
Missing character: There is no g (U+0067) in font nullfont!
Missing character: There is no m (U+006D) in font nullfont!
Missing character: There is no a (U+0061) in font nullfont!
Missing character: There is no n (U+006E) in font nullfont!
Missing character: There is no க (U+0B95) in font nullfont!
Missing character: There is no ர (U+0BB0) in font nullfont!
Missing character: There is no ு (U+0BC1) in font nullfont!
Missing character: There is no வ (U+0BB5) in font nullfont!
Missing character: There is no ி (U+0BBF) in font nullfont!
Missing character: There is no த (U+0BA4) in font nullfont!
Missing character: There is no ் (U+0BCD) in font nullfont!
Missing character: There is no த (U+0BA4) in font nullfont!
Missing character: There is no ொ (U+0BCA) in font nullfont!
Missing character: There is no க (U+0B95) in font nullfont!
Missing character: There is no ு (U+0BC1) in font nullfont!
Missing character: There is no ப (U+0BAA) in font nullfont!
Missing character: There is no ் (U+0BCD) in font nullfont!
Missing character: There is no ப (U+0BAA) in font nullfont!
Missing character: There is no ு (U+0BC1) in font nullfont!
Missing character: There is no வ (U+0BB5) in font nullfont!
Missing character: There is no ெ (U+0BC6) in font nullfont!
Missing character: There is no ள (U+0BB3) in font nullfont!
Missing character: There is no ி (U+0BBF) in font nullfont!
Missing character: There is no ச (U+0B9A) in font nullfont!
Missing character: There is no ா (U+0BBE) in font nullfont!
Missing character: There is no ர (U+0BB0) in font nullfont!
Missing character: There is no ் (U+0BCD) in font nullfont!
Missing character: There is no ப (U+0BAA) in font nullfont!
Missing character: There is no ு (U+0BC1) in font nullfont!
Missing character: There is no இ (U+0B87) in font nullfont!
Missing character: There is no ல (U+0BB2) in font nullfont!
Missing character: There is no ் (U+0BCD) in font nullfont!
Missing character: There is no ல (U+0BB2) in font nullfont!
Missing character: There is no ா (U+0BBE) in font nullfont!
Missing character: There is no ம (U+0BAE) in font nullfont!
Missing character: There is no ல (U+0BB2) in font nullfont!
Missing character: There is no ் (U+0BCD) in font nullfont!
Missing character: There is no உ (U+0B89) in font nullfont!
Missing character: There is no ர (U+0BB0) in font nullfont!
Missing character: There is no ு (U+0BC1) in font nullfont!
Missing character: There is no வ (U+0BB5) in font nullfont!
Missing character: There is no ா (U+0BBE) in font nullfont!
Missing character: There is no க (U+0B95) in font nullfont!
Missing character: There is no ் (U+0BCD) in font nullfont!
Missing character: There is no க (U+0B95) in font nullfont!
Missing character: There is no ம (U+0BAE) in font nullfont!
Missing character: There is no ் (U+0BCD) in font nullfont!
Missing character: There is no ம (U+0BAE) in font nullfont!
Missing character: There is no ற (U+0BB1) in font nullfont!
Missing character: There is no ் (U+0BCD) in font nullfont!
Missing character: There is no ற (U+0BB1) in font nullfont!
Missing character: There is no ு (U+0BC1) in font nullfont!
Missing character: There is no ம (U+0BAE) in font nullfont!
Missing character: There is no ் (U+0BCD) in font nullfont!
Missing character: There is no இ (U+0B87) in font nullfont!
Missing character: There is no ய (U+0BAF) in font nullfont!
Missing character: There is no க (U+0B95) in font nullfont!
Missing character: There is no ் (U+0BCD) in font nullfont!
Missing character: There is no க (U+0B95) in font nullfont!
Missing character: There is no ந (U+0BA8) in font nullfont!
Missing character: There is no ே (U+0BC7) in font nullfont!
Missing character: There is no ர (U+0BB0) in font nullfont!
Missing character: There is no க (U+0B95) in font nullfont!
Missing character: There is no ட (U+0B9F) in font nullfont!
Missing character: There is no ் (U+0BCD) in font nullfont!
Missing character: There is no ட (U+0B9F) in font nullfont!
Missing character: There is no ங (U+0B99) in font nullfont!
Missing character: There is no ் (U+0BCD) in font nullfont!
Missing character: There is no க (U+0B95) in font nullfont!
Missing character: There is no ள (U+0BB3) in font nullfont!
Missing character: There is no ை (U+0BC8) in font nullfont!
Missing character: There is no ஒ (U+0B92) in font nullfont!
Missing character: There is no ர (U+0BB0) in font nullfont!
Missing character: There is no ு (U+0BC1) in font nullfont!
Missing character: There is no ங (U+0B99) in font nullfont!
Missing character: There is no ் (U+0BCD) in font nullfont!
Missing character: There is no க (U+0B95) in font nullfont!
Missing character: There is no ி (U+0BBF) in font nullfont!
Missing character: There is no ண (U+0BA3) in font nullfont!
Missing character: There is no ை (U+0BC8) in font nullfont!
Missing character: There is no க (U+0B95) in font nullfont!
Missing character: There is no ் (U+0BCD) in font nullfont!
Missing character: There is no க (U+0B95) in font nullfont!
Missing character: There is no ி (U+0BBF) in font nullfont!
Missing character: There is no ற (U+0BB1) in font nullfont!
Missing character: There is no த (U+0BA4) in font nullfont!
Missing character: There is no ு (U+0BC1) in font nullfont!
Missing character: There is no . (U+002E) in font nullfont!
Missing character: There is no c (U+0063) in font nullfont!
Missing character: There is no o (U+006F) in font nullfont!
Missing character: There is no g (U+0067) in font nullfont!
Missing character: There is no m (U+006D) in font nullfont!
Missing character: There is no a (U+0061) in font nullfont!
Missing character: There is no n (U+006E) in font nullfont!
Missing character: There is no - (U+002D) in font nullfont!
Missing character: There is no - (U+002D) in font nullfont!
Missing character: There is no p (U+0070) in font nullfont!
Missing character: There is no l (U+006C) in font nullfont!
Missing character: There is no a (U+0061) in font nullfont!
Missing character: There is no n (U+006E) in font nullfont!
Missing character: There is no n (U+006E) in font nullfont!
Missing character: There is no e (U+0065) in font nullfont!
Missing character: There is no r (U+0072) in font nullfont!
Missing character: There is no ( (U+0028) in font nullfont!
Missing character: There is no R (U+0052) in font nullfont!
Missing character: There is no u (U+0075) in font nullfont!
Missing character: There is no s (U+0073) in font nullfont!
Missing character: There is no t (U+0074) in font nullfont!
Missing character: There is no ) (U+0029) in font nullfont!
Missing character: There is no அ (U+0B85) in font nullfont!
Missing character: There is no ற (U+0BB1) in font nullfont!
Missing character: There is no ி (U+0BBF) in font nullfont!
Missing character: There is no வ (U+0BB5) in font nullfont!
Missing character: There is no ி (U+0BBF) in font nullfont!
Missing character: There is no ப (U+0BAA) in font nullfont!
Missing character: There is no ் (U+0BCD) in font nullfont!
Missing character: There is no ப (U+0BAA) in font nullfont!
Missing character: There is no ு (U+0BC1) in font nullfont!
Missing character: There is no வ (U+0BB5) in font nullfont!
Missing character: There is no ட (U+0B9F) in font nullfont!
Missing character: There is no ி (U+0BBF) in font nullfont!
Missing character: There is no வ (U+0BB5) in font nullfont!
Missing character: There is no T (U+0054) in font nullfont!
Missing character: There is no O (U+004F) in font nullfont!
Missing character: There is no M (U+004D) in font nullfont!
Missing character: There is no L (U+004C) in font nullfont!
Missing character: There is no த (U+0BA4) in font nullfont!
Missing character: There is no ொ (U+0BCA) in font nullfont!
Missing character: There is no க (U+0B95) in font nullfont!
Missing character: There is no ு (U+0BC1) in font nullfont!
Missing character: There is no ப (U+0BAA) in font nullfont!
Missing character: There is no ் (U+0BCD) in font nullfont!
Missing character: There is no ப (U+0BAA) in font nullfont!
Missing character: There is no ு (U+0BC1) in font nullfont!
Missing character: There is no வ (U+0BB5) in font nullfont!
Missing character: There is no ர (U+0BB0) in font nullfont!
Missing character: There is no ை (U+0BC8) in font nullfont!
Missing character: There is no ய (U+0BAF) in font nullfont!
Missing character: There is no ற (U+0BB1) in font nullfont!
Missing character: There is no ை (U+0BC8) in font nullfont!
Missing character: There is no க (U+0B95) in font nullfont!
Missing character: There is no ள (U+0BB3) in font nullfont!
Missing character: There is no ை (U+0BC8) in font nullfont!
Missing character: There is no D (U+0044) in font nullfont!
Missing character: There is no A (U+0041) in font nullfont!
Missing character: There is no G (U+0047) in font nullfont!
Missing character: There is no அ (U+0B85) in font nullfont!
Missing character: There is no ட (U+0B9F) in font nullfont!
Missing character: There is no ி (U+0BBF) in font nullfont!
Missing character: There is no ப (U+0BAA) in font nullfont!
Missing character: There is no ் (U+0BCD) in font nullfont!
Missing character: There is no ப (U+0BAA) in font nullfont!
Missing character: There is no ட (U+0B9F) in font nullfont!
Missing character: There is no ை (U+0BC8) in font nullfont!
Missing character: There is no ய (U+0BAF) in font nullfont!
Missing character: There is no ி (U+0BBF) in font nullfont!
Missing character: There is no ல (U+0BB2) in font nullfont!
Missing character: There is no ா (U+0BBE) in font nullfont!
Missing character: There is no ன (U+0BA9) in font nullfont!
Missing character: There is no இ (U+0B87) in font nullfont!
Missing character: There is no ட (U+0B9F) in font nullfont!
Missing character: There is no வ (U+0BB5) in font nullfont!
Missing character: There is no ர (U+0BB0) in font nullfont!
Missing character: There is no ி (U+0BBF) in font nullfont!
Missing character: There is no ச (U+0B9A) in font nullfont!
Missing character: There is no ை (U+0BC8) in font nullfont!
Missing character: There is no வ (U+0BB5) in font nullfont!
Missing character: There is no ர (U+0BB0) in font nullfont!
Missing character: There is no ி (U+0BBF) in font nullfont!
Missing character: There is no ச (U+0B9A) in font nullfont!
Missing character: There is no ை (U+0BC8) in font nullfont!
Missing character: There is no ப (U+0BAA) in font nullfont!
Missing character: There is no ் (U+0BCD) in font nullfont!
Missing character: There is no ப (U+0BAA) in font nullfont!
Missing character: There is no ட (U+0B9F) in font nullfont!
Missing character: There is no ு (U+0BC1) in font nullfont!
Missing character: There is no த (U+0BA4) in font nullfont!
Missing character: There is no ் (U+0BCD) in font nullfont!
Missing character: There is no த (U+0BA4) in font nullfont!
Missing character: There is no ல (U+0BB2) in font nullfont!
Missing character: There is no ் (U+0BCD) in font nullfont!
Missing character: There is no ம (U+0BAE) in font nullfont!
Missing character: There is no ூ (U+0BC2) in font nullfont!
Missing character: There is no ல (U+0BB2) in font nullfont!
Missing character: There is no ம (U+0BAE) in font nullfont!
Missing character: There is no ் (U+0BCD) in font nullfont!
Missing character: There is no C (U+0043) in font nullfont!
Missing character: There is no G (U+0047) in font nullfont!
Missing character: There is no M (U+004D) in font nullfont!
Missing character: There is no 2 (U+0032) in font nullfont!
Missing character: There is no P (U+0050) in font nullfont!
Missing character: There is no L (U+004C) in font nullfont!
Missing character: There is no A (U+0041) in font nullfont!
Missing character: There is no N (U+004E) in font nullfont!
Missing character: There is no வ (U+0BB5) in font nullfont!
Missing character: There is no ட (U+0B9F) in font nullfont!
Missing character: There is no ி (U+0BBF) in font nullfont!
Missing character: There is no வ (U+0BB5) in font nullfont!
Missing character: There is no ப (U+0BAA) in font nullfont!
Missing character: There is no ை (U+0BC8) in font nullfont!
Missing character: There is no ன (U+0BA9) in font nullfont!
Missing character: There is no ர (U+0BB0) in font nullfont!
Missing character: There is no ி (U+0BBF) in font nullfont!
Missing character: There is no ச (U+0B9A) in font nullfont!
Missing character: There is no ெ (U+0BC6) in font nullfont!
Missing character: There is no ய (U+0BAF) in font nullfont!
Missing character: There is no ல (U+0BB2) in font nullfont!
Missing character: There is no ் (U+0BCD) in font nullfont!
Missing character: There is no த (U+0BA4) in font nullfont!
Missing character: There is no ி (U+0BBF) in font nullfont!
Missing character: There is no ட (U+0B9F) in font nullfont!
Missing character: There is no ் (U+0BCD) in font nullfont!
Missing character: There is no ட (U+0B9F) in font nullfont!
Missing character: There is no ங (U+0B99) in font nullfont!
Missing character: There is no ் (U+0BCD) in font nullfont!
Missing character: There is no க (U+0B95) in font nullfont!
Missing character: There is no ள (U+0BB3) in font nullfont!
Missing character: There is no ா (U+0BBE) in font nullfont!
Missing character: There is no க (U+0B95) in font nullfont!
Missing character: There is no த (U+0BA4) in font nullfont!
Missing character: There is no ொ (U+0BCA) in font nullfont!
Missing character: There is no க (U+0B95) in font nullfont!
Missing character: There is no ு (U+0BC1) in font nullfont!
Missing character: There is no க (U+0B95) in font nullfont!
Missing character: There is no ் (U+0BCD) in font nullfont!
Missing character: There is no க (U+0B95) in font nullfont!
Missing character: There is no ி (U+0BBF) in font nullfont!
Missing character: There is no ற (U+0BB1) in font nullfont!
Missing character: There is no த (U+0BA4) in font nullfont!
Missing character: There is no ு (U+0BC1) in font nullfont!
Missing character: There is no . (U+002E) in font nullfont!
Missing character: There is no c (U+0063) in font nullfont!
Missing character: There is no o (U+006F) in font nullfont!
Missing character: There is no g (U+0067) in font nullfont!
Missing character: There is no m (U+006D) in font nullfont!
Missing character: There is no a (U+0061) in font nullfont!
Missing character: There is no n (U+006E) in font nullfont!
Missing character: There is no - (U+002D) in font nullfont!
Missing character: There is no - (U+002D) in font nullfont!
Missing character: There is no e (U+0065) in font nullfont!
Missing character: There is no x (U+0078) in font nullfont!
Missing character: There is no e (U+0065) in font nullfont!
Missing character: There is no c (U+0063) in font nullfont!
Missing character: There is no u (U+0075) in font nullfont!
Missing character: There is no t (U+0074) in font nullfont!
Missing character: There is no o (U+006F) in font nullfont!
Missing character: There is no r (U+0072) in font nullfont!
Missing character: There is no ( (U+0028) in font nullfont!
Missing character: There is no C (U+0043) in font nullfont!
Missing character: There is no 1 (U+0031) in font nullfont!
Missing character: There is no 1 (U+0031) in font nullfont!
Missing character: There is no ) (U+0029) in font nullfont!
Missing character: There is no ச (U+0B9A) in font nullfont!
Missing character: There is no ெ (U+0BC6) in font nullfont!
Missing character: There is no ய (U+0BAF) in font nullfont!
Missing character: There is no ல (U+0BB2) in font nullfont!
Missing character: There is no ் (U+0BCD) in font nullfont!
Missing character: There is no த (U+0BA4) in font nullfont!
Missing character: There is no ி (U+0BBF) in font nullfont!
Missing character: There is no ட (U+0B9F) in font nullfont!
Missing character: There is no ் (U+0BCD) in font nullfont!
Missing character: There is no ட (U+0B9F) in font nullfont!
Missing character: There is no த (U+0BA4) in font nullfont!
Missing character: There is no ் (U+0BCD) in font nullfont!
Missing character: There is no த (U+0BA4) in font nullfont!
Missing character: There is no ை (U+0BC8) in font nullfont!
Missing character: There is no ந (U+0BA8) in font nullfont!
Missing character: There is no ி (U+0BBF) in font nullfont!
Missing character: There is no ன (U+0BA9) in font nullfont!
Missing character: There is no ை (U+0BC8) in font nullfont!
Missing character: There is no வ (U+0BB5) in font nullfont!
Missing character: There is no க (U+0B95) in font nullfont!
Missing character: There is no வ (U+0BB5) in font nullfont!
Missing character: There is no ர (U+0BB0) in font nullfont!
Missing character: There is no ை (U+0BC8) in font nullfont!
Missing character: There is no ப (U+0BAA) in font nullfont!
Missing character: There is no ட (U+0B9F) in font nullfont!
Missing character: There is no ம (U+0BAE) in font nullfont!
Missing character: There is no ் (U+0BCD) in font nullfont!
Missing character: There is no ச (U+0B9A) in font nullfont!
Missing character: There is no ெ (U+0BC6) in font nullfont!
Missing character: There is no ய (U+0BAF) in font nullfont!
Missing character: There is no ் (U+0BCD) in font nullfont!
Missing character: There is no த (U+0BA4) in font nullfont!
Missing character: There is no ு (U+0BC1) in font nullfont!
Missing character: There is no ஒ (U+0B92) in font nullfont!
Missing character: There is no வ (U+0BB5) in font nullfont!
Missing character: There is no ் (U+0BCD) in font nullfont!
Missing character: There is no வ (U+0BB5) in font nullfont!
Missing character: There is no ொ (U+0BCA) in font nullfont!
Missing character: There is no ர (U+0BB0) in font nullfont!
Missing character: There is no ு (U+0BC1) in font nullfont!
Missing character: There is no ந (U+0BA8) in font nullfont!
Missing character: There is no க (U+0B95) in font nullfont!
Missing character: There is no ல (U+0BB2) in font nullfont!
Missing character: There is no ் (U+0BCD) in font nullfont!
Missing character: There is no ச (U+0B9A) in font nullfont!
Missing character: There is no ெ (U+0BC6) in font nullfont!
Missing character: There is no ய (U+0BAF) in font nullfont!
Missing character: There is no ல (U+0BB2) in font nullfont!
Missing character: There is no ் (U+0BCD) in font nullfont!
Missing character: There is no ப (U+0BAA) in font nullfont!
Missing character: There is no ா (U+0BBE) in font nullfont!
Missing character: There is no ட (U+0B9F) in font nullfont!
Missing character: There is no ் (U+0BCD) in font nullfont!
Missing character: There is no ட (U+0B9F) in font nullfont!
Missing character: There is no ி (U+0BBF) in font nullfont!
Missing character: There is no ல (U+0BB2) in font nullfont!
Missing character: There is no ு (U+0BC1) in font nullfont!
Missing character: There is no ம (U+0BAE) in font nullfont!
Missing character: There is no ் (U+0BCD) in font nullfont!
Missing character: There is no ப (U+0BAA) in font nullfont!
Missing character: There is no ா (U+0BBE) in font nullfont!
Missing character: There is no த (U+0BA4) in font nullfont!
Missing character: There is no ை (U+0BC8) in font nullfont!
Missing character: There is no க (U+0B95) in font nullfont!
Missing character: There is no ட (U+0B9F) in font nullfont!
Missing character: There is no ப (U+0BAA) in font nullfont!
Missing character: There is no ் (U+0BCD) in font nullfont!
Missing character: There is no ப (U+0BAA) in font nullfont!
Missing character: There is no ு (U+0BC1) in font nullfont!
Missing character: There is no ப (U+0BAA) in font nullfont!
Missing character: There is no ா (U+0BBE) in font nullfont!
Missing character: There is no த (U+0BA4) in font nullfont!
Missing character: There is no ு (U+0BC1) in font nullfont!
Missing character: There is no க (U+0B95) in font nullfont!
Missing character: There is no ா (U+0BBE) in font nullfont!
Missing character: There is no ப (U+0BAA) in font nullfont!
Missing character: There is no ் (U+0BCD) in font nullfont!
Missing character: There is no ப (U+0BAA) in font nullfont!
Missing character: There is no ு (U+0BC1) in font nullfont!
Missing character: There is no ட (U+0B9F) in font nullfont!
Missing character: There is no ன (U+0BA9) in font nullfont!
Missing character: There is no ் (U+0BCD) in font nullfont!
Missing character: There is no ச (U+0B9A) in font nullfont!
Missing character: There is no ெ (U+0BC6) in font nullfont!
Missing character: There is no ய (U+0BAF) in font nullfont!
Missing character: There is no ல (U+0BB2) in font nullfont!
Missing character: There is no ் (U+0BCD) in font nullfont!
Missing character: There is no ப (U+0BAA) in font nullfont!
Missing character: There is no ட (U+0B9F) in font nullfont!
Missing character: There is no ு (U+0BC1) in font nullfont!
Missing character: There is no த (U+0BA4) in font nullfont!
Missing character: There is no ் (U+0BCD) in font nullfont!
Missing character: There is no த (U+0BA4) in font nullfont!
Missing character: There is no ு (U+0BC1) in font nullfont!
Missing character: There is no க (U+0B95) in font nullfont!
Missing character: There is no ி (U+0BBF) in font nullfont!
Missing character: There is no ற (U+0BB1) in font nullfont!
Missing character: There is no த (U+0BA4) in font nullfont!
Missing character: There is no ு (U+0BC1) in font nullfont!
Missing character: There is no . (U+002E) in font nullfont!
Missing character: There is no c (U+0063) in font nullfont!
Missing character: There is no o (U+006F) in font nullfont!
Missing character: There is no g (U+0067) in font nullfont!
Missing character: There is no m (U+006D) in font nullfont!
Missing character: There is no a (U+0061) in font nullfont!
Missing character: There is no n (U+006E) in font nullfont!
Missing character: There is no - (U+002D) in font nullfont!
Missing character: There is no - (U+002D) in font nullfont!
Missing character: There is no s (U+0073) in font nullfont!
Missing character: There is no u (U+0075) in font nullfont!
Missing character: There is no p (U+0070) in font nullfont!
Missing character: There is no e (U+0065) in font nullfont!
Missing character: There is no r (U+0072) in font nullfont!
Missing character: There is no v (U+0076) in font nullfont!
Missing character: There is no i (U+0069) in font nullfont!
Missing character: There is no s (U+0073) in font nullfont!
Missing character: There is no o (U+006F) in font nullfont!
Missing character: There is no r (U+0072) in font nullfont!
Missing character: There is no P (U+0050) in font nullfont!
Missing character: There is no I (U+0049) in font nullfont!
Missing character: There is no D (U+0044) in font nullfont!
Missing character: There is no 1 (U+0031) in font nullfont!
Missing character: There is no ஆ (U+0B86) in font nullfont!
Missing character: There is no க (U+0B95) in font nullfont!
Missing character: There is no ச (U+0B9A) in font nullfont!
Missing character: There is no ெ (U+0BC6) in font nullfont!
Missing character: There is no ய (U+0BAF) in font nullfont!
Missing character: There is no ல (U+0BB2) in font nullfont!
Missing character: There is no ் (U+0BCD) in font nullfont!
Missing character: There is no ப (U+0BAA) in font nullfont!
Missing character: There is no ட (U+0B9F) in font nullfont!
Missing character: There is no ் (U+0BCD) in font nullfont!
Missing character: There is no ட (U+0B9F) in font nullfont!
Missing character: There is no ு (U+0BC1) in font nullfont!
Missing character: There is no , (U+002C) in font nullfont!
Missing character: There is no S (U+0053) in font nullfont!
Missing character: There is no I (U+0049) in font nullfont!
Missing character: There is no G (U+0047) in font nullfont!
Missing character: There is no C (U+0043) in font nullfont!
Missing character: There is no H (U+0048) in font nullfont!
Missing character: There is no L (U+004C) in font nullfont!
Missing character: There is no D (U+0044) in font nullfont!
Missing character: There is no ச (U+0B9A) in font nullfont!
Missing character: There is no ு (U+0BC1) in font nullfont!
Missing character: There is no ய (U+0BAF) in font nullfont!
Missing character: There is no - (U+002D) in font nullfont!
Missing character: There is no - (U+002D) in font nullfont!
Missing character: There is no க (U+0B95) in font nullfont!
Missing character: There is no ு (U+0BC1) in font nullfont!
Missing character: There is no ழ (U+0BB4) in font nullfont!
Missing character: There is no ா (U+0BBE) in font nullfont!
Missing character: There is no ய (U+0BAF) in font nullfont!
Missing character: There is no ் (U+0BCD) in font nullfont!
Missing character: There is no க (U+0B95) in font nullfont!
Missing character: There is no ு (U+0BC1) in font nullfont!
Missing character: There is no ழ (U+0BB4) in font nullfont!
Missing character: There is no ந (U+0BA8) in font nullfont!
Missing character: There is no ் (U+0BCD) in font nullfont!
Missing character: There is no த (U+0BA4) in font nullfont!
Missing character: There is no ை (U+0BC8) in font nullfont!
Missing character: There is no அ (U+0B85) in font nullfont!
Missing character: There is no ற (U+0BB1) in font nullfont!
Missing character: There is no ு (U+0BC1) in font nullfont!
Missing character: There is no வ (U+0BB5) in font nullfont!
Missing character: There is no ட (U+0B9F) in font nullfont!
Missing character: There is no ை (U+0BC8) in font nullfont!
Missing character: There is no , (U+002C) in font nullfont!
Missing character: There is no ச (U+0B9A) in font nullfont!
Missing character: There is no ா (U+0BBE) in font nullfont!
Missing character: There is no ர (U+0BB0) in font nullfont!
Missing character: There is no ் (U+0BCD) in font nullfont!
Missing character: There is no ப (U+0BAA) in font nullfont!
Missing character: There is no ு (U+0BC1) in font nullfont!
Missing character: There is no வ (U+0BB5) in font nullfont!
Missing character: There is no ர (U+0BB0) in font nullfont!
Missing character: There is no ி (U+0BBF) in font nullfont!
Missing character: There is no ச (U+0B9A) in font nullfont!
Missing character: There is no ை (U+0BC8) in font nullfont!
Missing character: There is no த (U+0BA4) in font nullfont!
Missing character: There is no ொ (U+0BCA) in font nullfont!
Missing character: There is no ட (U+0B9F) in font nullfont!
Missing character: There is no க (U+0B95) in font nullfont!
Missing character: There is no ் (U+0BCD) in font nullfont!
Missing character: There is no க (U+0B95) in font nullfont!
Missing character: There is no ம (U+0BAE) in font nullfont!
Missing character: There is no ் (U+0BCD) in font nullfont!
Missing character: There is no ம (U+0BAE) in font nullfont!
Missing character: There is no ற (U+0BB1) in font nullfont!
Missing character: There is no ் (U+0BCD) in font nullfont!
Missing character: There is no ற (U+0BB1) in font nullfont!
Missing character: There is no ு (U+0BC1) in font nullfont!
Missing character: There is no ம (U+0BAE) in font nullfont!
Missing character: There is no ் (U+0BCD) in font nullfont!
Missing character: There is no ம (U+0BAE) in font nullfont!
Missing character: There is no ூ (U+0BC2) in font nullfont!
Missing character: There is no ன (U+0BA9) in font nullfont!
Missing character: There is no ் (U+0BCD) in font nullfont!
Missing character: There is no ற (U+0BB1) in font nullfont!
Missing character: There is no ு (U+0BC1) in font nullfont!
Missing character: There is no க (U+0B95) in font nullfont!
Missing character: There is no ட (U+0B9F) in font nullfont!
Missing character: There is no ் (U+0BCD) in font nullfont!
Missing character: There is no ட (U+0B9F) in font nullfont!
Missing character: There is no ம (U+0BAE) in font nullfont!
Missing character: There is no ை (U+0BC8) in font nullfont!
Missing character: There is no க (U+0B95) in font nullfont!
Missing character: There is no ் (U+0BCD) in font nullfont!
Missing character: There is no க (U+0B95) in font nullfont!
Missing character: There is no க (U+0B95) in font nullfont!
Missing character: There is no ் (U+0BCD) in font nullfont!
Missing character: There is no க (U+0B95) in font nullfont!
Missing character: There is no ூ (U+0BC2) in font nullfont!
Missing character: There is no ட (U+0B9F) in font nullfont!
Missing character: There is no ி (U+0BBF) in font nullfont!
Missing character: There is no ய (U+0BAF) in font nullfont!
Missing character: There is no ம (U+0BAE) in font nullfont!
Missing character: There is no ற (U+0BB1) in font nullfont!
Missing character: There is no ு (U+0BC1) in font nullfont!
Missing character: There is no த (U+0BA4) in font nullfont!
Missing character: There is no ொ (U+0BCA) in font nullfont!
Missing character: There is no ட (U+0B9F) in font nullfont!
Missing character: There is no க (U+0B95) in font nullfont!
Missing character: There is no ் (U+0BCD) in font nullfont!
Missing character: There is no க (U+0B95) in font nullfont!
Missing character: There is no க (U+0B95) in font nullfont!
Missing character: There is no ொ (U+0BCA) in font nullfont!
Missing character: There is no ள (U+0BB3) in font nullfont!
Missing character: There is no ் (U+0BCD) in font nullfont!
Missing character: There is no க (U+0B95) in font nullfont!
Missing character: There is no ை (U+0BC8) in font nullfont!
Missing character: There is no க (U+0B95) in font nullfont!
Missing character: There is no ள (U+0BB3) in font nullfont!
Missing character: There is no ு (U+0BC1) in font nullfont!
Missing character: There is no ட (U+0B9F) in font nullfont!
Missing character: There is no ன (U+0BA9) in font nullfont!
Missing character: There is no ் (U+0BCD) in font nullfont!
Missing character: There is no அ (U+0B85) in font nullfont!
Missing character: There is no ன (U+0BA9) in font nullfont!
Missing character: There is no ை (U+0BC8) in font nullfont!
Missing character: There is no த (U+0BA4) in font nullfont!
Missing character: There is no ் (U+0BCD) in font nullfont!
Missing character: There is no த (U+0BA4) in font nullfont!
Missing character: There is no ு (U+0BC1) in font nullfont!
Missing character: There is no க (U+0B95) in font nullfont!
Missing character: There is no ண (U+0BA3) in font nullfont!
Missing character: There is no ி (U+0BBF) in font nullfont!
Missing character: There is no ன (U+0BA9) in font nullfont!
Missing character: There is no ி (U+0BBF) in font nullfont!
Missing character: There is no ச (U+0B9A) in font nullfont!
Missing character: There is no ே (U+0BC7) in font nullfont!
Missing character: There is no வ (U+0BB5) in font nullfont!
Missing character: There is no ை (U+0BC8) in font nullfont!
Missing character: There is no க (U+0B95) in font nullfont!
Missing character: There is no ள (U+0BB3) in font nullfont!
Missing character: There is no ை (U+0BC8) in font nullfont!
Missing character: There is no ய (U+0BAF) in font nullfont!
Missing character: There is no ு (U+0BC1) in font nullfont!
Missing character: There is no ம (U+0BAE) in font nullfont!
Missing character: There is no ் (U+0BCD) in font nullfont!
Missing character: There is no ந (U+0BA8) in font nullfont!
Missing character: There is no ி (U+0BBF) in font nullfont!
Missing character: There is no ர (U+0BB0) in font nullfont!
Missing character: There is no ் (U+0BCD) in font nullfont!
Missing character: There is no வ (U+0BB5) in font nullfont!
Missing character: There is no க (U+0B95) in font nullfont!
Missing character: There is no ி (U+0BBF) in font nullfont!
Missing character: There is no க (U+0B95) in font nullfont!
Missing character: There is no ் (U+0BCD) in font nullfont!
Missing character: There is no க (U+0B95) in font nullfont!
Missing character: There is no ி (U+0BBF) in font nullfont!
Missing character: There is no ற (U+0BB1) in font nullfont!
Missing character: There is no த (U+0BA4) in font nullfont!
Missing character: There is no ு (U+0BC1) in font nullfont!
Missing character: There is no . (U+002E) in font nullfont!
Missing character: There is no இ (U+0B87) in font nullfont!
Missing character: There is no ய (U+0BAF) in font nullfont!
Missing character: There is no க (U+0B95) in font nullfont!
Missing character: There is no ் (U+0BCD) in font nullfont!
Missing character: There is no க (U+0B95) in font nullfont!
Missing character: There is no ந (U+0BA8) in font nullfont!
Missing character: There is no ே (U+0BC7) in font nullfont!
Missing character: There is no ர (U+0BB0) in font nullfont!
Missing character: There is no க (U+0B95) in font nullfont!
Missing character: There is no ட (U+0B9F) in font nullfont!
Missing character: There is no ் (U+0BCD) in font nullfont!
Missing character: There is no ட (U+0B9F) in font nullfont!
Missing character: There is no ு (U+0BC1) in font nullfont!
Missing character: There is no ப (U+0BAA) in font nullfont!
Missing character: There is no ் (U+0BCD) in font nullfont!
Missing character: There is no ப (U+0BAA) in font nullfont!
Missing character: There is no ா (U+0BBE) in font nullfont!
Missing character: There is no ட (U+0B9F) in font nullfont!
Missing character: There is no ு (U+0BC1) in font nullfont!
Missing character: There is no U (U+0055) in font nullfont!
Missing character: There is no n (U+006E) in font nullfont!
Missing character: There is no i (U+0069) in font nullfont!
Missing character: There is no x (U+0078) in font nullfont!
Missing character: There is no ட (U+0B9F) in font nullfont!
Missing character: There is no ொ (U+0BCA) in font nullfont!
Missing character: There is no ம (U+0BAE) in font nullfont!
Missing character: There is no ை (U+0BC8) in font nullfont!
Missing character: There is no ன (U+0BA9) in font nullfont!
Missing character: There is no ் (U+0BCD) in font nullfont!
Missing character: There is no ச (U+0B9A) in font nullfont!
Missing character: There is no ா (U+0BBE) in font nullfont!
Missing character: There is no க (U+0B95) in font nullfont!
Missing character: There is no ் (U+0BCD) in font nullfont!
Missing character: There is no க (U+0B95) in font nullfont!
Missing character: There is no ெ (U+0BC6) in font nullfont!
Missing character: There is no ட (U+0B9F) in font nullfont!
Missing character: There is no ் (U+0BCD) in font nullfont!
Missing character: There is no வ (U+0BB5) in font nullfont!
Missing character: There is no ழ (U+0BB4) in font nullfont!
Missing character: There is no ி (U+0BBF) in font nullfont!
Missing character: There is no ய (U+0BAF) in font nullfont!
Missing character: There is no ா (U+0BBE) in font nullfont!
Missing character: There is no க (U+0B95) in font nullfont!
Missing character: There is no c (U+0063) in font nullfont!
Missing character: There is no o (U+006F) in font nullfont!
Missing character: There is no g (U+0067) in font nullfont!
Missing character: There is no m (U+006D) in font nullfont!
Missing character: There is no a (U+0061) in font nullfont!
Missing character: There is no n (U+006E) in font nullfont!
Missing character: There is no - (U+002D) in font nullfont!
Missing character: There is no - (U+002D) in font nullfont!
Missing character: There is no c (U+0063) in font nullfont!
Missing character: There is no t (U+0074) in font nullfont!
Missing character: There is no l (U+006C) in font nullfont!
Missing character: There is no ம (U+0BAE) in font nullfont!
Missing character: There is no ூ (U+0BC2) in font nullfont!
Missing character: There is no ல (U+0BB2) in font nullfont!
Missing character: There is no ம (U+0BAE) in font nullfont!
Missing character: There is no ் (U+0BCD) in font nullfont!
Missing character: There is no வ (U+0BB5) in font nullfont!
Missing character: There is no ழ (U+0BB4) in font nullfont!
Missing character: There is no ங (U+0B99) in font nullfont!
Missing character: There is no ் (U+0BCD) in font nullfont!
Missing character: There is no க (U+0B95) in font nullfont!
Missing character: There is no ப (U+0BAA) in font nullfont!
Missing character: There is no ் (U+0BCD) in font nullfont!
Missing character: There is no ப (U+0BAA) in font nullfont!
Missing character: There is no ட (U+0B9F) in font nullfont!
Missing character: There is no ு (U+0BC1) in font nullfont!
Missing character: There is no க (U+0B95) in font nullfont!
Missing character: There is no ி (U+0BBF) in font nullfont!
Missing character: There is no ற (U+0BB1) in font nullfont!
Missing character: There is no த (U+0BA4) in font nullfont!
Missing character: There is no ு (U+0BC1) in font nullfont!
Missing character: There is no . (U+002E) in font nullfont!
Missing character: There is no C (U+0043) in font nullfont!
Missing character: There is no o (U+006F) in font nullfont!
Missing character: There is no g (U+0067) in font nullfont!
Missing character: There is no m (U+006D) in font nullfont!
Missing character: There is no a (U+0061) in font nullfont!
Missing character: There is no n (U+006E) in font nullfont!
Missing character: There is no க (U+0B95) in font nullfont!
Missing character: There is no ர (U+0BB0) in font nullfont!
Missing character: There is no ு (U+0BC1) in font nullfont!
Missing character: There is no வ (U+0BB5) in font nullfont!
Missing character: There is no ி (U+0BBF) in font nullfont!
Missing character: There is no த (U+0BA4) in font nullfont!
Missing character: There is no ் (U+0BCD) in font nullfont!
Missing character: There is no த (U+0BA4) in font nullfont!
Missing character: There is no ொ (U+0BCA) in font nullfont!
Missing character: There is no க (U+0B95) in font nullfont!
Missing character: There is no ு (U+0BC1) in font nullfont!
Missing character: There is no ப (U+0BAA) in font nullfont!
Missing character: There is no ் (U+0BCD) in font nullfont!
Missing character: There is no ப (U+0BAA) in font nullfont!
Missing character: There is no ு (U+0BC1) in font nullfont!
Missing character: There is no வ (U+0BB5) in font nullfont!
Missing character: There is no ெ (U+0BC6) in font nullfont!
Missing character: There is no ள (U+0BB3) in font nullfont!
Missing character: There is no ி (U+0BBF) in font nullfont!
Missing character: There is no ச (U+0B9A) in font nullfont!
Missing character: There is no ா (U+0BBE) in font nullfont!
Missing character: There is no ர (U+0BB0) in font nullfont!
Missing character: There is no ் (U+0BCD) in font nullfont!
Missing character: There is no ப (U+0BAA) in font nullfont!
Missing character: There is no ு (U+0BC1) in font nullfont!
Missing character: There is no இ (U+0B87) in font nullfont!
Missing character: There is no ல (U+0BB2) in font nullfont!
Missing character: There is no ் (U+0BCD) in font nullfont!
Missing character: There is no ல (U+0BB2) in font nullfont!
Missing character: There is no ா (U+0BBE) in font nullfont!
Missing character: There is no ம (U+0BAE) in font nullfont!
Missing character: There is no ல (U+0BB2) in font nullfont!
Missing character: There is no ் (U+0BCD) in font nullfont!
Missing character: There is no உ (U+0B89) in font nullfont!
Missing character: There is no ர (U+0BB0) in font nullfont!
Missing character: There is no ு (U+0BC1) in font nullfont!
Missing character: There is no வ (U+0BB5) in font nullfont!
Missing character: There is no ா (U+0BBE) in font nullfont!
Missing character: There is no க (U+0B95) in font nullfont!
Missing character: There is no ் (U+0BCD) in font nullfont!
Missing character: There is no க (U+0B95) in font nullfont!
Missing character: There is no ம (U+0BAE) in font nullfont!
Missing character: There is no ் (U+0BCD) in font nullfont!
Missing character: There is no ம (U+0BAE) in font nullfont!
Missing character: There is no ற (U+0BB1) in font nullfont!
Missing character: There is no ் (U+0BCD) in font nullfont!
Missing character: There is no ற (U+0BB1) in font nullfont!
Missing character: There is no ு (U+0BC1) in font nullfont!
Missing character: There is no ம (U+0BAE) in font nullfont!
Missing character: There is no ் (U+0BCD) in font nullfont!
Missing character: There is no இ (U+0B87) in font nullfont!
Missing character: There is no ய (U+0BAF) in font nullfont!
Missing character: There is no க (U+0B95) in font nullfont!
Missing character: There is no ் (U+0BCD) in font nullfont!
Missing character: There is no க (U+0B95) in font nullfont!
Missing character: There is no ந (U+0BA8) in font nullfont!
Missing character: There is no ே (U+0BC7) in font nullfont!
Missing character: There is no ர (U+0BB0) in font nullfont!
Missing character: There is no க (U+0B95) in font nullfont!
Missing character: There is no ட (U+0B9F) in font nullfont!
Missing character: There is no ் (U+0BCD) in font nullfont!
Missing character: There is no ட (U+0B9F) in font nullfont!
Missing character: There is no ங (U+0B99) in font nullfont!
Missing character: There is no ் (U+0BCD) in font nullfont!
Missing character: There is no க (U+0B95) in font nullfont!
Missing character: There is no ள (U+0BB3) in font nullfont!
Missing character: There is no ை (U+0BC8) in font nullfont!
Missing character: There is no ஒ (U+0B92) in font nullfont!
Missing character: There is no ர (U+0BB0) in font nullfont!
Missing character: There is no ு (U+0BC1) in font nullfont!
Missing character: There is no ங (U+0B99) in font nullfont!
Missing character: There is no ் (U+0BCD) in font nullfont!
Missing character: There is no க (U+0B95) in font nullfont!
Missing character: There is no ி (U+0BBF) in font nullfont!
Missing character: There is no ண (U+0BA3) in font nullfont!
Missing character: There is no ை (U+0BC8) in font nullfont!
Missing character: There is no க (U+0B95) in font nullfont!
Missing character: There is no ் (U+0BCD) in font nullfont!
Missing character: There is no க (U+0B95) in font nullfont!
Missing character: There is no ி (U+0BBF) in font nullfont!
Missing character: There is no ற (U+0BB1) in font nullfont!
Missing character: There is no த (U+0BA4) in font nullfont!
Missing character: There is no ு (U+0BC1) in font nullfont!
Missing character: There is no . (U+002E) in font nullfont!
Missing character: There is no c (U+0063) in font nullfont!
Missing character: There is no o (U+006F) in font nullfont!
Missing character: There is no g (U+0067) in font nullfont!
Missing character: There is no m (U+006D) in font nullfont!
Missing character: There is no a (U+0061) in font nullfont!
Missing character: There is no n (U+006E) in font nullfont!
Missing character: There is no - (U+002D) in font nullfont!
Missing character: There is no p (U+0070) in font nullfont!
Missing character: There is no l (U+006C) in font nullfont!
Missing character: There is no a (U+0061) in font nullfont!
Missing character: There is no n (U+006E) in font nullfont!
Missing character: There is no n (U+006E) in font nullfont!
Missing character: There is no e (U+0065) in font nullfont!
Missing character: There is no r (U+0072) in font nullfont!
Missing character: There is no ( (U+0028) in font nullfont!
Missing character: There is no R (U+0052) in font nullfont!
Missing character: There is no u (U+0075) in font nullfont!
Missing character: There is no s (U+0073) in font nullfont!
Missing character: There is no t (U+0074) in font nullfont!
Missing character: There is no ) (U+0029) in font nullfont!
Missing character: There is no அ (U+0B85) in font nullfont!
Missing character: There is no ற (U+0BB1) in font nullfont!
Missing character: There is no ி (U+0BBF) in font nullfont!
Missing character: There is no வ (U+0BB5) in font nullfont!
Missing character: There is no ி (U+0BBF) in font nullfont!
Missing character: There is no ப (U+0BAA) in font nullfont!
Missing character: There is no ் (U+0BCD) in font nullfont!
Missing character: There is no ப (U+0BAA) in font nullfont!
Missing character: There is no ு (U+0BC1) in font nullfont!
Missing character: There is no வ (U+0BB5) in font nullfont!
Missing character: There is no ட (U+0B9F) in font nullfont!
Missing character: There is no ி (U+0BBF) in font nullfont!
Missing character: There is no வ (U+0BB5) in font nullfont!
Missing character: There is no T (U+0054) in font nullfont!
Missing character: There is no O (U+004F) in font nullfont!
Missing character: There is no M (U+004D) in font nullfont!
Missing character: There is no L (U+004C) in font nullfont!
Missing character: There is no த (U+0BA4) in font nullfont!
Missing character: There is no ொ (U+0BCA) in font nullfont!
Missing character: There is no க (U+0B95) in font nullfont!
Missing character: There is no ு (U+0BC1) in font nullfont!
Missing character: There is no ப (U+0BAA) in font nullfont!
Missing character: There is no ் (U+0BCD) in font nullfont!
Missing character: There is no ப (U+0BAA) in font nullfont!
Missing character: There is no ு (U+0BC1) in font nullfont!
Missing character: There is no வ (U+0BB5) in font nullfont!
Missing character: There is no ர (U+0BB0) in font nullfont!
Missing character: There is no ை (U+0BC8) in font nullfont!
Missing character: There is no ய (U+0BAF) in font nullfont!
Missing character: There is no ற (U+0BB1) in font nullfont!
Missing character: There is no ை (U+0BC8) in font nullfont!
Missing character: There is no க (U+0B95) in font nullfont!
Missing character: There is no ள (U+0BB3) in font nullfont!
Missing character: There is no ை (U+0BC8) in font nullfont!
Missing character: There is no D (U+0044) in font nullfont!
Missing character: There is no A (U+0041) in font nullfont!
Missing character: There is no G (U+0047) in font nullfont!
Missing character: There is no அ (U+0B85) in font nullfont!
Missing character: There is no ட (U+0B9F) in font nullfont!
Missing character: There is no ி (U+0BBF) in font nullfont!
Missing character: There is no ப (U+0BAA) in font nullfont!
Missing character: There is no ் (U+0BCD) in font nullfont!
Missing character: There is no ப (U+0BAA) in font nullfont!
Missing character: There is no ட (U+0B9F) in font nullfont!
Missing character: There is no ை (U+0BC8) in font nullfont!
Missing character: There is no ய (U+0BAF) in font nullfont!
Missing character: There is no ி (U+0BBF) in font nullfont!
Missing character: There is no ல (U+0BB2) in font nullfont!
Missing character: There is no ா (U+0BBE) in font nullfont!
Missing character: There is no ன (U+0BA9) in font nullfont!
Missing character: There is no இ (U+0B87) in font nullfont!
Missing character: There is no ட (U+0B9F) in font nullfont!
Missing character: There is no வ (U+0BB5) in font nullfont!
Missing character: There is no ர (U+0BB0) in font nullfont!
Missing character: There is no ி (U+0BBF) in font nullfont!
Missing character: There is no ச (U+0B9A) in font nullfont!
Missing character: There is no ை (U+0BC8) in font nullfont!
Missing character: There is no வ (U+0BB5) in font nullfont!
Missing character: There is no ர (U+0BB0) in font nullfont!
Missing character: There is no ி (U+0BBF) in font nullfont!
Missing character: There is no ச (U+0B9A) in font nullfont!
Missing character: There is no ை (U+0BC8) in font nullfont!
Missing character: There is no ப (U+0BAA) in font nullfont!
Missing character: There is no ் (U+0BCD) in font nullfont!
Missing character: There is no ப (U+0BAA) in font nullfont!
Missing character: There is no ட (U+0B9F) in font nullfont!
Missing character: There is no ு (U+0BC1) in font nullfont!
Missing character: There is no த (U+0BA4) in font nullfont!
Missing character: There is no ் (U+0BCD) in font nullfont!
Missing character: There is no த (U+0BA4) in font nullfont!
Missing character: There is no ல (U+0BB2) in font nullfont!
Missing character: There is no ் (U+0BCD) in font nullfont!
Missing character: There is no ம (U+0BAE) in font nullfont!
Missing character: There is no ூ (U+0BC2) in font nullfont!
Missing character: There is no ல (U+0BB2) in font nullfont!
Missing character: There is no ம (U+0BAE) in font nullfont!
Missing character: There is no ் (U+0BCD) in font nullfont!
Missing character: There is no C (U+0043) in font nullfont!
Missing character: There is no G (U+0047) in font nullfont!
Missing character: There is no M (U+004D) in font nullfont!
Missing character: There is no 2 (U+0032) in font nullfont!
Missing character: There is no P (U+0050) in font nullfont!
Missing character: There is no L (U+004C) in font nullfont!
Missing character: There is no A (U+0041) in font nullfont!
Missing character: There is no N (U+004E) in font nullfont!
Missing character: There is no வ (U+0BB5) in font nullfont!
Missing character: There is no ட (U+0B9F) in font nullfont!
Missing character: There is no ி (U+0BBF) in font nullfont!
Missing character: There is no வ (U+0BB5) in font nullfont!
Missing character: There is no ப (U+0BAA) in font nullfont!
Missing character: There is no ை (U+0BC8) in font nullfont!
Missing character: There is no ன (U+0BA9) in font nullfont!
Missing character: There is no ர (U+0BB0) in font nullfont!
Missing character: There is no ி (U+0BBF) in font nullfont!
Missing character: There is no ச (U+0B9A) in font nullfont!
Missing character: There is no ெ (U+0BC6) in font nullfont!
Missing character: There is no ய (U+0BAF) in font nullfont!
Missing character: There is no ல (U+0BB2) in font nullfont!
Missing character: There is no ் (U+0BCD) in font nullfont!
Missing character: There is no த (U+0BA4) in font nullfont!
Missing character: There is no ி (U+0BBF) in font nullfont!
Missing character: There is no ட (U+0B9F) in font nullfont!
Missing character: There is no ் (U+0BCD) in font nullfont!
Missing character: There is no ட (U+0B9F) in font nullfont!
Missing character: There is no ங (U+0B99) in font nullfont!
Missing character: There is no ் (U+0BCD) in font nullfont!
Missing character: There is no க (U+0B95) in font nullfont!
Missing character: There is no ள (U+0BB3) in font nullfont!
Missing character: There is no ா (U+0BBE) in font nullfont!
Missing character: There is no க (U+0B95) in font nullfont!
Missing character: There is no த (U+0BA4) in font nullfont!
Missing character: There is no ொ (U+0BCA) in font nullfont!
Missing character: There is no க (U+0B95) in font nullfont!
Missing character: There is no ு (U+0BC1) in font nullfont!
Missing character: There is no க (U+0B95) in font nullfont!
Missing character: There is no ் (U+0BCD) in font nullfont!
Missing character: There is no க (U+0B95) in font nullfont!
Missing character: There is no ி (U+0BBF) in font nullfont!
Missing character: There is no ற (U+0BB1) in font nullfont!
Missing character: There is no த (U+0BA4) in font nullfont!
Missing character: There is no ு (U+0BC1) in font nullfont!
Missing character: There is no . (U+002E) in font nullfont!
Missing character: There is no c (U+0063) in font nullfont!
Missing character: There is no o (U+006F) in font nullfont!
Missing character: There is no g (U+0067) in font nullfont!
Missing character: There is no m (U+006D) in font nullfont!
Missing character: There is no a (U+0061) in font nullfont!
Missing character: There is no n (U+006E) in font nullfont!
Missing character: There is no - (U+002D) in font nullfont!
Missing character: There is no e (U+0065) in font nullfont!
Missing character: There is no x (U+0078) in font nullfont!
Missing character: There is no e (U+0065) in font nullfont!
Missing character: There is no c (U+0063) in font nullfont!
Missing character: There is no u (U+0075) in font nullfont!
Missing character: There is no t (U+0074) in font nullfont!
Missing character: There is no o (U+006F) in font nullfont!
Missing character: There is no r (U+0072) in font nullfont!
Missing character: There is no ( (U+0028) in font nullfont!
Missing character: There is no C (U+0043) in font nullfont!
Missing character: There is no 1 (U+0031) in font nullfont!
Missing character: There is no 1 (U+0031) in font nullfont!
Missing character: There is no ) (U+0029) in font nullfont!
Missing character: There is no ச (U+0B9A) in font nullfont!
Missing character: There is no ெ (U+0BC6) in font nullfont!
Missing character: There is no ய (U+0BAF) in font nullfont!
Missing character: There is no ல (U+0BB2) in font nullfont!
Missing character: There is no ் (U+0BCD) in font nullfont!
Missing character: There is no த (U+0BA4) in font nullfont!
Missing character: There is no ி (U+0BBF) in font nullfont!
Missing character: There is no ட (U+0B9F) in font nullfont!
Missing character: There is no ் (U+0BCD) in font nullfont!
Missing character: There is no ட (U+0B9F) in font nullfont!
Missing character: There is no த (U+0BA4) in font nullfont!
Missing character: There is no ் (U+0BCD) in font nullfont!
Missing character: There is no த (U+0BA4) in font nullfont!
Missing character: There is no ை (U+0BC8) in font nullfont!
Missing character: There is no ந (U+0BA8) in font nullfont!
Missing character: There is no ி (U+0BBF) in font nullfont!
Missing character: There is no ன (U+0BA9) in font nullfont!
Missing character: There is no ை (U+0BC8) in font nullfont!
Missing character: There is no வ (U+0BB5) in font nullfont!
Missing character: There is no க (U+0B95) in font nullfont!
Missing character: There is no வ (U+0BB5) in font nullfont!
Missing character: There is no ர (U+0BB0) in font nullfont!
Missing character: There is no ை (U+0BC8) in font nullfont!
Missing character: There is no ப (U+0BAA) in font nullfont!
Missing character: There is no ட (U+0B9F) in font nullfont!
Missing character: There is no ம (U+0BAE) in font nullfont!
Missing character: There is no ் (U+0BCD) in font nullfont!
Missing character: There is no ச (U+0B9A) in font nullfont!
Missing character: There is no ெ (U+0BC6) in font nullfont!
Missing character: There is no ய (U+0BAF) in font nullfont!
Missing character: There is no ் (U+0BCD) in font nullfont!
Missing character: There is no த (U+0BA4) in font nullfont!
Missing character: There is no ு (U+0BC1) in font nullfont!
Missing character: There is no ஒ (U+0B92) in font nullfont!
Missing character: There is no வ (U+0BB5) in font nullfont!
Missing character: There is no ் (U+0BCD) in font nullfont!
Missing character: There is no வ (U+0BB5) in font nullfont!
Missing character: There is no ொ (U+0BCA) in font nullfont!
Missing character: There is no ர (U+0BB0) in font nullfont!
Missing character: There is no ு (U+0BC1) in font nullfont!
Missing character: There is no ந (U+0BA8) in font nullfont!
Missing character: There is no க (U+0B95) in font nullfont!
Missing character: There is no ல (U+0BB2) in font nullfont!
Missing character: There is no ் (U+0BCD) in font nullfont!
Missing character: There is no ச (U+0B9A) in font nullfont!
Missing character: There is no ெ (U+0BC6) in font nullfont!
Missing character: There is no ய (U+0BAF) in font nullfont!
Missing character: There is no ல (U+0BB2) in font nullfont!
Missing character: There is no ் (U+0BCD) in font nullfont!
Missing character: There is no ப (U+0BAA) in font nullfont!
Missing character: There is no ா (U+0BBE) in font nullfont!
Missing character: There is no ட (U+0B9F) in font nullfont!
Missing character: There is no ் (U+0BCD) in font nullfont!
Missing character: There is no ட (U+0B9F) in font nullfont!
Missing character: There is no ி (U+0BBF) in font nullfont!
Missing character: There is no ல (U+0BB2) in font nullfont!
Missing character: There is no ு (U+0BC1) in font nullfont!
Missing character: There is no ம (U+0BAE) in font nullfont!
Missing character: There is no ் (U+0BCD) in font nullfont!
Missing character: There is no ப (U+0BAA) in font nullfont!
Missing character: There is no ா (U+0BBE) in font nullfont!
Missing character: There is no த (U+0BA4) in font nullfont!
Missing character: There is no ை (U+0BC8) in font nullfont!
Missing character: There is no க (U+0B95) in font nullfont!
Missing character: There is no ட (U+0B9F) in font nullfont!
Missing character: There is no ப (U+0BAA) in font nullfont!
Missing character: There is no ் (U+0BCD) in font nullfont!
Missing character: There is no ப (U+0BAA) in font nullfont!
Missing character: There is no ு (U+0BC1) in font nullfont!
Missing character: There is no ப (U+0BAA) in font nullfont!
Missing character: There is no ா (U+0BBE) in font nullfont!
Missing character: There is no த (U+0BA4) in font nullfont!
Missing character: There is no ு (U+0BC1) in font nullfont!
Missing character: There is no க (U+0B95) in font nullfont!
Missing character: There is no ா (U+0BBE) in font nullfont!
Missing character: There is no ப (U+0BAA) in font nullfont!
Missing character: There is no ் (U+0BCD) in font nullfont!
Missing character: There is no ப (U+0BAA) in font nullfont!
Missing character: There is no ு (U+0BC1) in font nullfont!
Missing character: There is no ட (U+0B9F) in font nullfont!
Missing character: There is no ன (U+0BA9) in font nullfont!
Missing character: There is no ் (U+0BCD) in font nullfont!
Missing character: There is no ச (U+0B9A) in font nullfont!
Missing character: There is no ெ (U+0BC6) in font nullfont!
Missing character: There is no ய (U+0BAF) in font nullfont!
Missing character: There is no ல (U+0BB2) in font nullfont!
Missing character: There is no ் (U+0BCD) in font nullfont!
Missing character: There is no ப (U+0BAA) in font nullfont!
Missing character: There is no ட (U+0B9F) in font nullfont!
Missing character: There is no ு (U+0BC1) in font nullfont!
Missing character: There is no த (U+0BA4) in font nullfont!
Missing character: There is no ் (U+0BCD) in font nullfont!
Missing character: There is no த (U+0BA4) in font nullfont!
Missing character: There is no ு (U+0BC1) in font nullfont!
Missing character: There is no க (U+0B95) in font nullfont!
Missing character: There is no ி (U+0BBF) in font nullfont!
Missing character: There is no ற (U+0BB1) in font nullfont!
Missing character: There is no த (U+0BA4) in font nullfont!
Missing character: There is no ு (U+0BC1) in font nullfont!
Missing character: There is no . (U+002E) in font nullfont!
Missing character: There is no c (U+0063) in font nullfont!
Missing character: There is no o (U+006F) in font nullfont!
Missing character: There is no g (U+0067) in font nullfont!
Missing character: There is no m (U+006D) in font nullfont!
Missing character: There is no a (U+0061) in font nullfont!
Missing character: There is no n (U+006E) in font nullfont!
Missing character: There is no - (U+002D) in font nullfont!
Missing character: There is no s (U+0073) in font nullfont!
Missing character: There is no u (U+0075) in font nullfont!
Missing character: There is no p (U+0070) in font nullfont!
Missing character: There is no e (U+0065) in font nullfont!
Missing character: There is no r (U+0072) in font nullfont!
Missing character: There is no v (U+0076) in font nullfont!
Missing character: There is no i (U+0069) in font nullfont!
Missing character: There is no s (U+0073) in font nullfont!
Missing character: There is no o (U+006F) in font nullfont!
Missing character: There is no r (U+0072) in font nullfont!
Missing character: There is no P (U+0050) in font nullfont!
Missing character: There is no I (U+0049) in font nullfont!
Missing character: There is no D (U+0044) in font nullfont!
Missing character: There is no 1 (U+0031) in font nullfont!
Missing character: There is no ஆ (U+0B86) in font nullfont!
Missing character: There is no க (U+0B95) in font nullfont!
Missing character: There is no ச (U+0B9A) in font nullfont!
Missing character: There is no ெ (U+0BC6) in font nullfont!
Missing character: There is no ய (U+0BAF) in font nullfont!
Missing character: There is no ல (U+0BB2) in font nullfont!
Missing character: There is no ் (U+0BCD) in font nullfont!
Missing character: There is no ப (U+0BAA) in font nullfont!
Missing character: There is no ட (U+0B9F) in font nullfont!
Missing character: There is no ் (U+0BCD) in font nullfont!
Missing character: There is no ட (U+0B9F) in font nullfont!
Missing character: There is no ு (U+0BC1) in font nullfont!
Missing character: There is no , (U+002C) in font nullfont!
Missing character: There is no S (U+0053) in font nullfont!
Missing character: There is no I (U+0049) in font nullfont!
Missing character: There is no G (U+0047) in font nullfont!
Missing character: There is no C (U+0043) in font nullfont!
Missing character: There is no H (U+0048) in font nullfont!
Missing character: There is no L (U+004C) in font nullfont!
Missing character: There is no D (U+0044) in font nullfont!
Missing character: There is no ச (U+0B9A) in font nullfont!
Missing character: There is no ு (U+0BC1) in font nullfont!
Missing character: There is no ய (U+0BAF) in font nullfont!
Missing character: There is no - (U+002D) in font nullfont!
Missing character: There is no க (U+0B95) in font nullfont!
Missing character: There is no ு (U+0BC1) in font nullfont!
Missing character: There is no ழ (U+0BB4) in font nullfont!
Missing character: There is no ா (U+0BBE) in font nullfont!
Missing character: There is no ய (U+0BAF) in font nullfont!
Missing character: There is no ் (U+0BCD) in font nullfont!
Missing character: There is no க (U+0B95) in font nullfont!
Missing character: There is no ு (U+0BC1) in font nullfont!
Missing character: There is no ழ (U+0BB4) in font nullfont!
Missing character: There is no ந (U+0BA8) in font nullfont!
Missing character: There is no ் (U+0BCD) in font nullfont!
Missing character: There is no த (U+0BA4) in font nullfont!
Missing character: There is no ை (U+0BC8) in font nullfont!
Missing character: There is no அ (U+0B85) in font nullfont!
Missing character: There is no ற (U+0BB1) in font nullfont!
Missing character: There is no ு (U+0BC1) in font nullfont!
Missing character: There is no வ (U+0BB5) in font nullfont!
Missing character: There is no ட (U+0B9F) in font nullfont!
Missing character: There is no ை (U+0BC8) in font nullfont!
Missing character: There is no , (U+002C) in font nullfont!
Missing character: There is no ச (U+0B9A) in font nullfont!
Missing character: There is no ா (U+0BBE) in font nullfont!
Missing character: There is no ர (U+0BB0) in font nullfont!
Missing character: There is no ் (U+0BCD) in font nullfont!
Missing character: There is no ப (U+0BAA) in font nullfont!
Missing character: There is no ு (U+0BC1) in font nullfont!
Missing character: There is no வ (U+0BB5) in font nullfont!
Missing character: There is no ர (U+0BB0) in font nullfont!
Missing character: There is no ி (U+0BBF) in font nullfont!
Missing character: There is no ச (U+0B9A) in font nullfont!
Missing character: There is no ை (U+0BC8) in font nullfont!
Missing character: There is no த (U+0BA4) in font nullfont!
Missing character: There is no ொ (U+0BCA) in font nullfont!
Missing character: There is no ட (U+0B9F) in font nullfont!
Missing character: There is no க (U+0B95) in font nullfont!
Missing character: There is no ் (U+0BCD) in font nullfont!
Missing character: There is no க (U+0B95) in font nullfont!
Missing character: There is no ம (U+0BAE) in font nullfont!
Missing character: There is no ் (U+0BCD) in font nullfont!
Missing character: There is no ம (U+0BAE) in font nullfont!
Missing character: There is no ற (U+0BB1) in font nullfont!
Missing character: There is no ் (U+0BCD) in font nullfont!
Missing character: There is no ற (U+0BB1) in font nullfont!
Missing character: There is no ு (U+0BC1) in font nullfont!
Missing character: There is no ம (U+0BAE) in font nullfont!
Missing character: There is no ் (U+0BCD) in font nullfont!
Missing character: There is no ம (U+0BAE) in font nullfont!
Missing character: There is no ூ (U+0BC2) in font nullfont!
Missing character: There is no ன (U+0BA9) in font nullfont!
Missing character: There is no ் (U+0BCD) in font nullfont!
Missing character: There is no ற (U+0BB1) in font nullfont!
Missing character: There is no ு (U+0BC1) in font nullfont!
Missing character: There is no க (U+0B95) in font nullfont!
Missing character: There is no ட (U+0B9F) in font nullfont!
Missing character: There is no ் (U+0BCD) in font nullfont!
Missing character: There is no ட (U+0B9F) in font nullfont!
Missing character: There is no ம (U+0BAE) in font nullfont!
Missing character: There is no ை (U+0BC8) in font nullfont!
Missing character: There is no க (U+0B95) in font nullfont!
Missing character: There is no ் (U+0BCD) in font nullfont!
Missing character: There is no க (U+0B95) in font nullfont!
Missing character: There is no க (U+0B95) in font nullfont!
Missing character: There is no ் (U+0BCD) in font nullfont!
Missing character: There is no க (U+0B95) in font nullfont!
Missing character: There is no ூ (U+0BC2) in font nullfont!
Missing character: There is no ட (U+0B9F) in font nullfont!
Missing character: There is no ி (U+0BBF) in font nullfont!
Missing character: There is no ய (U+0BAF) in font nullfont!
Missing character: There is no ம (U+0BAE) in font nullfont!
Missing character: There is no ற (U+0BB1) in font nullfont!
Missing character: There is no ு (U+0BC1) in font nullfont!
Missing character: There is no த (U+0BA4) in font nullfont!
Missing character: There is no ொ (U+0BCA) in font nullfont!
Missing character: There is no ட (U+0B9F) in font nullfont!
Missing character: There is no க (U+0B95) in font nullfont!
Missing character: There is no ் (U+0BCD) in font nullfont!
Missing character: There is no க (U+0B95) in font nullfont!
Missing character: There is no க (U+0B95) in font nullfont!
Missing character: There is no ொ (U+0BCA) in font nullfont!
Missing character: There is no ள (U+0BB3) in font nullfont!
Missing character: There is no ் (U+0BCD) in font nullfont!
Missing character: There is no க (U+0B95) in font nullfont!
Missing character: There is no ை (U+0BC8) in font nullfont!
Missing character: There is no க (U+0B95) in font nullfont!
Missing character: There is no ள (U+0BB3) in font nullfont!
Missing character: There is no ு (U+0BC1) in font nullfont!
Missing character: There is no ட (U+0B9F) in font nullfont!
Missing character: There is no ன (U+0BA9) in font nullfont!
Missing character: There is no ் (U+0BCD) in font nullfont!
Missing character: There is no அ (U+0B85) in font nullfont!
Missing character: There is no ன (U+0BA9) in font nullfont!
Missing character: There is no ை (U+0BC8) in font nullfont!
Missing character: There is no த (U+0BA4) in font nullfont!
Missing character: There is no ் (U+0BCD) in font nullfont!
Missing character: There is no த (U+0BA4) in font nullfont!
Missing character: There is no ு (U+0BC1) in font nullfont!
Missing character: There is no க (U+0B95) in font nullfont!
Missing character: There is no ண (U+0BA3) in font nullfont!
Missing character: There is no ி (U+0BBF) in font nullfont!
Missing character: There is no ன (U+0BA9) in font nullfont!
Missing character: There is no ி (U+0BBF) in font nullfont!
Missing character: There is no ச (U+0B9A) in font nullfont!
Missing character: There is no ே (U+0BC7) in font nullfont!
Missing character: There is no வ (U+0BB5) in font nullfont!
Missing character: There is no ை (U+0BC8) in font nullfont!
Missing character: There is no க (U+0B95) in font nullfont!
Missing character: There is no ள (U+0BB3) in font nullfont!
Missing character: There is no ை (U+0BC8) in font nullfont!
Missing character: There is no ய (U+0BAF) in font nullfont!
Missing character: There is no ு (U+0BC1) in font nullfont!
Missing character: There is no ம (U+0BAE) in font nullfont!
Missing character: There is no ் (U+0BCD) in font nullfont!
Missing character: There is no ந (U+0BA8) in font nullfont!
Missing character: There is no ி (U+0BBF) in font nullfont!
Missing character: There is no ர (U+0BB0) in font nullfont!
Missing character: There is no ் (U+0BCD) in font nullfont!
Missing character: There is no வ (U+0BB5) in font nullfont!
Missing character: There is no க (U+0B95) in font nullfont!
Missing character: There is no ி (U+0BBF) in font nullfont!
Missing character: There is no க (U+0B95) in font nullfont!
Missing character: There is no ் (U+0BCD) in font nullfont!
Missing character: There is no க (U+0B95) in font nullfont!
Missing character: There is no ி (U+0BBF) in font nullfont!
Missing character: There is no ற (U+0BB1) in font nullfont!
Missing character: There is no த (U+0BA4) in font nullfont!
Missing character: There is no ு (U+0BC1) in font nullfont!
Missing character: There is no . (U+002E) in font nullfont!
Missing character: There is no இ (U+0B87) in font nullfont!
Missing character: There is no ய (U+0BAF) in font nullfont!
Missing character: There is no க (U+0B95) in font nullfont!
Missing character: There is no ் (U+0BCD) in font nullfont!
Missing character: There is no க (U+0B95) in font nullfont!
Missing character: There is no ந (U+0BA8) in font nullfont!
Missing character: There is no ே (U+0BC7) in font nullfont!
Missing character: There is no ர (U+0BB0) in font nullfont!
Missing character: There is no க (U+0B95) in font nullfont!
Missing character: There is no ட (U+0B9F) in font nullfont!
Missing character: There is no ் (U+0BCD) in font nullfont!
Missing character: There is no ட (U+0B9F) in font nullfont!
Missing character: There is no ு (U+0BC1) in font nullfont!
Missing character: There is no ப (U+0BAA) in font nullfont!
Missing character: There is no ் (U+0BCD) in font nullfont!
Missing character: There is no ப (U+0BAA) in font nullfont!
Missing character: There is no ா (U+0BBE) in font nullfont!
Missing character: There is no ட (U+0B9F) in font nullfont!
Missing character: There is no ு (U+0BC1) in font nullfont!
Missing character: There is no U (U+0055) in font nullfont!
Missing character: There is no n (U+006E) in font nullfont!
Missing character: There is no i (U+0069) in font nullfont!
Missing character: There is no x (U+0078) in font nullfont!
Missing character: There is no ட (U+0B9F) in font nullfont!
Missing character: There is no ொ (U+0BCA) in font nullfont!
Missing character: There is no ம (U+0BAE) in font nullfont!
Missing character: There is no ை (U+0BC8) in font nullfont!
Missing character: There is no ன (U+0BA9) in font nullfont!
Missing character: There is no ் (U+0BCD) in font nullfont!
Missing character: There is no ச (U+0B9A) in font nullfont!
Missing character: There is no ா (U+0BBE) in font nullfont!
Missing character: There is no க (U+0B95) in font nullfont!
Missing character: There is no ் (U+0BCD) in font nullfont!
Missing character: There is no க (U+0B95) in font nullfont!
Missing character: There is no ெ (U+0BC6) in font nullfont!
Missing character: There is no ட (U+0B9F) in font nullfont!
Missing character: There is no ் (U+0BCD) in font nullfont!
Missing character: There is no வ (U+0BB5) in font nullfont!
Missing character: There is no ழ (U+0BB4) in font nullfont!
Missing character: There is no ி (U+0BBF) in font nullfont!
Missing character: There is no ய (U+0BAF) in font nullfont!
Missing character: There is no ா (U+0BBE) in font nullfont!
Missing character: There is no க (U+0B95) in font nullfont!
Missing character: There is no c (U+0063) in font nullfont!
Missing character: There is no o (U+006F) in font nullfont!
Missing character: There is no g (U+0067) in font nullfont!
Missing character: There is no m (U+006D) in font nullfont!
Missing character: There is no a (U+0061) in font nullfont!
Missing character: There is no n (U+006E) in font nullfont!
Missing character: There is no - (U+002D) in font nullfont!
Missing character: There is no c (U+0063) in font nullfont!
Missing character: There is no t (U+0074) in font nullfont!
Missing character: There is no l (U+006C) in font nullfont!
Missing character: There is no ம (U+0BAE) in font nullfont!
Missing character: There is no ூ (U+0BC2) in font nullfont!
Missing character: There is no ல (U+0BB2) in font nullfont!
Missing character: There is no ம (U+0BAE) in font nullfont!
Missing character: There is no ் (U+0BCD) in font nullfont!
Missing character: There is no வ (U+0BB5) in font nullfont!
Missing character: There is no ழ (U+0BB4) in font nullfont!
Missing character: There is no ங (U+0B99) in font nullfont!
Missing character: There is no ் (U+0BCD) in font nullfont!
Missing character: There is no க (U+0B95) in font nullfont!
Missing character: There is no ப (U+0BAA) in font nullfont!
Missing character: There is no ் (U+0BCD) in font nullfont!
Missing character: There is no ப (U+0BAA) in font nullfont!
Missing character: There is no ட (U+0B9F) in font nullfont!
Missing character: There is no ு (U+0BC1) in font nullfont!
Missing character: There is no க (U+0B95) in font nullfont!
Missing character: There is no ி (U+0BBF) in font nullfont!
Missing character: There is no ற (U+0BB1) in font nullfont!
Missing character: There is no த (U+0BA4) in font nullfont!
Missing character: There is no ு (U+0BC1) in font nullfont!
Missing character: There is no . (U+002E) in font nullfont!
Missing character: There is no ச (U+0B9A) in font nullfont!
Missing character: There is no ெ (U+0BC6) in font nullfont!
Missing character: There is no ய (U+0BAF) in font nullfont!
Missing character: There is no ல (U+0BB2) in font nullfont!
Missing character: There is no ் (U+0BCD) in font nullfont!
Missing character: There is no த (U+0BA4) in font nullfont!
Missing character: There is no ி (U+0BBF) in font nullfont!
Missing character: There is no ற (U+0BB1) in font nullfont!
Missing character: There is no ன (U+0BA9) in font nullfont!
Missing character: There is no ் (U+0BCD) in font nullfont!
Missing character: There is no ம (U+0BAE) in font nullfont!
Missing character: There is no த (U+0BA4) in font nullfont!
Missing character: There is no ி (U+0BBF) in font nullfont!
Missing character: There is no ப (U+0BAA) in font nullfont!
Missing character: There is no ் (U+0BCD) in font nullfont!
Missing character: There is no ப (U+0BAA) in font nullfont!
Missing character: There is no ீ (U+0BC0) in font nullfont!
Missing character: There is no ட (U+0B9F) in font nullfont!
Missing character: There is no ு (U+0BC1) in font nullfont!
Missing character: There is no த (U+0BA4) in font nullfont!
Missing character: There is no ி (U+0BBF) in font nullfont!
Missing character: There is no ட (U+0B9F) in font nullfont!
Missing character: There is no ் (U+0BCD) in font nullfont!
Missing character: There is no ட (U+0B9F) in font nullfont!
Missing character: There is no த (U+0BA4) in font nullfont!
Missing character: There is no ீ (U+0BC0) in font nullfont!
Missing character: There is no ர (U+0BB0) in font nullfont!
Missing character: There is no ் (U+0BCD) in font nullfont!
Missing character: There is no வ (U+0BB5) in font nullfont!
Missing character: There is no ு (U+0BC1) in font nullfont!
Missing character: There is no ந (U+0BA8) in font nullfont!
Missing character: There is no ே (U+0BC7) in font nullfont!
Missing character: There is no ர (U+0BB0) in font nullfont!
Missing character: There is no த (U+0BA4) in font nullfont!
Missing character: There is no ் (U+0BCD) in font nullfont!
Missing character: There is no த (U+0BA4) in font nullfont!
Missing character: There is no ி (U+0BBF) in font nullfont!
Missing character: There is no ல (U+0BB2) in font nullfont!
Missing character: There is no ் (U+0BCD) in font nullfont!
Missing character: There is no 5 (U+0035) in font nullfont!
Missing character: There is no 6 (U+0036) in font nullfont!
Missing character: There is no ம (U+0BAE) in font nullfont!
Missing character: There is no ட (U+0B9F) in font nullfont!
Missing character: There is no ங (U+0B99) in font nullfont!
Missing character: There is no ் (U+0BCD) in font nullfont!
Missing character: There is no க (U+0B95) in font nullfont!
Missing character: There is no ு (U+0BC1) in font nullfont!
Missing character: There is no ம (U+0BAE) in font nullfont!
Missing character: There is no ே (U+0BC7) in font nullfont!
Missing character: There is no ம (U+0BAE) in font nullfont!
Missing character: There is no ் (U+0BCD) in font nullfont!
Missing character: There is no ப (U+0BAA) in font nullfont!
Missing character: There is no ா (U+0BBE) in font nullfont!
Missing character: There is no ட (U+0B9F) in font nullfont!
Missing character: There is no ு (U+0BC1) in font nullfont!
Missing character: There is no ( (U+0028) in font nullfont!
Missing character: There is no 8 (U+0038) in font nullfont!
Missing character: There is no m (U+006D) in font nullfont!
Missing character: There is no s (U+0073) in font nullfont!
Missing character: There is no ம (U+0BAE) in font nullfont!
Missing character: There is no ே (U+0BC7) in font nullfont!
Missing character: There is no ல (U+0BB2) in font nullfont!
Missing character: There is no ு (U+0BC1) in font nullfont!
Missing character: There is no ம (U+0BAE) in font nullfont!
Missing character: There is no ் (U+0BCD) in font nullfont!
Missing character: There is no 4 (U+0034) in font nullfont!
Missing character: There is no 5 (U+0035) in font nullfont!
Missing character: There is no 0 (U+0030) in font nullfont!
Missing character: There is no m (U+006D) in font nullfont!
Missing character: There is no s (U+0073) in font nullfont!
Missing character: There is no ) (U+0029) in font nullfont!
Missing character: There is no , (U+002C) in font nullfont!
Missing character: There is no உ (U+0B89) in font nullfont!
Missing character: There is no ச (U+0B9A) in font nullfont!
Missing character: There is no ் (U+0BCD) in font nullfont!
Missing character: There is no ச (U+0B9A) in font nullfont!
Missing character: There is no ந (U+0BA8) in font nullfont!
Missing character: There is no ி (U+0BBF) in font nullfont!
Missing character: There is no ன (U+0BA9) in font nullfont!
Missing character: There is no ை (U+0BC8) in font nullfont!
Missing character: There is no வ (U+0BB5) in font nullfont!
Missing character: There is no க (U+0B95) in font nullfont!
Missing character: There is no த (U+0BA4) in font nullfont!
Missing character: There is no ் (U+0BCD) in font nullfont!
Missing character: There is no த (U+0BA4) in font nullfont!
Missing character: There is no ி (U+0BBF) in font nullfont!
Missing character: There is no ல (U+0BB2) in font nullfont!
Missing character: There is no ் (U+0BCD) in font nullfont!
Missing character: There is no 2 (U+0032) in font nullfont!
Missing character: There is no 1 (U+0031) in font nullfont!
Missing character: There is no ம (U+0BAE) in font nullfont!
Missing character: There is no ட (U+0B9F) in font nullfont!
Missing character: There is no ங (U+0B99) in font nullfont!
Missing character: There is no ் (U+0BCD) in font nullfont!
Missing character: There is no க (U+0B95) in font nullfont!
Missing character: There is no ு (U+0BC1) in font nullfont!
Missing character: There is no க (U+0B95) in font nullfont!
Missing character: There is no ு (U+0BC1) in font nullfont!
Missing character: There is no ற (U+0BB1) in font nullfont!
Missing character: There is no ை (U+0BC8) in font nullfont!
Missing character: There is no ப (U+0BAA) in font nullfont!
Missing character: There is no ் (U+0BCD) in font nullfont!
Missing character: There is no ப (U+0BAA) in font nullfont!
Missing character: There is no ு (U+0BC1) in font nullfont!
Missing character: There is no ( (U+0028) in font nullfont!
Missing character: There is no 4 (U+0034) in font nullfont!
Missing character: There is no M (U+004D) in font nullfont!
Missing character: There is no B (U+0042) in font nullfont!
Missing character: There is no ம (U+0BAE) in font nullfont!
Missing character: There is no ே (U+0BC7) in font nullfont!
Missing character: There is no ல (U+0BB2) in font nullfont!
Missing character: There is no ு (U+0BC1) in font nullfont!
Missing character: There is no ம (U+0BAE) in font nullfont!
Missing character: There is no ் (U+0BCD) in font nullfont!
Missing character: There is no 8 (U+0038) in font nullfont!
Missing character: There is no 5 (U+0035) in font nullfont!
Missing character: There is no M (U+004D) in font nullfont!
Missing character: There is no B (U+0042) in font nullfont!
Missing character: There is no ) (U+0029) in font nullfont!
Missing character: There is no ம (U+0BAE) in font nullfont!
Missing character: There is no ற (U+0BB1) in font nullfont!
Missing character: There is no ் (U+0BCD) in font nullfont!
Missing character: There is no ற (U+0BB1) in font nullfont!
Missing character: There is no ு (U+0BC1) in font nullfont!
Missing character: There is no ம (U+0BAE) in font nullfont!
Missing character: There is no ் (U+0BCD) in font nullfont!
Missing character: There is no ப (U+0BAA) in font nullfont!
Missing character: There is no ட (U+0B9F) in font nullfont!
Missing character: There is no ி (U+0BBF) in font nullfont!
Missing character: There is no - (U+002D) in font nullfont!
Missing character: There is no - (U+002D) in font nullfont!
Missing character: There is no ம (U+0BAE) in font nullfont!
Missing character: There is no ே (U+0BC7) in font nullfont!
Missing character: There is no ல (U+0BB2) in font nullfont!
Missing character: There is no ் (U+0BCD) in font nullfont!
Missing character: There is no - (U+002D) in font nullfont!
Missing character: There is no - (U+002D) in font nullfont!
Missing character: There is no ந (U+0BA8) in font nullfont!
Missing character: There is no ி (U+0BBF) in font nullfont!
Missing character: There is no ல (U+0BB2) in font nullfont!
Missing character: There is no ை (U+0BC8) in font nullfont!
Missing character: There is no ச (U+0B9A) in font nullfont!
Missing character: There is no ் (U+0BCD) in font nullfont!
Missing character: There is no ச (U+0B9A) in font nullfont!
Missing character: There is no ு (U+0BC1) in font nullfont!
Missing character: There is no ம (U+0BAE) in font nullfont!
Missing character: There is no ை (U+0BC8) in font nullfont!
Missing character: There is no ய (U+0BAF) in font nullfont!
Missing character: There is no ி (U+0BBF) in font nullfont!
Missing character: There is no ல (U+0BB2) in font nullfont!
Missing character: There is no ் (U+0BCD) in font nullfont!
Missing character: There is no 5 (U+0035) in font nullfont!
Missing character: There is no 0 (U+0030) in font nullfont!
Missing character: There is no ம (U+0BAE) in font nullfont!
Missing character: There is no ட (U+0B9F) in font nullfont!
Missing character: There is no ங (U+0B99) in font nullfont!
Missing character: There is no ் (U+0BCD) in font nullfont!
Missing character: There is no க (U+0B95) in font nullfont!
Missing character: There is no ு (U+0BC1) in font nullfont!
Missing character: There is no க (U+0B95) in font nullfont!
Missing character: There is no ு (U+0BC1) in font nullfont!
Missing character: There is no ற (U+0BB1) in font nullfont!
Missing character: There is no ை (U+0BC8) in font nullfont!
Missing character: There is no ப (U+0BAA) in font nullfont!
Missing character: There is no ் (U+0BCD) in font nullfont!
Missing character: There is no ப (U+0BAA) in font nullfont!
Missing character: There is no ை (U+0BC8) in font nullfont!
Missing character: There is no ந (U+0BA8) in font nullfont!
Missing character: There is no ி (U+0BBF) in font nullfont!
Missing character: There is no ர (U+0BB0) in font nullfont!
Missing character: There is no ூ (U+0BC2) in font nullfont!
Missing character: There is no ப (U+0BAA) in font nullfont!
Missing character: There is no ி (U+0BBF) in font nullfont!
Missing character: There is no க (U+0B95) in font nullfont!
Missing character: There is no ் (U+0BCD) in font nullfont!
Missing character: There is no க (U+0B95) in font nullfont!
Missing character: There is no ி (U+0BBF) in font nullfont!
Missing character: There is no ற (U+0BB1) in font nullfont!
Missing character: There is no த (U+0BA4) in font nullfont!
Missing character: There is no ு (U+0BC1) in font nullfont!
Missing character: There is no . (U+002E) in font nullfont!
Missing character: There is no த (U+0BA4) in font nullfont!
Missing character: There is no ோ (U+0BCB) in font nullfont!
Missing character: There is no ர (U+0BB0) in font nullfont!
Missing character: There is no ா (U+0BBE) in font nullfont!
Missing character: There is no ய (U+0BAF) in font nullfont!
Missing character: There is no ம (U+0BAE) in font nullfont!
Missing character: There is no ா (U+0BBE) in font nullfont!
Missing character: There is no க (U+0B95) in font nullfont!
Missing character: There is no 6 (U+0036) in font nullfont!
Missing character: There is no . (U+002E) in font nullfont!
Missing character: There is no 3 (U+0033) in font nullfont!
Missing character: There is no M (U+004D) in font nullfont!
Missing character: There is no B (U+0042) in font nullfont!
Missing character: There is no அ (U+0B85) in font nullfont!
Missing character: There is no ள (U+0BB3) in font nullfont!
Missing character: There is no வ (U+0BB5) in font nullfont!
Missing character: There is no ி (U+0BBF) in font nullfont!
Missing character: There is no ல (U+0BB2) in font nullfont!
Missing character: There is no ா (U+0BBE) in font nullfont!
Missing character: There is no ன (U+0BA9) in font nullfont!
Missing character: There is no த (U+0BA4) in font nullfont!
Missing character: There is no ு (U+0BC1) in font nullfont!
Missing character: There is no வ (U+0BB5) in font nullfont!
Missing character: There is no க (U+0B95) in font nullfont!
Missing character: There is no ் (U+0BCD) in font nullfont!
Missing character: There is no க (U+0B95) in font nullfont!
Missing character: There is no க (U+0B95) in font nullfont!
Missing character: There is no ் (U+0BCD) in font nullfont!
Missing character: There is no க (U+0B95) in font nullfont!
Missing character: There is no ூ (U+0BC2) in font nullfont!
Missing character: There is no ட (U+0B9F) in font nullfont!
Missing character: There is no ி (U+0BBF) in font nullfont!
Missing character: There is no ய (U+0BAF) in font nullfont!
Missing character: There is no r (U+0072) in font nullfont!
Missing character: There is no o (U+006F) in font nullfont!
Missing character: There is no o (U+006F) in font nullfont!
Missing character: There is no t (U+0074) in font nullfont!
Missing character: There is no f (U+0066) in font nullfont!
Missing character: There is no s (U+0073) in font nullfont!
Missing character: There is no Q (U+0051) in font nullfont!
Missing character: There is no E (U+0045) in font nullfont!
Missing character: There is no M (U+004D) in font nullfont!
Missing character: There is no U (U+0055) in font nullfont!
Missing character: There is no இ (U+0B87) in font nullfont!
Missing character: There is no ல (U+0BB2) in font nullfont!
Missing character: There is no ் (U+0BCD) in font nullfont!
Missing character: There is no அ (U+0B85) in font nullfont!
Missing character: There is no ன (U+0BA9) in font nullfont!
Missing character: There is no ை (U+0BC8) in font nullfont!
Missing character: There is no த (U+0BA4) in font nullfont!
Missing character: There is no ் (U+0BCD) in font nullfont!
Missing character: There is no த (U+0BA4) in font nullfont!
Missing character: There is no ு (U+0BC1) in font nullfont!
Missing character: There is no 4 (U+0034) in font nullfont!
Missing character: There is no 0 (U+0030) in font nullfont!
Missing character: There is no ச (U+0B9A) in font nullfont!
Missing character: There is no ோ (U+0BCB) in font nullfont!
Missing character: There is no த (U+0BA4) in font nullfont!
Missing character: There is no ன (U+0BA9) in font nullfont!
Missing character: There is no ை (U+0BC8) in font nullfont!
Missing character: There is no வ (U+0BB5) in font nullfont!
Missing character: There is no ழ (U+0BB4) in font nullfont!
Missing character: There is no க (U+0B95) in font nullfont!
Missing character: There is no ் (U+0BCD) in font nullfont!
Missing character: There is no க (U+0B95) in font nullfont!
Missing character: There is no ு (U+0BC1) in font nullfont!
Missing character: There is no க (U+0B95) in font nullfont!
Missing character: There is no ள (U+0BB3) in font nullfont!
Missing character: There is no ு (U+0BC1) in font nullfont!
Missing character: There is no ம (U+0BAE) in font nullfont!
Missing character: There is no ் (U+0BCD) in font nullfont!
Missing character: There is no த (U+0BA4) in font nullfont!
Missing character: There is no ே (U+0BC7) in font nullfont!
Missing character: There is no ர (U+0BB0) in font nullfont!
Missing character: There is no ் (U+0BCD) in font nullfont!
Missing character: There is no ச (U+0B9A) in font nullfont!
Missing character: There is no ் (U+0BCD) in font nullfont!
Missing character: There is no ச (U+0B9A) in font nullfont!
Missing character: There is no ி (U+0BBF) in font nullfont!
Missing character: There is no ப (U+0BAA) in font nullfont!
Missing character: There is no ெ (U+0BC6) in font nullfont!
Missing character: There is no ற (U+0BB1) in font nullfont!
Missing character: There is no ் (U+0BCD) in font nullfont!
Missing character: There is no ற (U+0BB1) in font nullfont!
Missing character: There is no ு (U+0BC1) in font nullfont!
Missing character: There is no ச (U+0B9A) in font nullfont!
Missing character: There is no ர (U+0BB0) in font nullfont!
Missing character: There is no ி (U+0BBF) in font nullfont!
Missing character: There is no ப (U+0BAA) in font nullfont!
Missing character: There is no ா (U+0BBE) in font nullfont!
Missing character: There is no ர (U+0BB0) in font nullfont!
Missing character: There is no ் (U+0BCD) in font nullfont!
Missing character: There is no க (U+0B95) in font nullfont!
Missing character: There is no ் (U+0BCD) in font nullfont!
Missing character: There is no க (U+0B95) in font nullfont!
Missing character: There is no ப (U+0BAA) in font nullfont!
Missing character: There is no ் (U+0BCD) in font nullfont!
Missing character: There is no ப (U+0BAA) in font nullfont!
Missing character: There is no ட (U+0B9F) in font nullfont!
Missing character: There is no ் (U+0BCD) in font nullfont!
Missing character: There is no ட (U+0B9F) in font nullfont!
Missing character: There is no த (U+0BA4) in font nullfont!
Missing character: There is no ு (U+0BC1) in font nullfont!
Missing character: There is no . (U+002E) in font nullfont!
Missing character: There is no ச (U+0B9A) in font nullfont!
Missing character: There is no ெ (U+0BC6) in font nullfont!
Missing character: There is no ய (U+0BAF) in font nullfont!
Missing character: There is no ல (U+0BB2) in font nullfont!
Missing character: There is no ் (U+0BCD) in font nullfont!
Missing character: There is no த (U+0BA4) in font nullfont!
Missing character: There is no ி (U+0BBF) in font nullfont!
Missing character: There is no ற (U+0BB1) in font nullfont!
Missing character: There is no ன (U+0BA9) in font nullfont!
Missing character: There is no ் (U+0BCD) in font nullfont!
Missing character: There is no ம (U+0BAE) in font nullfont!
Missing character: There is no த (U+0BA4) in font nullfont!
Missing character: There is no ி (U+0BBF) in font nullfont!
Missing character: There is no ப (U+0BAA) in font nullfont!
Missing character: There is no ் (U+0BCD) in font nullfont!
Missing character: There is no ப (U+0BAA) in font nullfont!
Missing character: There is no ீ (U+0BC0) in font nullfont!
Missing character: There is no ட (U+0B9F) in font nullfont!
Missing character: There is no ு (U+0BC1) in font nullfont!
Missing character: There is no த (U+0BA4) in font nullfont!
Missing character: There is no ி (U+0BBF) in font nullfont!
Missing character: There is no ட (U+0B9F) in font nullfont!
Missing character: There is no ் (U+0BCD) in font nullfont!
Missing character: There is no ட (U+0B9F) in font nullfont!
Missing character: There is no த (U+0BA4) in font nullfont!
Missing character: There is no ீ (U+0BC0) in font nullfont!
Missing character: There is no ர (U+0BB0) in font nullfont!
Missing character: There is no ் (U+0BCD) in font nullfont!
Missing character: There is no வ (U+0BB5) in font nullfont!
Missing character: There is no ு (U+0BC1) in font nullfont!
Missing character: There is no ந (U+0BA8) in font nullfont!
Missing character: There is no ே (U+0BC7) in font nullfont!
Missing character: There is no ர (U+0BB0) in font nullfont!
Missing character: There is no த (U+0BA4) in font nullfont!
Missing character: There is no ் (U+0BCD) in font nullfont!
Missing character: There is no த (U+0BA4) in font nullfont!
Missing character: There is no ி (U+0BBF) in font nullfont!
Missing character: There is no ல (U+0BB2) in font nullfont!
Missing character: There is no ் (U+0BCD) in font nullfont!
Missing character: There is no 5 (U+0035) in font nullfont!
Missing character: There is no 6 (U+0036) in font nullfont!
Missing character: There is no ம (U+0BAE) in font nullfont!
Missing character: There is no ட (U+0B9F) in font nullfont!
Missing character: There is no ங (U+0B99) in font nullfont!
Missing character: There is no ் (U+0BCD) in font nullfont!
Missing character: There is no க (U+0B95) in font nullfont!
Missing character: There is no ு (U+0BC1) in font nullfont!
Missing character: There is no ம (U+0BAE) in font nullfont!
Missing character: There is no ே (U+0BC7) in font nullfont!
Missing character: There is no ம (U+0BAE) in font nullfont!
Missing character: There is no ் (U+0BCD) in font nullfont!
Missing character: There is no ப (U+0BAA) in font nullfont!
Missing character: There is no ா (U+0BBE) in font nullfont!
Missing character: There is no ட (U+0B9F) in font nullfont!
Missing character: There is no ு (U+0BC1) in font nullfont!
Missing character: There is no ( (U+0028) in font nullfont!
Missing character: There is no 8 (U+0038) in font nullfont!
Missing character: There is no m (U+006D) in font nullfont!
Missing character: There is no s (U+0073) in font nullfont!
Missing character: There is no ம (U+0BAE) in font nullfont!
Missing character: There is no ே (U+0BC7) in font nullfont!
Missing character: There is no ல (U+0BB2) in font nullfont!
Missing character: There is no ு (U+0BC1) in font nullfont!
Missing character: There is no ம (U+0BAE) in font nullfont!
Missing character: There is no ் (U+0BCD) in font nullfont!
Missing character: There is no 4 (U+0034) in font nullfont!
Missing character: There is no 5 (U+0035) in font nullfont!
Missing character: There is no 0 (U+0030) in font nullfont!
Missing character: There is no m (U+006D) in font nullfont!
Missing character: There is no s (U+0073) in font nullfont!
Missing character: There is no ) (U+0029) in font nullfont!
Missing character: There is no , (U+002C) in font nullfont!
Missing character: There is no உ (U+0B89) in font nullfont!
Missing character: There is no ச (U+0B9A) in font nullfont!
Missing character: There is no ் (U+0BCD) in font nullfont!
Missing character: There is no ச (U+0B9A) in font nullfont!
Missing character: There is no ந (U+0BA8) in font nullfont!
Missing character: There is no ி (U+0BBF) in font nullfont!
Missing character: There is no ன (U+0BA9) in font nullfont!
Missing character: There is no ை (U+0BC8) in font nullfont!
Missing character: There is no வ (U+0BB5) in font nullfont!
Missing character: There is no க (U+0B95) in font nullfont!
Missing character: There is no த (U+0BA4) in font nullfont!
Missing character: There is no ் (U+0BCD) in font nullfont!
Missing character: There is no த (U+0BA4) in font nullfont!
Missing character: There is no ி (U+0BBF) in font nullfont!
Missing character: There is no ல (U+0BB2) in font nullfont!
Missing character: There is no ் (U+0BCD) in font nullfont!
Missing character: There is no 2 (U+0032) in font nullfont!
Missing character: There is no 1 (U+0031) in font nullfont!
Missing character: There is no ம (U+0BAE) in font nullfont!
Missing character: There is no ட (U+0B9F) in font nullfont!
Missing character: There is no ங (U+0B99) in font nullfont!
Missing character: There is no ் (U+0BCD) in font nullfont!
Missing character: There is no க (U+0B95) in font nullfont!
Missing character: There is no ு (U+0BC1) in font nullfont!
Missing character: There is no க (U+0B95) in font nullfont!
Missing character: There is no ு (U+0BC1) in font nullfont!
Missing character: There is no ற (U+0BB1) in font nullfont!
Missing character: There is no ை (U+0BC8) in font nullfont!
Missing character: There is no ப (U+0BAA) in font nullfont!
Missing character: There is no ் (U+0BCD) in font nullfont!
Missing character: There is no ப (U+0BAA) in font nullfont!
Missing character: There is no ு (U+0BC1) in font nullfont!
Missing character: There is no ( (U+0028) in font nullfont!
Missing character: There is no 4 (U+0034) in font nullfont!
Missing character: There is no M (U+004D) in font nullfont!
Missing character: There is no B (U+0042) in font nullfont!
Missing character: There is no ம (U+0BAE) in font nullfont!
Missing character: There is no ே (U+0BC7) in font nullfont!
Missing character: There is no ல (U+0BB2) in font nullfont!
Missing character: There is no ு (U+0BC1) in font nullfont!
Missing character: There is no ம (U+0BAE) in font nullfont!
Missing character: There is no ் (U+0BCD) in font nullfont!
Missing character: There is no 8 (U+0038) in font nullfont!
Missing character: There is no 5 (U+0035) in font nullfont!
Missing character: There is no M (U+004D) in font nullfont!
Missing character: There is no B (U+0042) in font nullfont!
Missing character: There is no ) (U+0029) in font nullfont!
Missing character: There is no ம (U+0BAE) in font nullfont!
Missing character: There is no ற (U+0BB1) in font nullfont!
Missing character: There is no ் (U+0BCD) in font nullfont!
Missing character: There is no ற (U+0BB1) in font nullfont!
Missing character: There is no ு (U+0BC1) in font nullfont!
Missing character: There is no ம (U+0BAE) in font nullfont!
Missing character: There is no ் (U+0BCD) in font nullfont!
Missing character: There is no ப (U+0BAA) in font nullfont!
Missing character: There is no ட (U+0B9F) in font nullfont!
Missing character: There is no ி (U+0BBF) in font nullfont!
Missing character: There is no - (U+002D) in font nullfont!
Missing character: There is no ம (U+0BAE) in font nullfont!
Missing character: There is no ே (U+0BC7) in font nullfont!
Missing character: There is no ல (U+0BB2) in font nullfont!
Missing character: There is no ் (U+0BCD) in font nullfont!
Missing character: There is no - (U+002D) in font nullfont!
Missing character: There is no ந (U+0BA8) in font nullfont!
Missing character: There is no ி (U+0BBF) in font nullfont!
Missing character: There is no ல (U+0BB2) in font nullfont!
Missing character: There is no ை (U+0BC8) in font nullfont!
Missing character: There is no ச (U+0B9A) in font nullfont!
Missing character: There is no ் (U+0BCD) in font nullfont!
Missing character: There is no ச (U+0B9A) in font nullfont!
Missing character: There is no ு (U+0BC1) in font nullfont!
Missing character: There is no ம (U+0BAE) in font nullfont!
Missing character: There is no ை (U+0BC8) in font nullfont!
Missing character: There is no ய (U+0BAF) in font nullfont!
Missing character: There is no ி (U+0BBF) in font nullfont!
Missing character: There is no ல (U+0BB2) in font nullfont!
Missing character: There is no ் (U+0BCD) in font nullfont!
Missing character: There is no 5 (U+0035) in font nullfont!
Missing character: There is no 0 (U+0030) in font nullfont!
Missing character: There is no ம (U+0BAE) in font nullfont!
Missing character: There is no ட (U+0B9F) in font nullfont!
Missing character: There is no ங (U+0B99) in font nullfont!
Missing character: There is no ் (U+0BCD) in font nullfont!
Missing character: There is no க (U+0B95) in font nullfont!
Missing character: There is no ு (U+0BC1) in font nullfont!
Missing character: There is no க (U+0B95) in font nullfont!
Missing character: There is no ு (U+0BC1) in font nullfont!
Missing character: There is no ற (U+0BB1) in font nullfont!
Missing character: There is no ை (U+0BC8) in font nullfont!
Missing character: There is no ப (U+0BAA) in font nullfont!
Missing character: There is no ் (U+0BCD) in font nullfont!
Missing character: There is no ப (U+0BAA) in font nullfont!
Missing character: There is no ை (U+0BC8) in font nullfont!
Missing character: There is no ந (U+0BA8) in font nullfont!
Missing character: There is no ி (U+0BBF) in font nullfont!
Missing character: There is no ர (U+0BB0) in font nullfont!
Missing character: There is no ூ (U+0BC2) in font nullfont!
Missing character: There is no ப (U+0BAA) in font nullfont!
Missing character: There is no ி (U+0BBF) in font nullfont!
Missing character: There is no க (U+0B95) in font nullfont!
Missing character: There is no ் (U+0BCD) in font nullfont!
Missing character: There is no க (U+0B95) in font nullfont!
Missing character: There is no ி (U+0BBF) in font nullfont!
Missing character: There is no ற (U+0BB1) in font nullfont!
Missing character: There is no த (U+0BA4) in font nullfont!
Missing character: There is no ு (U+0BC1) in font nullfont!
Missing character: There is no . (U+002E) in font nullfont!
Missing character: There is no த (U+0BA4) in font nullfont!
Missing character: There is no ோ (U+0BCB) in font nullfont!
Missing character: There is no ர (U+0BB0) in font nullfont!
Missing character: There is no ா (U+0BBE) in font nullfont!
Missing character: There is no ய (U+0BAF) in font nullfont!
Missing character: There is no ம (U+0BAE) in font nullfont!
Missing character: There is no ா (U+0BBE) in font nullfont!
Missing character: There is no க (U+0B95) in font nullfont!
Missing character: There is no 6 (U+0036) in font nullfont!
Missing character: There is no . (U+002E) in font nullfont!
Missing character: There is no 3 (U+0033) in font nullfont!
Missing character: There is no M (U+004D) in font nullfont!
Missing character: There is no B (U+0042) in font nullfont!
Missing character: There is no அ (U+0B85) in font nullfont!
Missing character: There is no ள (U+0BB3) in font nullfont!
Missing character: There is no வ (U+0BB5) in font nullfont!
Missing character: There is no ி (U+0BBF) in font nullfont!
Missing character: There is no ல (U+0BB2) in font nullfont!
Missing character: There is no ா (U+0BBE) in font nullfont!
Missing character: There is no ன (U+0BA9) in font nullfont!
Missing character: There is no த (U+0BA4) in font nullfont!
Missing character: There is no ு (U+0BC1) in font nullfont!
Missing character: There is no வ (U+0BB5) in font nullfont!
Missing character: There is no க (U+0B95) in font nullfont!
Missing character: There is no ் (U+0BCD) in font nullfont!
Missing character: There is no க (U+0B95) in font nullfont!
Missing character: There is no க (U+0B95) in font nullfont!
Missing character: There is no ் (U+0BCD) in font nullfont!
Missing character: There is no க (U+0B95) in font nullfont!
Missing character: There is no ூ (U+0BC2) in font nullfont!
Missing character: There is no ட (U+0B9F) in font nullfont!
Missing character: There is no ி (U+0BBF) in font nullfont!
Missing character: There is no ய (U+0BAF) in font nullfont!
Missing character: There is no r (U+0072) in font nullfont!
Missing character: There is no o (U+006F) in font nullfont!
Missing character: There is no o (U+006F) in font nullfont!
Missing character: There is no t (U+0074) in font nullfont!
Missing character: There is no f (U+0066) in font nullfont!
Missing character: There is no s (U+0073) in font nullfont!
Missing character: There is no Q (U+0051) in font nullfont!
Missing character: There is no E (U+0045) in font nullfont!
Missing character: There is no M (U+004D) in font nullfont!
Missing character: There is no U (U+0055) in font nullfont!
Missing character: There is no இ (U+0B87) in font nullfont!
Missing character: There is no ல (U+0BB2) in font nullfont!
Missing character: There is no ் (U+0BCD) in font nullfont!
Missing character: There is no அ (U+0B85) in font nullfont!
Missing character: There is no ன (U+0BA9) in font nullfont!
Missing character: There is no ை (U+0BC8) in font nullfont!
Missing character: There is no த (U+0BA4) in font nullfont!
Missing character: There is no ் (U+0BCD) in font nullfont!
Missing character: There is no த (U+0BA4) in font nullfont!
Missing character: There is no ு (U+0BC1) in font nullfont!
Missing character: There is no 4 (U+0034) in font nullfont!
Missing character: There is no 0 (U+0030) in font nullfont!
Missing character: There is no ச (U+0B9A) in font nullfont!
Missing character: There is no ோ (U+0BCB) in font nullfont!
Missing character: There is no த (U+0BA4) in font nullfont!
Missing character: There is no ன (U+0BA9) in font nullfont!
Missing character: There is no ை (U+0BC8) in font nullfont!
Missing character: There is no வ (U+0BB5) in font nullfont!
Missing character: There is no ழ (U+0BB4) in font nullfont!
Missing character: There is no க (U+0B95) in font nullfont!
Missing character: There is no ் (U+0BCD) in font nullfont!
Missing character: There is no க (U+0B95) in font nullfont!
Missing character: There is no ு (U+0BC1) in font nullfont!
Missing character: There is no க (U+0B95) in font nullfont!
Missing character: There is no ள (U+0BB3) in font nullfont!
Missing character: There is no ு (U+0BC1) in font nullfont!
Missing character: There is no ம (U+0BAE) in font nullfont!
Missing character: There is no ் (U+0BCD) in font nullfont!
Missing character: There is no த (U+0BA4) in font nullfont!
Missing character: There is no ே (U+0BC7) in font nullfont!
Missing character: There is no ர (U+0BB0) in font nullfont!
Missing character: There is no ் (U+0BCD) in font nullfont!
Missing character: There is no ச (U+0B9A) in font nullfont!
Missing character: There is no ் (U+0BCD) in font nullfont!
Missing character: There is no ச (U+0B9A) in font nullfont!
Missing character: There is no ி (U+0BBF) in font nullfont!
Missing character: There is no ப (U+0BAA) in font nullfont!
Missing character: There is no ெ (U+0BC6) in font nullfont!
Missing character: There is no ற (U+0BB1) in font nullfont!
Missing character: There is no ் (U+0BCD) in font nullfont!
Missing character: There is no ற (U+0BB1) in font nullfont!
Missing character: There is no ு (U+0BC1) in font nullfont!
Missing character: There is no ச (U+0B9A) in font nullfont!
Missing character: There is no ர (U+0BB0) in font nullfont!
Missing character: There is no ி (U+0BBF) in font nullfont!
Missing character: There is no ப (U+0BAA) in font nullfont!
Missing character: There is no ா (U+0BBE) in font nullfont!
Missing character: There is no ர (U+0BB0) in font nullfont!
Missing character: There is no ் (U+0BCD) in font nullfont!
Missing character: There is no க (U+0B95) in font nullfont!
Missing character: There is no ் (U+0BCD) in font nullfont!
Missing character: There is no க (U+0B95) in font nullfont!
Missing character: There is no ப (U+0BAA) in font nullfont!
Missing character: There is no ் (U+0BCD) in font nullfont!
Missing character: There is no ப (U+0BAA) in font nullfont!
Missing character: There is no ட (U+0B9F) in font nullfont!
Missing character: There is no ் (U+0BCD) in font nullfont!
Missing character: There is no ட (U+0B9F) in font nullfont!
Missing character: There is no த (U+0BA4) in font nullfont!
Missing character: There is no ு (U+0BC1) in font nullfont!
Missing character: There is no . (U+002E) in font nullfont!
Missing character: There is no த (U+0BA4) in font nullfont!
Missing character: There is no ி (U+0BBF) in font nullfont!
Missing character: There is no ற (U+0BB1) in font nullfont!
Missing character: There is no வ (U+0BB5) in font nullfont!
Missing character: There is no ு (U+0BC1) in font nullfont!
Missing character: There is no ச (U+0B9A) in font nullfont!
Missing character: There is no ் (U+0BCD) in font nullfont!
Missing character: There is no ச (U+0B9A) in font nullfont!
Missing character: There is no ொ (U+0BCA) in font nullfont!
Missing character: There is no ற (U+0BB1) in font nullfont!
Missing character: There is no ் (U+0BCD) in font nullfont!
Missing character: There is no க (U+0B95) in font nullfont!
Missing character: There is no ள (U+0BB3) in font nullfont!
Missing character: There is no ் (U+0BCD) in font nullfont!
Missing character: There is no : (U+003A) in font nullfont!
Missing character: There is no க (U+0B95) in font nullfont!
Missing character: There is no ு (U+0BC1) in font nullfont!
Missing character: There is no ற (U+0BB1) in font nullfont!
Missing character: There is no ை (U+0BC8) in font nullfont!
Missing character: There is no ந (U+0BA8) in font nullfont!
Missing character: There is no ் (U+0BCD) in font nullfont!
Missing character: There is no த (U+0BA4) in font nullfont!
Missing character: There is no ப (U+0BAA) in font nullfont!
Missing character: There is no ட (U+0B9F) in font nullfont!
Missing character: There is no ் (U+0BCD) in font nullfont!
Missing character: There is no ச (U+0B9A) in font nullfont!
Missing character: There is no L (U+004C) in font nullfont!
Missing character: There is no i (U+0069) in font nullfont!
Missing character: There is no n (U+006E) in font nullfont!
Missing character: There is no u (U+0075) in font nullfont!
Missing character: There is no x (U+0078) in font nullfont!
Missing character: There is no , (U+002C) in font nullfont!
Missing character: There is no இ (U+0B87) in font nullfont!
Missing character: There is no ண (U+0BA3) in font nullfont!
Missing character: There is no ை (U+0BC8) in font nullfont!
Missing character: There is no ய (U+0BAF) in font nullfont!
Missing character: There is no ப (U+0BAA) in font nullfont!
Missing character: There is no ் (U+0BCD) in font nullfont!
Missing character: There is no ப (U+0BAA) in font nullfont!
Missing character: There is no ா (U+0BBE) in font nullfont!
Missing character: There is no த (U+0BA4) in font nullfont!
Missing character: There is no ு (U+0BC1) in font nullfont!
Missing character: There is no க (U+0B95) in font nullfont!
Missing character: There is no ா (U+0BBE) in font nullfont!
Missing character: There is no ப (U+0BAA) in font nullfont!
Missing character: There is no ் (U+0BCD) in font nullfont!
Missing character: There is no ப (U+0BAA) in font nullfont!
Missing character: There is no ு (U+0BC1) in font nullfont!
Missing character: There is no , (U+002C) in font nullfont!
Missing character: There is no ஊ (U+0B8A) in font nullfont!
Missing character: There is no ட (U+0B9F) in font nullfont!
Missing character: There is no ு (U+0BC1) in font nullfont!
Missing character: There is no ர (U+0BB0) in font nullfont!
Missing character: There is no ு (U+0BC1) in font nullfont!
Missing character: There is no வ (U+0BB5) in font nullfont!
Missing character: There is no ல (U+0BB2) in font nullfont!
Missing character: There is no ் (U+0BCD) in font nullfont!
Missing character: There is no ச (U+0B9A) in font nullfont!
Missing character: There is no ோ (U+0BCB) in font nullfont!
Missing character: There is no த (U+0BA4) in font nullfont!
Missing character: There is no ன (U+0BA9) in font nullfont!
Missing character: There is no ை (U+0BC8) in font nullfont!
Missing character: There is no , (U+002C) in font nullfont!
Missing character: There is no C (U+0043) in font nullfont!
Missing character: There is no o (U+006F) in font nullfont!
Missing character: There is no g (U+0067) in font nullfont!
Missing character: There is no m (U+006D) in font nullfont!
Missing character: There is no a (U+0061) in font nullfont!
Missing character: There is no n (U+006E) in font nullfont!
Missing character: There is no , (U+002C) in font nullfont!
Missing character: There is no P (U+0050) in font nullfont!
Missing character: There is no I (U+0049) in font nullfont!
Missing character: There is no D (U+0044) in font nullfont!
Missing character: There is no 1 (U+0031) in font nullfont!
Missing character: There is no , (U+002C) in font nullfont!
Missing character: There is no n (U+006E) in font nullfont!
Missing character: There is no m (U+006D) in font nullfont!
Missing character: There is no a (U+0061) in font nullfont!
Missing character: There is no p (U+0070) in font nullfont!
Missing character: There is no , (U+002C) in font nullfont!
Missing character: There is no t (U+0074) in font nullfont!
Missing character: There is no c (U+0063) in font nullfont!
Missing character: There is no p (U+0070) in font nullfont!
Missing character: There is no d (U+0064) in font nullfont!
Missing character: There is no u (U+0075) in font nullfont!
Missing character: There is no m (U+006D) in font nullfont!
Missing character: There is no p (U+0070) in font nullfont!
Missing character: There is no , (U+002C) in font nullfont!
Missing character: There is no X (U+0058) in font nullfont!
Missing character: There is no 1 (U+0031) in font nullfont!
Missing character: There is no 1 (U+0031) in font nullfont!
Missing character: There is no , (U+002C) in font nullfont!
Missing character: There is no D (U+0044) in font nullfont!
Missing character: There is no W (U+0057) in font nullfont!
Missing character: There is no M (U+004D) in font nullfont!
Missing character: There is no , (U+002C) in font nullfont!
Missing character: There is no T (U+0054) in font nullfont!
Missing character: There is no O (U+004F) in font nullfont!
Missing character: There is no M (U+004D) in font nullfont!
Missing character: There is no L (U+004C) in font nullfont!
Missing character: There is no , (U+002C) in font nullfont!
Missing character: There is no R (U+0052) in font nullfont!
Missing character: There is no u (U+0075) in font nullfont!
Missing character: There is no s (U+0073) in font nullfont!
Missing character: There is no t (U+0074) in font nullfont!
Missing character: There is no , (U+002C) in font nullfont!
Missing character: There is no C (U+0043) in font nullfont!
Missing character: There is no 1 (U+0031) in font nullfont!
Missing character: There is no 1 (U+0031) in font nullfont!
Missing character: There is no , (U+002C) in font nullfont!
Missing character: There is no C (U+0043) in font nullfont!
Missing character: There is no G (U+0047) in font nullfont!
Missing character: There is no M (U+004D) in font nullfont!
Missing character: There is no 2 (U+0032) in font nullfont!
Missing character: There is no P (U+0050) in font nullfont!
Missing character: There is no L (U+004C) in font nullfont!
Missing character: There is no A (U+0041) in font nullfont!
Missing character: There is no N (U+004E) in font nullfont!
Missing character: There is no , (U+002C) in font nullfont!
Missing character: There is no Q (U+0051) in font nullfont!
Missing character: There is no E (U+0045) in font nullfont!
Missing character: There is no M (U+004D) in font nullfont!
Missing character: There is no U (U+0055) in font nullfont!
Missing character: There is no , (U+002C) in font nullfont!
Missing character: There is no n (U+006E) in font nullfont!
Missing character: There is no f (U+0066) in font nullfont!
Missing character: There is no t (U+0074) in font nullfont!
Missing character: There is no a (U+0061) in font nullfont!
Missing character: There is no b (U+0062) in font nullfont!
Missing character: There is no l (U+006C) in font nullfont!
Missing character: There is no e (U+0065) in font nullfont!
Missing character: There is no s (U+0073) in font nullfont!
Missing character: There is no , (U+002C) in font nullfont!
Missing character: There is no D (U+0044) in font nullfont!
Missing character: There is no r (U+0072) in font nullfont!
Missing character: There is no o (U+006F) in font nullfont!
Missing character: There is no p (U+0070) in font nullfont!
Missing character: There is no b (U+0062) in font nullfont!
Missing character: There is no e (U+0065) in font nullfont!
Missing character: There is no a (U+0061) in font nullfont!
Missing character: There is no r (U+0072) in font nullfont!
Missing character: There is no . (U+002E) in font nullfont!
Missing character: There is no த (U+0BA4) in font nullfont!
Missing character: There is no ி (U+0BBF) in font nullfont!
Missing character: There is no ற (U+0BB1) in font nullfont!
Missing character: There is no வ (U+0BB5) in font nullfont!
Missing character: There is no ு (U+0BC1) in font nullfont!
Missing character: There is no ச (U+0B9A) in font nullfont!
Missing character: There is no ் (U+0BCD) in font nullfont!
Missing character: There is no ச (U+0B9A) in font nullfont!
Missing character: There is no ொ (U+0BCA) in font nullfont!
Missing character: There is no ற (U+0BB1) in font nullfont!
Missing character: There is no ் (U+0BCD) in font nullfont!
Missing character: There is no க (U+0B95) in font nullfont!
Missing character: There is no ள (U+0BB3) in font nullfont!
Missing character: There is no ் (U+0BCD) in font nullfont!
Missing character: There is no : (U+003A) in font nullfont!
Missing character: There is no க (U+0B95) in font nullfont!
Missing character: There is no ு (U+0BC1) in font nullfont!
Missing character: There is no ற (U+0BB1) in font nullfont!
Missing character: There is no ை (U+0BC8) in font nullfont!
Missing character: There is no ந (U+0BA8) in font nullfont!
Missing character: There is no ் (U+0BCD) in font nullfont!
Missing character: There is no த (U+0BA4) in font nullfont!
Missing character: There is no ப (U+0BAA) in font nullfont!
Missing character: There is no ட (U+0B9F) in font nullfont!
Missing character: There is no ் (U+0BCD) in font nullfont!
Missing character: There is no ச (U+0B9A) in font nullfont!
Missing character: There is no L (U+004C) in font nullfont!
Missing character: There is no i (U+0069) in font nullfont!
Missing character: There is no n (U+006E) in font nullfont!
Missing character: There is no u (U+0075) in font nullfont!
Missing character: There is no x (U+0078) in font nullfont!
Missing character: There is no , (U+002C) in font nullfont!
Missing character: There is no இ (U+0B87) in font nullfont!
Missing character: There is no ண (U+0BA3) in font nullfont!
Missing character: There is no ை (U+0BC8) in font nullfont!
Missing character: There is no ய (U+0BAF) in font nullfont!
Missing character: There is no ப (U+0BAA) in font nullfont!
Missing character: There is no ் (U+0BCD) in font nullfont!
Missing character: There is no ப (U+0BAA) in font nullfont!
Missing character: There is no ா (U+0BBE) in font nullfont!
Missing character: There is no த (U+0BA4) in font nullfont!
Missing character: There is no ு (U+0BC1) in font nullfont!
Missing character: There is no க (U+0B95) in font nullfont!
Missing character: There is no ா (U+0BBE) in font nullfont!
Missing character: There is no ப (U+0BAA) in font nullfont!
Missing character: There is no ் (U+0BCD) in font nullfont!
Missing character: There is no ப (U+0BAA) in font nullfont!
Missing character: There is no ு (U+0BC1) in font nullfont!
Missing character: There is no , (U+002C) in font nullfont!
Missing character: There is no ஊ (U+0B8A) in font nullfont!
Missing character: There is no ட (U+0B9F) in font nullfont!
Missing character: There is no ு (U+0BC1) in font nullfont!
Missing character: There is no ர (U+0BB0) in font nullfont!
Missing character: There is no ு (U+0BC1) in font nullfont!
Missing character: There is no வ (U+0BB5) in font nullfont!
Missing character: There is no ல (U+0BB2) in font nullfont!
Missing character: There is no ் (U+0BCD) in font nullfont!
Missing character: There is no ச (U+0B9A) in font nullfont!
Missing character: There is no ோ (U+0BCB) in font nullfont!
Missing character: There is no த (U+0BA4) in font nullfont!
Missing character: There is no ன (U+0BA9) in font nullfont!
Missing character: There is no ை (U+0BC8) in font nullfont!
Missing character: There is no , (U+002C) in font nullfont!
Missing character: There is no C (U+0043) in font nullfont!
Missing character: There is no o (U+006F) in font nullfont!
Missing character: There is no g (U+0067) in font nullfont!
Missing character: There is no m (U+006D) in font nullfont!
Missing character: There is no a (U+0061) in font nullfont!
Missing character: There is no n (U+006E) in font nullfont!
Missing character: There is no , (U+002C) in font nullfont!
Missing character: There is no P (U+0050) in font nullfont!
Missing character: There is no I (U+0049) in font nullfont!
Missing character: There is no D (U+0044) in font nullfont!
Missing character: There is no 1 (U+0031) in font nullfont!
Missing character: There is no , (U+002C) in font nullfont!
Missing character: There is no n (U+006E) in font nullfont!
Missing character: There is no m (U+006D) in font nullfont!
Missing character: There is no a (U+0061) in font nullfont!
Missing character: There is no p (U+0070) in font nullfont!
Missing character: There is no , (U+002C) in font nullfont!
Missing character: There is no t (U+0074) in font nullfont!
Missing character: There is no c (U+0063) in font nullfont!
Missing character: There is no p (U+0070) in font nullfont!
Missing character: There is no d (U+0064) in font nullfont!
Missing character: There is no u (U+0075) in font nullfont!
Missing character: There is no m (U+006D) in font nullfont!
Missing character: There is no p (U+0070) in font nullfont!
Missing character: There is no , (U+002C) in font nullfont!
Missing character: There is no X (U+0058) in font nullfont!
Missing character: There is no 1 (U+0031) in font nullfont!
Missing character: There is no 1 (U+0031) in font nullfont!
Missing character: There is no , (U+002C) in font nullfont!
Missing character: There is no D (U+0044) in font nullfont!
Missing character: There is no W (U+0057) in font nullfont!
Missing character: There is no M (U+004D) in font nullfont!
Missing character: There is no , (U+002C) in font nullfont!
Missing character: There is no T (U+0054) in font nullfont!
Missing character: There is no O (U+004F) in font nullfont!
Missing character: There is no M (U+004D) in font nullfont!
Missing character: There is no L (U+004C) in font nullfont!
Missing character: There is no , (U+002C) in font nullfont!
Missing character: There is no R (U+0052) in font nullfont!
Missing character: There is no u (U+0075) in font nullfont!
Missing character: There is no s (U+0073) in font nullfont!
Missing character: There is no t (U+0074) in font nullfont!
Missing character: There is no , (U+002C) in font nullfont!
Missing character: There is no C (U+0043) in font nullfont!
Missing character: There is no 1 (U+0031) in font nullfont!
Missing character: There is no 1 (U+0031) in font nullfont!
Missing character: There is no , (U+002C) in font nullfont!
Missing character: There is no C (U+0043) in font nullfont!
Missing character: There is no G (U+0047) in font nullfont!
Missing character: There is no M (U+004D) in font nullfont!
Missing character: There is no 2 (U+0032) in font nullfont!
Missing character: There is no P (U+0050) in font nullfont!
Missing character: There is no L (U+004C) in font nullfont!
Missing character: There is no A (U+0041) in font nullfont!
Missing character: There is no N (U+004E) in font nullfont!
Missing character: There is no , (U+002C) in font nullfont!
Missing character: There is no Q (U+0051) in font nullfont!
Missing character: There is no E (U+0045) in font nullfont!
Missing character: There is no M (U+004D) in font nullfont!
Missing character: There is no U (U+0055) in font nullfont!
Missing character: There is no , (U+002C) in font nullfont!
Missing character: There is no n (U+006E) in font nullfont!
Missing character: There is no f (U+0066) in font nullfont!
Missing character: There is no t (U+0074) in font nullfont!
Missing character: There is no a (U+0061) in font nullfont!
Missing character: There is no b (U+0062) in font nullfont!
Missing character: There is no l (U+006C) in font nullfont!
Missing character: There is no e (U+0065) in font nullfont!
Missing character: There is no s (U+0073) in font nullfont!
Missing character: There is no , (U+002C) in font nullfont!
Missing character: There is no D (U+0044) in font nullfont!
Missing character: There is no r (U+0072) in font nullfont!
Missing character: There is no o (U+006F) in font nullfont!
Missing character: There is no p (U+0070) in font nullfont!
Missing character: There is no b (U+0062) in font nullfont!
Missing character: There is no e (U+0065) in font nullfont!
Missing character: There is no a (U+0061) in font nullfont!
Missing character: There is no r (U+0072) in font nullfont!
Missing character: There is no . (U+002E) in font nullfont!
[1


Missing character: There is no ச (U+0B9A) in font nullfont!
Missing character: There is no ு (U+0BC1) in font nullfont!
Missing character: There is no ர (U+0BB0) in font nullfont!
Missing character: There is no ு (U+0BC1) in font nullfont!
Missing character: There is no க (U+0B95) in font nullfont!
Missing character: There is no ் (U+0BCD) in font nullfont!
Missing character: There is no க (U+0B95) in font nullfont!
Missing character: There is no ம (U+0BAE) in font nullfont!
Missing character: There is no ் (U+0BCD) in font nullfont!
Missing character: There is no ( (U+0028) in font nullfont!
Missing character: There is no A (U+0041) in font nullfont!
Missing character: There is no B (U+0042) in font nullfont!
Missing character: There is no S (U+0053) in font nullfont!
Missing character: There is no T (U+0054) in font nullfont!
Missing character: There is no R (U+0052) in font nullfont!
Missing character: There is no A (U+0041) in font nullfont!
Missing character: There is no C (U+0043) in font nullfont!
Missing character: There is no T (U+0054) in font nullfont!
Missing character: There is no - (U+002D) in font nullfont!
Missing character: There is no - (U+002D) in font nullfont!
Missing character: There is no T (U+0054) in font nullfont!
Missing character: There is no A (U+0041) in font nullfont!
Missing character: There is no M (U+004D) in font nullfont!
Missing character: There is no I (U+0049) in font nullfont!
Missing character: There is no L (U+004C) in font nullfont!
Missing character: There is no ) (U+0029) in font nullfont!
Missing character: There is no இ (U+0B87) in font nullfont!
Missing character: There is no ந (U+0BA8) in font nullfont!
Missing character: There is no ் (U+0BCD) in font nullfont!
Missing character: There is no த (U+0BA4) in font nullfont!
Missing character: There is no த (U+0BA4) in font nullfont!
Missing character: There is no ் (U+0BCD) in font nullfont!
Missing character: There is no த (U+0BA4) in font nullfont!
Missing character: There is no ி (U+0BBF) in font nullfont!
Missing character: There is no ட (U+0B9F) in font nullfont!
Missing character: There is no ் (U+0BCD) in font nullfont!
Missing character: There is no ட (U+0B9F) in font nullfont!
Missing character: There is no ம (U+0BAE) in font nullfont!
Missing character: There is no ் (U+0BCD) in font nullfont!
Missing character: There is no R (U+0052) in font nullfont!
Missing character: There is no o (U+006F) in font nullfont!
Missing character: There is no g (U+0067) in font nullfont!
Missing character: There is no u (U+0075) in font nullfont!
Missing character: There is no e (U+0065) in font nullfont!
Missing character: There is no L (U+004C) in font nullfont!
Missing character: There is no i (U+0069) in font nullfont!
Missing character: There is no n (U+006E) in font nullfont!
Missing character: There is no u (U+0075) in font nullfont!
Missing character: There is no x (U+0078) in font nullfont!
Missing character: There is no எ (U+0B8E) in font nullfont!
Missing character: There is no ன (U+0BA9) in font nullfont!
Missing character: There is no ் (U+0BCD) in font nullfont!
Missing character: There is no ற (U+0BB1) in font nullfont!
Missing character: There is no ந (U+0BA8) in font nullfont!
Missing character: There is no ோ (U+0BCB) in font nullfont!
Missing character: There is no க (U+0B95) in font nullfont!
Missing character: There is no ் (U+0BCD) in font nullfont!
Missing character: There is no க (U+0B95) in font nullfont!
Missing character: There is no த (U+0BA4) in font nullfont!
Missing character: There is no ் (U+0BCD) in font nullfont!
Missing character: There is no த (U+0BA4) in font nullfont!
Missing character: There is no ு (U+0BC1) in font nullfont!
Missing character: There is no க (U+0B95) in font nullfont!
Missing character: There is no ் (U+0BCD) in font nullfont!
Missing character: There is no க (U+0B95) in font nullfont!
Missing character: There is no ெ (U+0BC6) in font nullfont!
Missing character: There is no ன (U+0BA9) in font nullfont!
Missing character: There is no உ (U+0B89) in font nullfont!
Missing character: There is no ர (U+0BB0) in font nullfont!
Missing character: There is no ு (U+0BC1) in font nullfont!
Missing character: There is no வ (U+0BB5) in font nullfont!
Missing character: There is no ா (U+0BBE) in font nullfont!
Missing character: There is no க (U+0B95) in font nullfont!
Missing character: There is no ் (U+0BCD) in font nullfont!
Missing character: There is no க (U+0B95) in font nullfont!
Missing character: There is no ப (U+0BAA) in font nullfont!
Missing character: There is no ் (U+0BCD) in font nullfont!
Missing character: There is no ப (U+0BAA) in font nullfont!
Missing character: There is no ட (U+0B9F) in font nullfont!
Missing character: There is no ் (U+0BCD) in font nullfont!
Missing character: There is no ட (U+0B9F) in font nullfont!
Missing character: There is no க (U+0B95) in font nullfont!
Missing character: There is no ு (U+0BC1) in font nullfont!
Missing character: There is no ற (U+0BB1) in font nullfont!
Missing character: There is no ை (U+0BC8) in font nullfont!
Missing character: There is no ந (U+0BA8) in font nullfont!
Missing character: There is no ் (U+0BCD) in font nullfont!
Missing character: There is no த (U+0BA4) in font nullfont!
Missing character: There is no ப (U+0BAA) in font nullfont!
Missing character: There is no ட (U+0B9F) in font nullfont!
Missing character: There is no ் (U+0BCD) in font nullfont!
Missing character: There is no ச (U+0B9A) in font nullfont!
Missing character: There is no L (U+004C) in font nullfont!
Missing character: There is no i (U+0069) in font nullfont!
Missing character: There is no n (U+006E) in font nullfont!
Missing character: There is no u (U+0075) in font nullfont!
Missing character: There is no x (U+0078) in font nullfont!
Missing character: There is no வ (U+0BB5) in font nullfont!
Missing character: There is no ி (U+0BBF) in font nullfont!
Missing character: There is no ந (U+0BA8) in font nullfont!
Missing character: There is no ி (U+0BBF) in font nullfont!
Missing character: There is no ய (U+0BAF) in font nullfont!
Missing character: There is no ோ (U+0BCB) in font nullfont!
Missing character: There is no க (U+0B95) in font nullfont!
Missing character: There is no த (U+0BA4) in font nullfont!
Missing character: There is no ் (U+0BCD) in font nullfont!
Missing character: There is no த (U+0BA4) in font nullfont!
Missing character: There is no ை (U+0BC8) in font nullfont!
Missing character: There is no ம (U+0BAE) in font nullfont!
Missing character: There is no ு (U+0BC1) in font nullfont!
Missing character: There is no ன (U+0BA9) in font nullfont!
Missing character: There is no ் (U+0BCD) in font nullfont!
Missing character: There is no வ (U+0BB5) in font nullfont!
Missing character: There is no ை (U+0BC8) in font nullfont!
Missing character: There is no க (U+0B95) in font nullfont!
Missing character: There is no ் (U+0BCD) in font nullfont!
Missing character: There is no க (U+0B95) in font nullfont!
Missing character: There is no ி (U+0BBF) in font nullfont!
Missing character: There is no ற (U+0BB1) in font nullfont!
Missing character: There is no த (U+0BA4) in font nullfont!
Missing character: There is no ு (U+0BC1) in font nullfont!
Missing character: There is no . (U+002E) in font nullfont!
Missing character: There is no இ (U+0B87) in font nullfont!
Missing character: There is no த (U+0BA4) in font nullfont!
Missing character: There is no ு (U+0BC1) in font nullfont!
Missing character: There is no இ (U+0B87) in font nullfont!
Missing character: There is no ண (U+0BA3) in font nullfont!
Missing character: There is no ை (U+0BC8) in font nullfont!
Missing character: There is no ய (U+0BAF) in font nullfont!
Missing character: There is no ப (U+0BAA) in font nullfont!
Missing character: There is no ் (U+0BCD) in font nullfont!
Missing character: There is no ப (U+0BAA) in font nullfont!
Missing character: There is no ா (U+0BBE) in font nullfont!
Missing character: There is no த (U+0BA4) in font nullfont!
Missing character: There is no ு (U+0BC1) in font nullfont!
Missing character: There is no க (U+0B95) in font nullfont!
Missing character: There is no ா (U+0BBE) in font nullfont!
Missing character: There is no ப (U+0BAA) in font nullfont!
Missing character: There is no ் (U+0BCD) in font nullfont!
Missing character: There is no ப (U+0BAA) in font nullfont!
Missing character: There is no ு (U+0BC1) in font nullfont!
Missing character: There is no ச (U+0B9A) in font nullfont!
Missing character: There is no ெ (U+0BC6) in font nullfont!
Missing character: There is no ய (U+0BAF) in font nullfont!
Missing character: There is no ல (U+0BB2) in font nullfont!
Missing character: There is no ் (U+0BCD) in font nullfont!
Missing character: There is no ப (U+0BAA) in font nullfont!
Missing character: There is no ா (U+0BBE) in font nullfont!
Missing character: There is no ட (U+0B9F) in font nullfont!
Missing character: There is no ு (U+0BC1) in font nullfont!
Missing character: There is no க (U+0B95) in font nullfont!
Missing character: There is no ள (U+0BB3) in font nullfont!
Missing character: There is no ா (U+0BBE) in font nullfont!
Missing character: There is no ன (U+0BA9) in font nullfont!
Missing character: There is no ந (U+0BA8) in font nullfont!
Missing character: There is no ெ (U+0BC6) in font nullfont!
Missing character: There is no ட (U+0B9F) in font nullfont!
Missing character: There is no ் (U+0BCD) in font nullfont!
Missing character: There is no வ (U+0BB5) in font nullfont!
Missing character: There is no ொ (U+0BCA) in font nullfont!
Missing character: There is no ர (U+0BB0) in font nullfont!
Missing character: There is no ் (U+0BCD) in font nullfont!
Missing character: There is no க (U+0B95) in font nullfont!
Missing character: There is no ் (U+0BCD) in font nullfont!
Missing character: There is no ப (U+0BAA) in font nullfont!
Missing character: There is no ா (U+0BBE) in font nullfont!
Missing character: There is no த (U+0BA4) in font nullfont!
Missing character: There is no ு (U+0BC1) in font nullfont!
Missing character: There is no க (U+0B95) in font nullfont!
Missing character: There is no ா (U+0BBE) in font nullfont!
Missing character: There is no ப (U+0BAA) in font nullfont!
Missing character: There is no ் (U+0BCD) in font nullfont!
Missing character: There is no ப (U+0BAA) in font nullfont!
Missing character: There is no ு (U+0BC1) in font nullfont!
Missing character: There is no ம (U+0BAE) in font nullfont!
Missing character: There is no த (U+0BA4) in font nullfont!
Missing character: There is no ி (U+0BBF) in font nullfont!
Missing character: There is no ப (U+0BAA) in font nullfont!
Missing character: There is no ் (U+0BCD) in font nullfont!
Missing character: There is no ப (U+0BAA) in font nullfont!
Missing character: There is no ீ (U+0BC0) in font nullfont!
Missing character: There is no ட (U+0B9F) in font nullfont!
Missing character: There is no ு (U+0BC1) in font nullfont!
Missing character: There is no , (U+002C) in font nullfont!
Missing character: There is no ஊ (U+0B8A) in font nullfont!
Missing character: There is no ட (U+0B9F) in font nullfont!
Missing character: There is no ு (U+0BC1) in font nullfont!
Missing character: There is no ர (U+0BB0) in font nullfont!
Missing character: There is no ு (U+0BC1) in font nullfont!
Missing character: There is no வ (U+0BB5) in font nullfont!
Missing character: There is no ல (U+0BB2) in font nullfont!
Missing character: There is no ் (U+0BCD) in font nullfont!
Missing character: There is no ச (U+0B9A) in font nullfont!
Missing character: There is no ோ (U+0BCB) in font nullfont!
Missing character: There is no த (U+0BA4) in font nullfont!
Missing character: There is no ன (U+0BA9) in font nullfont!
Missing character: There is no ை (U+0BC8) in font nullfont!
Missing character: There is no ம (U+0BAE) in font nullfont!
Missing character: There is no ற (U+0BB1) in font nullfont!
Missing character: There is no ் (U+0BCD) in font nullfont!
Missing character: There is no ற (U+0BB1) in font nullfont!
Missing character: There is no ு (U+0BC1) in font nullfont!
Missing character: There is no ம (U+0BAE) in font nullfont!
Missing character: There is no ் (U+0BCD) in font nullfont!
Missing character: There is no இ (U+0B87) in font nullfont!
Missing character: There is no ர (U+0BB0) in font nullfont!
Missing character: There is no ு (U+0BC1) in font nullfont!
Missing character: There is no ம (U+0BAE) in font nullfont!
Missing character: There is no ந (U+0BA8) in font nullfont!
Missing character: There is no ே (U+0BC7) in font nullfont!
Missing character: There is no ர (U+0BB0) in font nullfont!
Missing character: There is no ் (U+0BCD) in font nullfont!
Missing character: There is no ம (U+0BAE) in font nullfont!
Missing character: There is no ை (U+0BC8) in font nullfont!
Missing character: There is no ப (U+0BAA) in font nullfont!
Missing character: There is no க (U+0B95) in font nullfont!
Missing character: There is no ு (U+0BC1) in font nullfont!
Missing character: There is no ப (U+0BAA) in font nullfont!
Missing character: There is no ் (U+0BCD) in font nullfont!
Missing character: There is no ப (U+0BAA) in font nullfont!
Missing character: There is no ா (U+0BBE) in font nullfont!
Missing character: There is no ய (U+0BAF) in font nullfont!
Missing character: There is no ் (U+0BCD) in font nullfont!
Missing character: There is no வ (U+0BB5) in font nullfont!
Missing character: There is no ு (U+0BC1) in font nullfont!
Missing character: There is no ஆ (U+0B86) in font nullfont!
Missing character: There is no க (U+0B95) in font nullfont!
Missing character: There is no ி (U+0BBF) in font nullfont!
Missing character: There is no ய (U+0BAF) in font nullfont!
Missing character: There is no வ (U+0BB5) in font nullfont!
Missing character: There is no ற (U+0BB1) in font nullfont!
Missing character: There is no ் (U+0BCD) in font nullfont!
Missing character: There is no ற (U+0BB1) in font nullfont!
Missing character: There is no ி (U+0BBF) in font nullfont!
Missing character: There is no ற (U+0BB1) in font nullfont!
Missing character: There is no ் (U+0BCD) in font nullfont!
Missing character: There is no க (U+0B95) in font nullfont!
Missing character: There is no ா (U+0BBE) in font nullfont!
Missing character: There is no க (U+0B95) in font nullfont!
Missing character: There is no ச (U+0B9A) in font nullfont!
Missing character: There is no ி (U+0BBF) in font nullfont!
Missing character: There is no ற (U+0BB1) in font nullfont!
Missing character: There is no ப (U+0BAA) in font nullfont!
Missing character: There is no ் (U+0BCD) in font nullfont!
Missing character: There is no ப (U+0BAA) in font nullfont!
Missing character: There is no ா (U+0BBE) in font nullfont!
Missing character: There is no க (U+0B95) in font nullfont!
Missing character: There is no வ (U+0BB5) in font nullfont!
Missing character: There is no ட (U+0B9F) in font nullfont!
Missing character: There is no ி (U+0BBF) in font nullfont!
Missing character: There is no வ (U+0BB5) in font nullfont!
Missing character: There is no ம (U+0BAE) in font nullfont!
Missing character: There is no ை (U+0BC8) in font nullfont!
Missing character: There is no க (U+0B95) in font nullfont!
Missing character: There is no ் (U+0BCD) in font nullfont!
Missing character: There is no க (U+0B95) in font nullfont!
Missing character: There is no ப (U+0BAA) in font nullfont!
Missing character: There is no ் (U+0BCD) in font nullfont!
Missing character: There is no ப (U+0BAA) in font nullfont!
Missing character: There is no ட (U+0B9F) in font nullfont!
Missing character: There is no ் (U+0BCD) in font nullfont!
Missing character: There is no ட (U+0B9F) in font nullfont!
Missing character: There is no ு (U+0BC1) in font nullfont!
Missing character: There is no ள (U+0BB3) in font nullfont!
Missing character: There is no ் (U+0BCD) in font nullfont!
Missing character: There is no ள (U+0BB3) in font nullfont!
Missing character: There is no த (U+0BA4) in font nullfont!
Missing character: There is no ு (U+0BC1) in font nullfont!
Missing character: There is no . (U+002E) in font nullfont!
Missing character: There is no இ (U+0B87) in font nullfont!
Missing character: There is no ந (U+0BA8) in font nullfont!
Missing character: There is no ் (U+0BCD) in font nullfont!
Missing character: There is no த (U+0BA4) in font nullfont!
Missing character: There is no வ (U+0BB5) in font nullfont!
Missing character: There is no ி (U+0BBF) in font nullfont!
Missing character: There is no ந (U+0BA8) in font nullfont!
Missing character: There is no ி (U+0BBF) in font nullfont!
Missing character: There is no ய (U+0BAF) in font nullfont!
Missing character: There is no ோ (U+0BCB) in font nullfont!
Missing character: There is no க (U+0B95) in font nullfont!
Missing character: There is no ம (U+0BAE) in font nullfont!
Missing character: There is no ் (U+0BCD) in font nullfont!
Missing character: There is no C (U+0043) in font nullfont!
Missing character: There is no o (U+006F) in font nullfont!
Missing character: There is no g (U+0067) in font nullfont!
Missing character: There is no m (U+006D) in font nullfont!
Missing character: There is no a (U+0061) in font nullfont!
Missing character: There is no n (U+006E) in font nullfont!
Missing character: There is no ( (U+0028) in font nullfont!
Missing character: There is no C (U+0043) in font nullfont!
Missing character: There is no o (U+006F) in font nullfont!
Missing character: There is no g (U+0067) in font nullfont!
Missing character: There is no n (U+006E) in font nullfont!
Missing character: There is no i (U+0069) in font nullfont!
Missing character: There is no t (U+0074) in font nullfont!
Missing character: There is no i (U+0069) in font nullfont!
Missing character: There is no v (U+0076) in font nullfont!
Missing character: There is no e (U+0065) in font nullfont!
Missing character: There is no M (U+004D) in font nullfont!
Missing character: There is no a (U+0061) in font nullfont!
Missing character: There is no n (U+006E) in font nullfont!
Missing character: There is no a (U+0061) in font nullfont!
Missing character: There is no g (U+0067) in font nullfont!
Missing character: There is no e (U+0065) in font nullfont!
Missing character: There is no r (U+0072) in font nullfont!
Missing character: There is no ) (U+0029) in font nullfont!
Missing character: There is no க (U+0B95) in font nullfont!
Missing character: There is no ர (U+0BB0) in font nullfont!
Missing character: There is no ு (U+0BC1) in font nullfont!
Missing character: There is no வ (U+0BB5) in font nullfont!
Missing character: There is no ி (U+0BBF) in font nullfont!
Missing character: There is no த (U+0BA4) in font nullfont!
Missing character: There is no ் (U+0BCD) in font nullfont!
Missing character: There is no த (U+0BA4) in font nullfont!
Missing character: There is no ொ (U+0BCA) in font nullfont!
Missing character: There is no க (U+0B95) in font nullfont!
Missing character: There is no ு (U+0BC1) in font nullfont!
Missing character: There is no ப (U+0BAA) in font nullfont!
Missing character: There is no ் (U+0BCD) in font nullfont!
Missing character: There is no ப (U+0BAA) in font nullfont!
Missing character: There is no ை (U+0BC8) in font nullfont!
Missing character: There is no ப (U+0BAA) in font nullfont!
Missing character: There is no ் (U+0BCD) in font nullfont!
Missing character: There is no ப (U+0BAA) in font nullfont!
Missing character: There is no ய (U+0BAF) in font nullfont!
Missing character: There is no ன (U+0BA9) in font nullfont!
Missing character: There is no ் (U+0BCD) in font nullfont!
Missing character: There is no ப (U+0BAA) in font nullfont!
Missing character: There is no ட (U+0B9F) in font nullfont!
Missing character: There is no ு (U+0BC1) in font nullfont!
Missing character: There is no த (U+0BA4) in font nullfont!
Missing character: There is no ் (U+0BCD) in font nullfont!
Missing character: There is no த (U+0BA4) in font nullfont!
Missing character: There is no ி (U+0BBF) in font nullfont!
Missing character: There is no க (U+0B95) in font nullfont!
Missing character: There is no ட (U+0B9F) in font nullfont!
Missing character: There is no ் (U+0BCD) in font nullfont!
Missing character: There is no ட (U+0B9F) in font nullfont!
Missing character: There is no ம (U+0BAE) in font nullfont!
Missing character: There is no ை (U+0BC8) in font nullfont!
Missing character: There is no க (U+0B95) in font nullfont!
Missing character: There is no ் (U+0BCD) in font nullfont!
Missing character: There is no க (U+0B95) in font nullfont!
Missing character: There is no ப (U+0BAA) in font nullfont!
Missing character: There is no ் (U+0BCD) in font nullfont!
Missing character: There is no ப (U+0BAA) in font nullfont!
Missing character: There is no ட (U+0B9F) in font nullfont!
Missing character: There is no ் (U+0BCD) in font nullfont!
Missing character: There is no ட (U+0B9F) in font nullfont!
Missing character: There is no ு (U+0BC1) in font nullfont!
Missing character: There is no ள (U+0BB3) in font nullfont!
Missing character: There is no ் (U+0BCD) in font nullfont!
Missing character: There is no ள (U+0BB3) in font nullfont!
Missing character: There is no த (U+0BA4) in font nullfont!
Missing character: There is no ு (U+0BC1) in font nullfont!
Missing character: There is no - (U+002D) in font nullfont!
Missing character: There is no - (U+002D) in font nullfont!
Missing character: There is no இ (U+0B87) in font nullfont!
Missing character: There is no த (U+0BA4) in font nullfont!
Missing character: There is no ு (U+0BC1) in font nullfont!
Missing character: There is no R (U+0052) in font nullfont!
Missing character: There is no u (U+0075) in font nullfont!
Missing character: There is no s (U+0073) in font nullfont!
Missing character: There is no t (U+0074) in font nullfont!
Missing character: There is no ம (U+0BAE) in font nullfont!
Missing character: There is no ற (U+0BB1) in font nullfont!
Missing character: There is no ் (U+0BCD) in font nullfont!
Missing character: There is no ற (U+0BB1) in font nullfont!
Missing character: There is no ு (U+0BC1) in font nullfont!
Missing character: There is no ம (U+0BAE) in font nullfont!
Missing character: There is no ் (U+0BCD) in font nullfont!
Missing character: There is no C (U+0043) in font nullfont!
Missing character: There is no 1 (U+0031) in font nullfont!
Missing character: There is no 1 (U+0031) in font nullfont!
Missing character: There is no ம (U+0BAE) in font nullfont!
Missing character: There is no ொ (U+0BCA) in font nullfont!
Missing character: There is no ழ (U+0BB4) in font nullfont!
Missing character: There is no ி (U+0BBF) in font nullfont!
Missing character: There is no க (U+0B95) in font nullfont!
Missing character: There is no ள (U+0BB3) in font nullfont!
Missing character: There is no ி (U+0BBF) in font nullfont!
Missing character: There is no ல (U+0BB2) in font nullfont!
Missing character: There is no ் (U+0BCD) in font nullfont!
Missing character: There is no ச (U+0B9A) in font nullfont!
Missing character: There is no ெ (U+0BC6) in font nullfont!
Missing character: There is no ய (U+0BAF) in font nullfont!
Missing character: There is no ல (U+0BB2) in font nullfont!
Missing character: There is no ் (U+0BCD) in font nullfont!
Missing character: There is no ப (U+0BAA) in font nullfont!
Missing character: There is no ட (U+0B9F) in font nullfont!
Missing character: There is no ு (U+0BC1) in font nullfont!
Missing character: There is no த (U+0BA4) in font nullfont!
Missing character: There is no ் (U+0BCD) in font nullfont!
Missing character: There is no த (U+0BA4) in font nullfont!
Missing character: There is no ப (U+0BAA) in font nullfont!
Missing character: There is no ் (U+0BCD) in font nullfont!
Missing character: There is no ப (U+0BAA) in font nullfont!
Missing character: There is no ட (U+0B9F) in font nullfont!
Missing character: There is no ் (U+0BCD) in font nullfont!
Missing character: There is no ட (U+0B9F) in font nullfont!
Missing character: There is no ஒ (U+0B92) in font nullfont!
Missing character: There is no ர (U+0BB0) in font nullfont!
Missing character: There is no ு (U+0BC1) in font nullfont!
Missing character: There is no ஒ (U+0B92) in font nullfont!
Missing character: There is no ர (U+0BB0) in font nullfont!
Missing character: There is no ு (U+0BC1) in font nullfont!
Missing character: There is no ங (U+0B99) in font nullfont!
Missing character: There is no ் (U+0BCD) in font nullfont!
Missing character: There is no க (U+0B95) in font nullfont!
Missing character: There is no ி (U+0BBF) in font nullfont!
Missing character: There is no ண (U+0BA3) in font nullfont!
Missing character: There is no ை (U+0BC8) in font nullfont!
Missing character: There is no ந (U+0BA8) in font nullfont!
Missing character: There is no ் (U+0BCD) in font nullfont!
Missing character: There is no த (U+0BA4) in font nullfont!
Missing character: There is no உ (U+0B89) in font nullfont!
Missing character: There is no ர (U+0BB0) in font nullfont!
Missing character: There is no ு (U+0BC1) in font nullfont!
Missing character: There is no வ (U+0BB5) in font nullfont!
Missing character: There is no ா (U+0BBE) in font nullfont!
Missing character: There is no க (U+0B95) in font nullfont!
Missing character: There is no ் (U+0BCD) in font nullfont!
Missing character: There is no க (U+0B95) in font nullfont!
Missing character: There is no ம (U+0BAE) in font nullfont!
Missing character: There is no ் (U+0BCD) in font nullfont!
Missing character: There is no ம (U+0BAE) in font nullfont!
Missing character: There is no ற (U+0BB1) in font nullfont!
Missing character: There is no ் (U+0BCD) in font nullfont!
Missing character: There is no ற (U+0BB1) in font nullfont!
Missing character: There is no ு (U+0BC1) in font nullfont!
Missing character: There is no ம (U+0BAE) in font nullfont!
Missing character: There is no ் (U+0BCD) in font nullfont!
Missing character: There is no இ (U+0B87) in font nullfont!
Missing character: There is no ய (U+0BAF) in font nullfont!
Missing character: There is no க (U+0B95) in font nullfont!
Missing character: There is no ் (U+0BCD) in font nullfont!
Missing character: There is no க (U+0B95) in font nullfont!
Missing character: There is no ந (U+0BA8) in font nullfont!
Missing character: There is no ே (U+0BC7) in font nullfont!
Missing character: There is no ர (U+0BB0) in font nullfont!
Missing character: There is no அ (U+0B85) in font nullfont!
Missing character: There is no ம (U+0BAE) in font nullfont!
Missing character: There is no ை (U+0BC8) in font nullfont!
Missing character: There is no ப (U+0BAA) in font nullfont!
Missing character: There is no ் (U+0BCD) in font nullfont!
Missing character: There is no ப (U+0BAA) in font nullfont!
Missing character: There is no ு (U+0BC1) in font nullfont!
Missing character: There is no ஆ (U+0B86) in font nullfont!
Missing character: There is no க (U+0B95) in font nullfont!
Missing character: There is no ு (U+0BC1) in font nullfont!
Missing character: There is no ம (U+0BAE) in font nullfont!
Missing character: There is no ் (U+0BCD) in font nullfont!
Missing character: There is no . (U+002E) in font nullfont!
Missing character: There is no r (U+0072) in font nullfont!
Missing character: There is no o (U+006F) in font nullfont!
Missing character: There is no o (U+006F) in font nullfont!
Missing character: There is no t (U+0074) in font nullfont!
Missing character: There is no f (U+0066) in font nullfont!
Missing character: There is no s (U+0073) in font nullfont!
Missing character: There is no இ (U+0B87) in font nullfont!
Missing character: There is no ல (U+0BB2) in font nullfont!
Missing character: There is no ் (U+0BCD) in font nullfont!
Missing character: There is no த (U+0BA4) in font nullfont!
Missing character: There is no ொ (U+0BCA) in font nullfont!
Missing character: There is no ழ (U+0BB4) in font nullfont!
Missing character: There is no ி (U+0BBF) in font nullfont!
Missing character: There is no ல (U+0BB2) in font nullfont!
Missing character: There is no ் (U+0BCD) in font nullfont!
Missing character: There is no த (U+0BA4) in font nullfont!
Missing character: There is no ு (U+0BC1) in font nullfont!
Missing character: There is no ற (U+0BB1) in font nullfont!
Missing character: There is no ை (U+0BC8) in font nullfont!
Missing character: There is no - (U+002D) in font nullfont!
Missing character: There is no த (U+0BA4) in font nullfont!
Missing character: There is no ர (U+0BB0) in font nullfont!
Missing character: There is no ம (U+0BAE) in font nullfont!
Missing character: There is no ா (U+0BBE) in font nullfont!
Missing character: There is no ன (U+0BA9) in font nullfont!
Missing character: There is no ப (U+0BAA) in font nullfont!
Missing character: There is no ா (U+0BBE) in font nullfont!
Missing character: There is no த (U+0BA4) in font nullfont!
Missing character: There is no ு (U+0BC1) in font nullfont!
Missing character: There is no க (U+0B95) in font nullfont!
Missing character: There is no ா (U+0BBE) in font nullfont!
Missing character: There is no ப (U+0BAA) in font nullfont!
Missing character: There is no ் (U+0BCD) in font nullfont!
Missing character: There is no ப (U+0BAA) in font nullfont!
Missing character: There is no ு (U+0BC1) in font nullfont!
Missing character: There is no க (U+0B95) in font nullfont!
Missing character: There is no ர (U+0BB0) in font nullfont!
Missing character: There is no ு (U+0BC1) in font nullfont!
Missing character: There is no வ (U+0BB5) in font nullfont!
Missing character: There is no ி (U+0BBF) in font nullfont!
Missing character: There is no க (U+0B95) in font nullfont!
Missing character: There is no ள (U+0BB3) in font nullfont!
Missing character: There is no ா (U+0BBE) in font nullfont!
Missing character: There is no ன (U+0BA9) in font nullfont!
Missing character: There is no n (U+006E) in font nullfont!
Missing character: There is no m (U+006D) in font nullfont!
Missing character: There is no a (U+0061) in font nullfont!
Missing character: There is no p (U+0070) in font nullfont!
Missing character: There is no 7 (U+0037) in font nullfont!
Missing character: There is no . (U+002E) in font nullfont!
Missing character: There is no 9 (U+0039) in font nullfont!
Missing character: There is no 9 (U+0039) in font nullfont!
Missing character: There is no , (U+002C) in font nullfont!
Missing character: There is no t (U+0074) in font nullfont!
Missing character: There is no c (U+0063) in font nullfont!
Missing character: There is no p (U+0070) in font nullfont!
Missing character: There is no d (U+0064) in font nullfont!
Missing character: There is no u (U+0075) in font nullfont!
Missing character: There is no m (U+006D) in font nullfont!
Missing character: There is no p (U+0070) in font nullfont!
Missing character: There is no 4 (U+0034) in font nullfont!
Missing character: There is no . (U+002E) in font nullfont!
Missing character: There is no 9 (U+0039) in font nullfont!
Missing character: There is no 9 (U+0039) in font nullfont!
Missing character: There is no . (U+002E) in font nullfont!
Missing character: There is no 6 (U+0036) in font nullfont!
Missing character: There is no , (U+002C) in font nullfont!
Missing character: There is no s (U+0073) in font nullfont!
Missing character: There is no o (U+006F) in font nullfont!
Missing character: There is no c (U+0063) in font nullfont!
Missing character: There is no a (U+0061) in font nullfont!
Missing character: There is no t (U+0074) in font nullfont!
Missing character: There is no 1 (U+0031) in font nullfont!
Missing character: There is no . (U+002E) in font nullfont!
Missing character: There is no 8 (U+0038) in font nullfont!
Missing character: There is no . (U+002E) in font nullfont!
Missing character: There is no 1 (U+0031) in font nullfont!
Missing character: There is no . (U+002E) in font nullfont!
Missing character: There is no 1 (U+0031) in font nullfont!
Missing character: There is no , (U+002C) in font nullfont!
Missing character: There is no ப (U+0BAA) in font nullfont!
Missing character: There is no ை (U+0BC8) in font nullfont!
Missing character: There is no ன (U+0BA9) in font nullfont!
Missing character: There is no ர (U+0BB0) in font nullfont!
Missing character: There is no ி (U+0BBF) in font nullfont!
Missing character: There is no ப (U+0BAA) in font nullfont!
Missing character: There is no க (U+0B95) in font nullfont!
Missing character: There is no ு (U+0BC1) in font nullfont!
Missing character: There is no ப (U+0BAA) in font nullfont!
Missing character: There is no ் (U+0BCD) in font nullfont!
Missing character: There is no ப (U+0BAA) in font nullfont!
Missing character: There is no ா (U+0BBE) in font nullfont!
Missing character: There is no ய (U+0BAF) in font nullfont!
Missing character: There is no ் (U+0BCD) in font nullfont!
Missing character: There is no வ (U+0BB5) in font nullfont!
Missing character: There is no ு (U+0BC1) in font nullfont!
Missing character: There is no ப (U+0BAA) in font nullfont!
Missing character: There is no ய (U+0BAF) in font nullfont!
Missing character: There is no ன (U+0BA9) in font nullfont!
Missing character: There is no ் (U+0BCD) in font nullfont!
Missing character: There is no ப (U+0BAA) in font nullfont!
Missing character: There is no ா (U+0BBE) in font nullfont!
Missing character: There is no ட (U+0B9F) in font nullfont!
Missing character: There is no ு (U+0BC1) in font nullfont!
Missing character: There is no க (U+0B95) in font nullfont!
Missing character: There is no ள (U+0BB3) in font nullfont!
Missing character: There is no ் (U+0BCD) in font nullfont!
Missing character: There is no ( (U+0028) in font nullfont!
Missing character: There is no s (U+0073) in font nullfont!
Missing character: There is no t (U+0074) in font nullfont!
Missing character: There is no r (U+0072) in font nullfont!
Missing character: There is no a (U+0061) in font nullfont!
Missing character: There is no c (U+0063) in font nullfont!
Missing character: There is no e (U+0065) in font nullfont!
Missing character: There is no , (U+002C) in font nullfont!
Missing character: There is no s (U+0073) in font nullfont!
Missing character: There is no t (U+0074) in font nullfont!
Missing character: There is no r (U+0072) in font nullfont!
Missing character: There is no i (U+0069) in font nullfont!
Missing character: There is no n (U+006E) in font nullfont!
Missing character: There is no g (U+0067) in font nullfont!
Missing character: There is no s (U+0073) in font nullfont!
Missing character: There is no , (U+002C) in font nullfont!
Missing character: There is no o (U+006F) in font nullfont!
Missing character: There is no b (U+0062) in font nullfont!
Missing character: There is no j (U+006A) in font nullfont!
Missing character: There is no d (U+0064) in font nullfont!
Missing character: There is no u (U+0075) in font nullfont!
Missing character: There is no m (U+006D) in font nullfont!
Missing character: There is no p (U+0070) in font nullfont!
Missing character: There is no , (U+002C) in font nullfont!
Missing character: There is no r (U+0072) in font nullfont!
Missing character: There is no e (U+0065) in font nullfont!
Missing character: There is no a (U+0061) in font nullfont!
Missing character: There is no d (U+0064) in font nullfont!
Missing character: There is no e (U+0065) in font nullfont!
Missing character: There is no l (U+006C) in font nullfont!
Missing character: There is no f (U+0066) in font nullfont!
Missing character: There is no ) (U+0029) in font nullfont!
Missing character: There is no , (U+002C) in font nullfont!
Missing character: There is no X (U+0058) in font nullfont!
Missing character: There is no 1 (U+0031) in font nullfont!
Missing character: There is no 1 (U+0031) in font nullfont!
Missing character: There is no / (U+002F) in font nullfont!
Missing character: There is no D (U+0044) in font nullfont!
Missing character: There is no W (U+0057) in font nullfont!
Missing character: There is no M (U+004D) in font nullfont!
Missing character: There is no வ (U+0BB5) in font nullfont!
Missing character: There is no ர (U+0BB0) in font nullfont!
Missing character: There is no ை (U+0BC8) in font nullfont!
Missing character: There is no க (U+0B95) in font nullfont!
Missing character: There is no ல (U+0BB2) in font nullfont!
Missing character: There is no ை (U+0BC8) in font nullfont!
Missing character: There is no ச (U+0B9A) in font nullfont!
Missing character: There is no ூ (U+0BC2) in font nullfont!
Missing character: There is no ழ (U+0BB4) in font nullfont!
Missing character: There is no ல (U+0BB2) in font nullfont!
Missing character: There is no ் (U+0BCD) in font nullfont!
Missing character: There is no , (U+002C) in font nullfont!
Missing character: There is no D (U+0044) in font nullfont!
Missing character: There is no r (U+0072) in font nullfont!
Missing character: There is no o (U+006F) in font nullfont!
Missing character: There is no p (U+0070) in font nullfont!
Missing character: There is no b (U+0062) in font nullfont!
Missing character: There is no e (U+0065) in font nullfont!
Missing character: There is no a (U+0061) in font nullfont!
Missing character: There is no r (U+0072) in font nullfont!
Missing character: There is no S (U+0053) in font nullfont!
Missing character: There is no S (U+0053) in font nullfont!
Missing character: There is no H (U+0048) in font nullfont!
Missing character: There is no ம (U+0BAE) in font nullfont!
Missing character: There is no ற (U+0BB1) in font nullfont!
Missing character: There is no ் (U+0BCD) in font nullfont!
Missing character: There is no ற (U+0BB1) in font nullfont!
Missing character: There is no ு (U+0BC1) in font nullfont!
Missing character: There is no ம (U+0BAE) in font nullfont!
Missing character: There is no ் (U+0BCD) in font nullfont!
Missing character: There is no n (U+006E) in font nullfont!
Missing character: There is no f (U+0066) in font nullfont!
Missing character: There is no t (U+0074) in font nullfont!
Missing character: There is no a (U+0061) in font nullfont!
Missing character: There is no b (U+0062) in font nullfont!
Missing character: There is no l (U+006C) in font nullfont!
Missing character: There is no e (U+0065) in font nullfont!
Missing character: There is no s (U+0073) in font nullfont!
Missing character: There is no த (U+0BA4) in font nullfont!
Missing character: There is no ி (U+0BBF) in font nullfont!
Missing character: There is no ட (U+0B9F) in font nullfont!
Missing character: There is no ் (U+0BCD) in font nullfont!
Missing character: There is no ட (U+0B9F) in font nullfont!
Missing character: There is no ச (U+0B9A) in font nullfont!
Missing character: There is no ் (U+0BCD) in font nullfont!
Missing character: There is no ச (U+0B9A) in font nullfont!
Missing character: There is no ு (U+0BC1) in font nullfont!
Missing character: There is no வ (U+0BB5) in font nullfont!
Missing character: There is no ர (U+0BB0) in font nullfont!
Missing character: There is no ் (U+0BCD) in font nullfont!
Missing character: There is no ஆ (U+0B86) in font nullfont!
Missing character: There is no க (U+0B95) in font nullfont!
Missing character: There is no ி (U+0BBF) in font nullfont!
Missing character: There is no ய (U+0BAF) in font nullfont!
Missing character: There is no வ (U+0BB5) in font nullfont!
Missing character: There is no ை (U+0BC8) in font nullfont!
Missing character: There is no உ (U+0B89) in font nullfont!
Missing character: There is no ள (U+0BB3) in font nullfont!
Missing character: There is no ் (U+0BCD) in font nullfont!
Missing character: There is no ள (U+0BB3) in font nullfont!
Missing character: There is no ன (U+0BA9) in font nullfont!
Missing character: There is no . (U+002E) in font nullfont!
Missing character: There is no அ (U+0B85) in font nullfont!
Missing character: There is no ண (U+0BA3) in font nullfont!
Missing character: There is no ு (U+0BC1) in font nullfont!
Missing character: There is no க (U+0B95) in font nullfont!
Missing character: There is no ் (U+0BCD) in font nullfont!
Missing character: There is no க (U+0B95) in font nullfont!
Missing character: There is no ர (U+0BB0) in font nullfont!
Missing character: There is no ு (U+0BC1) in font nullfont!
Missing character: There is no C (U+0043) in font nullfont!
Missing character: There is no O (U+004F) in font nullfont!
Missing character: There is no N (U+004E) in font nullfont!
Missing character: There is no F (U+0046) in font nullfont!
Missing character: There is no I (U+0049) in font nullfont!
Missing character: There is no G (U+0047) in font nullfont!
Missing character: There is no P (U+0050) in font nullfont!
Missing character: There is no A (U+0041) in font nullfont!
Missing character: There is no C (U+0043) in font nullfont!
Missing character: There is no K (U+004B) in font nullfont!
Missing character: There is no E (U+0045) in font nullfont!
Missing character: There is no T (U+0054) in font nullfont!
Missing character: There is no , (U+002C) in font nullfont!
Missing character: There is no C (U+0043) in font nullfont!
Missing character: There is no O (U+004F) in font nullfont!
Missing character: There is no N (U+004E) in font nullfont!
Missing character: There is no F (U+0046) in font nullfont!
Missing character: There is no I (U+0049) in font nullfont!
Missing character: There is no G (U+0047) in font nullfont!
Missing character: There is no T (U+0054) in font nullfont!
Missing character: There is no U (U+0055) in font nullfont!
Missing character: There is no N (U+004E) in font nullfont!
Missing character: There is no , (U+002C) in font nullfont!
Missing character: There is no C (U+0043) in font nullfont!
Missing character: There is no O (U+004F) in font nullfont!
Missing character: There is no N (U+004E) in font nullfont!
Missing character: There is no F (U+0046) in font nullfont!
Missing character: There is no I (U+0049) in font nullfont!
Missing character: There is no G (U+0047) in font nullfont!
Missing character: There is no B (U+0042) in font nullfont!
Missing character: There is no P (U+0050) in font nullfont!
Missing character: There is no F (U+0046) in font nullfont!
Missing character: There is no S (U+0053) in font nullfont!
Missing character: There is no Y (U+0059) in font nullfont!
Missing character: There is no S (U+0053) in font nullfont!
Missing character: There is no C (U+0043) in font nullfont!
Missing character: There is no A (U+0041) in font nullfont!
Missing character: There is no L (U+004C) in font nullfont!
Missing character: There is no L (U+004C) in font nullfont!
Missing character: There is no , (U+002C) in font nullfont!
Missing character: There is no C (U+0043) in font nullfont!
Missing character: There is no O (U+004F) in font nullfont!
Missing character: There is no N (U+004E) in font nullfont!
Missing character: There is no F (U+0046) in font nullfont!
Missing character: There is no I (U+0049) in font nullfont!
Missing character: There is no G (U+0047) in font nullfont!
Missing character: There is no M (U+004D) in font nullfont!
Missing character: There is no A (U+0041) in font nullfont!
Missing character: There is no C (U+0043) in font nullfont!
Missing character: There is no 8 (U+0038) in font nullfont!
Missing character: There is no 0 (U+0030) in font nullfont!
Missing character: There is no 2 (U+0032) in font nullfont!
Missing character: There is no 1 (U+0031) in font nullfont!
Missing character: There is no 1 (U+0031) in font nullfont!
Missing character: There is no ம (U+0BAE) in font nullfont!
Missing character: There is no ற (U+0BB1) in font nullfont!
Missing character: There is no ் (U+0BCD) in font nullfont!
Missing character: There is no ற (U+0BB1) in font nullfont!
Missing character: There is no ு (U+0BC1) in font nullfont!
Missing character: There is no ம (U+0BAE) in font nullfont!
Missing character: There is no ் (U+0BCD) in font nullfont!
Missing character: There is no ந (U+0BA8) in font nullfont!
Missing character: There is no ெ (U+0BC6) in font nullfont!
Missing character: There is no ட (U+0B9F) in font nullfont!
Missing character: There is no ் (U+0BCD) in font nullfont!
Missing character: There is no வ (U+0BB5) in font nullfont!
Missing character: There is no ொ (U+0BCA) in font nullfont!
Missing character: There is no ர (U+0BB0) in font nullfont!
Missing character: There is no ் (U+0BCD) in font nullfont!
Missing character: There is no க (U+0B95) in font nullfont!
Missing character: There is no ் (U+0BCD) in font nullfont!
Missing character: There is no ப (U+0BAA) in font nullfont!
Missing character: There is no ெ (U+0BC6) in font nullfont!
Missing character: There is no ய (U+0BAF) in font nullfont!
Missing character: There is no ர (U+0BB0) in font nullfont!
Missing character: There is no ் (U+0BCD) in font nullfont!
Missing character: There is no வ (U+0BB5) in font nullfont!
Missing character: There is no ெ (U+0BC6) in font nullfont!
Missing character: There is no ள (U+0BB3) in font nullfont!
Missing character: There is no ி (U+0BBF) in font nullfont!
Missing character: There is no ஆ (U+0B86) in font nullfont!
Missing character: There is no த (U+0BA4) in font nullfont!
Missing character: There is no ர (U+0BB0) in font nullfont!
Missing character: There is no வ (U+0BB5) in font nullfont!
Missing character: There is no ு (U+0BC1) in font nullfont!
Missing character: There is no ட (U+0B9F) in font nullfont!
Missing character: There is no ன (U+0BA9) in font nullfont!
Missing character: There is no ் (U+0BCD) in font nullfont!
Missing character: There is no க (U+0B95) in font nullfont!
Missing character: There is no ட (U+0B9F) in font nullfont!
Missing character: There is no ் (U+0BCD) in font nullfont!
Missing character: There is no ட (U+0B9F) in font nullfont!
Missing character: There is no ம (U+0BAE) in font nullfont!
Missing character: There is no ை (U+0BC8) in font nullfont!
Missing character: There is no க (U+0B95) in font nullfont!
Missing character: There is no ் (U+0BCD) in font nullfont!
Missing character: There is no க (U+0B95) in font nullfont!
Missing character: There is no ப (U+0BAA) in font nullfont!
Missing character: There is no ் (U+0BCD) in font nullfont!
Missing character: There is no ப (U+0BAA) in font nullfont!
Missing character: There is no ட (U+0B9F) in font nullfont!
Missing character: There is no ் (U+0BCD) in font nullfont!
Missing character: There is no ட (U+0B9F) in font nullfont!
Missing character: There is no ு (U+0BC1) in font nullfont!
Missing character: There is no ம (U+0BAE) in font nullfont!
Missing character: There is no ு (U+0BC1) in font nullfont!
Missing character: There is no ழ (U+0BB4) in font nullfont!
Missing character: There is no ு (U+0BC1) in font nullfont!
Missing character: There is no த (U+0BA4) in font nullfont!
Missing character: There is no ொ (U+0BCA) in font nullfont!
Missing character: There is no ழ (U+0BB4) in font nullfont!
Missing character: There is no ி (U+0BBF) in font nullfont!
Missing character: There is no ல (U+0BB2) in font nullfont!
Missing character: There is no ் (U+0BCD) in font nullfont!
Missing character: There is no ம (U+0BAE) in font nullfont!
Missing character: There is no ு (U+0BC1) in font nullfont!
Missing character: There is no ற (U+0BB1) in font nullfont!
Missing character: There is no ை (U+0BC8) in font nullfont!
Missing character: There is no ப (U+0BAA) in font nullfont!
Missing character: There is no ா (U+0BBE) in font nullfont!
Missing character: There is no த (U+0BA4) in font nullfont!
Missing character: There is no ு (U+0BC1) in font nullfont!
Missing character: There is no க (U+0B95) in font nullfont!
Missing character: There is no ா (U+0BBE) in font nullfont!
Missing character: There is no ப (U+0BAA) in font nullfont!
Missing character: There is no ் (U+0BCD) in font nullfont!
Missing character: There is no ப (U+0BAA) in font nullfont!
Missing character: There is no ு (U+0BC1) in font nullfont!
Missing character: There is no க (U+0B95) in font nullfont!
Missing character: There is no ் (U+0BCD) in font nullfont!
Missing character: There is no க (U+0B95) in font nullfont!
Missing character: There is no ர (U+0BB0) in font nullfont!
Missing character: There is no ு (U+0BC1) in font nullfont!
Missing character: There is no வ (U+0BB5) in font nullfont!
Missing character: There is no ி (U+0BBF) in font nullfont!
Missing character: There is no த (U+0BA4) in font nullfont!
Missing character: There is no ் (U+0BCD) in font nullfont!
Missing character: There is no த (U+0BA4) in font nullfont!
Missing character: There is no ொ (U+0BCA) in font nullfont!
Missing character: There is no க (U+0B95) in font nullfont!
Missing character: There is no ு (U+0BC1) in font nullfont!
Missing character: There is no ப (U+0BAA) in font nullfont!
Missing character: There is no ் (U+0BCD) in font nullfont!
Missing character: There is no ப (U+0BAA) in font nullfont!
Missing character: There is no ை (U+0BC8) in font nullfont!
Missing character: There is no இ (U+0B87) in font nullfont!
Missing character: There is no ய (U+0BAF) in font nullfont!
Missing character: There is no க (U+0B95) in font nullfont!
Missing character: There is no ் (U+0BCD) in font nullfont!
Missing character: There is no க (U+0B95) in font nullfont!
Missing character: There is no உ (U+0B89) in font nullfont!
Missing character: There is no த (U+0BA4) in font nullfont!
Missing character: There is no வ (U+0BB5) in font nullfont!
Missing character: There is no ு (U+0BC1) in font nullfont!
Missing character: There is no க (U+0B95) in font nullfont!
Missing character: There is no ி (U+0BBF) in font nullfont!
Missing character: There is no ற (U+0BB1) in font nullfont!
Missing character: There is no த (U+0BA4) in font nullfont!
Missing character: There is no ு (U+0BC1) in font nullfont!
Missing character: There is no . (U+002E) in font nullfont!
Missing character: There is no C (U+0043) in font nullfont!
Missing character: There is no o (U+006F) in font nullfont!
Missing character: There is no g (U+0067) in font nullfont!
Missing character: There is no m (U+006D) in font nullfont!
Missing character: There is no a (U+0061) in font nullfont!
Missing character: There is no n (U+006E) in font nullfont!
Missing character: There is no க (U+0B95) in font nullfont!
Missing character: There is no ர (U+0BB0) in font nullfont!
Missing character: There is no ு (U+0BC1) in font nullfont!
Missing character: There is no வ (U+0BB5) in font nullfont!
Missing character: There is no ி (U+0BBF) in font nullfont!
Missing character: There is no த (U+0BA4) in font nullfont!
Missing character: There is no ் (U+0BCD) in font nullfont!
Missing character: There is no த (U+0BA4) in font nullfont!
Missing character: There is no ொ (U+0BCA) in font nullfont!
Missing character: There is no க (U+0B95) in font nullfont!
Missing character: There is no ு (U+0BC1) in font nullfont!
Missing character: There is no ப (U+0BAA) in font nullfont!
Missing character: There is no ் (U+0BCD) in font nullfont!
Missing character: There is no ப (U+0BAA) in font nullfont!
Missing character: There is no ு (U+0BC1) in font nullfont!
Missing character: There is no வ (U+0BB5) in font nullfont!
Missing character: There is no ெ (U+0BC6) in font nullfont!
Missing character: There is no ள (U+0BB3) in font nullfont!
Missing character: There is no ி (U+0BBF) in font nullfont!
Missing character: There is no ச (U+0B9A) in font nullfont!
Missing character: There is no ா (U+0BBE) in font nullfont!
Missing character: There is no ர (U+0BB0) in font nullfont!
Missing character: There is no ் (U+0BCD) in font nullfont!
Missing character: There is no ப (U+0BAA) in font nullfont!
Missing character: There is no ு (U+0BC1) in font nullfont!
Missing character: There is no இ (U+0B87) in font nullfont!
Missing character: There is no ல (U+0BB2) in font nullfont!
Missing character: There is no ் (U+0BCD) in font nullfont!
Missing character: There is no ல (U+0BB2) in font nullfont!
Missing character: There is no ா (U+0BBE) in font nullfont!
Missing character: There is no ம (U+0BAE) in font nullfont!
Missing character: There is no ல (U+0BB2) in font nullfont!
Missing character: There is no ் (U+0BCD) in font nullfont!
Missing character: There is no உ (U+0B89) in font nullfont!
Missing character: There is no ர (U+0BB0) in font nullfont!
Missing character: There is no ு (U+0BC1) in font nullfont!
Missing character: There is no வ (U+0BB5) in font nullfont!
Missing character: There is no ா (U+0BBE) in font nullfont!
Missing character: There is no க (U+0B95) in font nullfont!
Missing character: There is no ் (U+0BCD) in font nullfont!
Missing character: There is no க (U+0B95) in font nullfont!
Missing character: There is no ம (U+0BAE) in font nullfont!
Missing character: There is no ் (U+0BCD) in font nullfont!
Missing character: There is no ம (U+0BAE) in font nullfont!
Missing character: There is no ற (U+0BB1) in font nullfont!
Missing character: There is no ் (U+0BCD) in font nullfont!
Missing character: There is no ற (U+0BB1) in font nullfont!
Missing character: There is no ு (U+0BC1) in font nullfont!
Missing character: There is no ம (U+0BAE) in font nullfont!
Missing character: There is no ் (U+0BCD) in font nullfont!
Missing character: There is no இ (U+0B87) in font nullfont!
Missing character: There is no ய (U+0BAF) in font nullfont!
Missing character: There is no க (U+0B95) in font nullfont!
Missing character: There is no ் (U+0BCD) in font nullfont!
Missing character: There is no க (U+0B95) in font nullfont!
Missing character: There is no ந (U+0BA8) in font nullfont!
Missing character: There is no ே (U+0BC7) in font nullfont!
Missing character: There is no ர (U+0BB0) in font nullfont!
Missing character: There is no க (U+0B95) in font nullfont!
Missing character: There is no ட (U+0B9F) in font nullfont!
Missing character: There is no ் (U+0BCD) in font nullfont!
Missing character: There is no ட (U+0B9F) in font nullfont!
Missing character: There is no ங (U+0B99) in font nullfont!
Missing character: There is no ் (U+0BCD) in font nullfont!
Missing character: There is no க (U+0B95) in font nullfont!
Missing character: There is no ள (U+0BB3) in font nullfont!
Missing character: There is no ை (U+0BC8) in font nullfont!
Missing character: There is no ஒ (U+0B92) in font nullfont!
Missing character: There is no ர (U+0BB0) in font nullfont!
Missing character: There is no ு (U+0BC1) in font nullfont!
Missing character: There is no ங (U+0B99) in font nullfont!
Missing character: There is no ் (U+0BCD) in font nullfont!
Missing character: There is no க (U+0B95) in font nullfont!
Missing character: There is no ி (U+0BBF) in font nullfont!
Missing character: There is no ண (U+0BA3) in font nullfont!
Missing character: There is no ை (U+0BC8) in font nullfont!
Missing character: There is no க (U+0B95) in font nullfont!
Missing character: There is no ் (U+0BCD) in font nullfont!
Missing character: There is no க (U+0B95) in font nullfont!
Missing character: There is no ி (U+0BBF) in font nullfont!
Missing character: There is no ற (U+0BB1) in font nullfont!
Missing character: There is no த (U+0BA4) in font nullfont!
Missing character: There is no ு (U+0BC1) in font nullfont!
Missing character: There is no . (U+002E) in font nullfont!
Missing character: There is no c (U+0063) in font nullfont!
Missing character: There is no o (U+006F) in font nullfont!
Missing character: There is no g (U+0067) in font nullfont!
Missing character: There is no m (U+006D) in font nullfont!
Missing character: There is no a (U+0061) in font nullfont!
Missing character: There is no n (U+006E) in font nullfont!
Missing character: There is no - (U+002D) in font nullfont!
Missing character: There is no p (U+0070) in font nullfont!
Missing character: There is no l (U+006C) in font nullfont!
Missing character: There is no a (U+0061) in font nullfont!
Missing character: There is no n (U+006E) in font nullfont!
Missing character: There is no n (U+006E) in font nullfont!
Missing character: There is no e (U+0065) in font nullfont!
Missing character: There is no r (U+0072) in font nullfont!
Missing character: There is no ( (U+0028) in font nullfont!
Missing character: There is no R (U+0052) in font nullfont!
Missing character: There is no u (U+0075) in font nullfont!
Missing character: There is no s (U+0073) in font nullfont!
Missing character: There is no t (U+0074) in font nullfont!
Missing character: There is no ) (U+0029) in font nullfont!
Missing character: There is no அ (U+0B85) in font nullfont!
Missing character: There is no ற (U+0BB1) in font nullfont!
Missing character: There is no ி (U+0BBF) in font nullfont!
Missing character: There is no வ (U+0BB5) in font nullfont!
Missing character: There is no ி (U+0BBF) in font nullfont!
Missing character: There is no ப (U+0BAA) in font nullfont!
Missing character: There is no ் (U+0BCD) in font nullfont!
Missing character: There is no ப (U+0BAA) in font nullfont!
Missing character: There is no ு (U+0BC1) in font nullfont!
Missing character: There is no வ (U+0BB5) in font nullfont!
Missing character: There is no ட (U+0B9F) in font nullfont!
Missing character: There is no ி (U+0BBF) in font nullfont!
Missing character: There is no வ (U+0BB5) in font nullfont!
Missing character: There is no T (U+0054) in font nullfont!
Missing character: There is no O (U+004F) in font nullfont!
Missing character: There is no M (U+004D) in font nullfont!
Missing character: There is no L (U+004C) in font nullfont!
Missing character: There is no த (U+0BA4) in font nullfont!
Missing character: There is no ொ (U+0BCA) in font nullfont!
Missing character: There is no க (U+0B95) in font nullfont!
Missing character: There is no ு (U+0BC1) in font nullfont!
Missing character: There is no ப (U+0BAA) in font nullfont!
Missing character: There is no ் (U+0BCD) in font nullfont!
Missing character: There is no ப (U+0BAA) in font nullfont!
Missing character: There is no ு (U+0BC1) in font nullfont!
Missing character: There is no வ (U+0BB5) in font nullfont!
Missing character: There is no ர (U+0BB0) in font nullfont!
Missing character: There is no ை (U+0BC8) in font nullfont!
Missing character: There is no ய (U+0BAF) in font nullfont!
Missing character: There is no ற (U+0BB1) in font nullfont!
Missing character: There is no ை (U+0BC8) in font nullfont!
Missing character: There is no க (U+0B95) in font nullfont!
Missing character: There is no ள (U+0BB3) in font nullfont!
Missing character: There is no ை (U+0BC8) in font nullfont!
Missing character: There is no D (U+0044) in font nullfont!
Missing character: There is no A (U+0041) in font nullfont!
Missing character: There is no G (U+0047) in font nullfont!
Missing character: There is no அ (U+0B85) in font nullfont!
Missing character: There is no ட (U+0B9F) in font nullfont!
Missing character: There is no ி (U+0BBF) in font nullfont!
Missing character: There is no ப (U+0BAA) in font nullfont!
Missing character: There is no ் (U+0BCD) in font nullfont!
Missing character: There is no ப (U+0BAA) in font nullfont!
Missing character: There is no ட (U+0B9F) in font nullfont!
Missing character: There is no ை (U+0BC8) in font nullfont!
Missing character: There is no ய (U+0BAF) in font nullfont!
Missing character: There is no ி (U+0BBF) in font nullfont!
Missing character: There is no ல (U+0BB2) in font nullfont!
Missing character: There is no ா (U+0BBE) in font nullfont!
Missing character: There is no ன (U+0BA9) in font nullfont!
Missing character: There is no இ (U+0B87) in font nullfont!
Missing character: There is no ட (U+0B9F) in font nullfont!
Missing character: There is no வ (U+0BB5) in font nullfont!
Missing character: There is no ர (U+0BB0) in font nullfont!
Missing character: There is no ி (U+0BBF) in font nullfont!
Missing character: There is no ச (U+0B9A) in font nullfont!
Missing character: There is no ை (U+0BC8) in font nullfont!
Missing character: There is no வ (U+0BB5) in font nullfont!
Missing character: There is no ர (U+0BB0) in font nullfont!
Missing character: There is no ி (U+0BBF) in font nullfont!
Missing character: There is no ச (U+0B9A) in font nullfont!
Missing character: There is no ை (U+0BC8) in font nullfont!
Missing character: There is no ப (U+0BAA) in font nullfont!
Missing character: There is no ் (U+0BCD) in font nullfont!
Missing character: There is no ப (U+0BAA) in font nullfont!
Missing character: There is no ட (U+0B9F) in font nullfont!
Missing character: There is no ு (U+0BC1) in font nullfont!
Missing character: There is no த (U+0BA4) in font nullfont!
Missing character: There is no ் (U+0BCD) in font nullfont!
Missing character: There is no த (U+0BA4) in font nullfont!
Missing character: There is no ல (U+0BB2) in font nullfont!
Missing character: There is no ் (U+0BCD) in font nullfont!
Missing character: There is no ம (U+0BAE) in font nullfont!
Missing character: There is no ூ (U+0BC2) in font nullfont!
Missing character: There is no ல (U+0BB2) in font nullfont!
Missing character: There is no ம (U+0BAE) in font nullfont!
Missing character: There is no ் (U+0BCD) in font nullfont!
Missing character: There is no C (U+0043) in font nullfont!
Missing character: There is no G (U+0047) in font nullfont!
Missing character: There is no M (U+004D) in font nullfont!
Missing character: There is no 2 (U+0032) in font nullfont!
Missing character: There is no P (U+0050) in font nullfont!
Missing character: There is no L (U+004C) in font nullfont!
Missing character: There is no A (U+0041) in font nullfont!
Missing character: There is no N (U+004E) in font nullfont!
Missing character: There is no வ (U+0BB5) in font nullfont!
Missing character: There is no ட (U+0B9F) in font nullfont!
Missing character: There is no ி (U+0BBF) in font nullfont!
Missing character: There is no வ (U+0BB5) in font nullfont!
Missing character: There is no ப (U+0BAA) in font nullfont!
Missing character: There is no ை (U+0BC8) in font nullfont!
Missing character: There is no ன (U+0BA9) in font nullfont!
Missing character: There is no ர (U+0BB0) in font nullfont!
Missing character: There is no ி (U+0BBF) in font nullfont!
Missing character: There is no ச (U+0B9A) in font nullfont!
Missing character: There is no ெ (U+0BC6) in font nullfont!
Missing character: There is no ய (U+0BAF) in font nullfont!
Missing character: There is no ல (U+0BB2) in font nullfont!
Missing character: There is no ் (U+0BCD) in font nullfont!
Missing character: There is no த (U+0BA4) in font nullfont!
Missing character: There is no ி (U+0BBF) in font nullfont!
Missing character: There is no ட (U+0B9F) in font nullfont!
Missing character: There is no ் (U+0BCD) in font nullfont!
Missing character: There is no ட (U+0B9F) in font nullfont!
Missing character: There is no ங (U+0B99) in font nullfont!
Missing character: There is no ் (U+0BCD) in font nullfont!
Missing character: There is no க (U+0B95) in font nullfont!
Missing character: There is no ள (U+0BB3) in font nullfont!
Missing character: There is no ா (U+0BBE) in font nullfont!
Missing character: There is no க (U+0B95) in font nullfont!
Missing character: There is no த (U+0BA4) in font nullfont!
Missing character: There is no ொ (U+0BCA) in font nullfont!
Missing character: There is no க (U+0B95) in font nullfont!
Missing character: There is no ு (U+0BC1) in font nullfont!
Missing character: There is no க (U+0B95) in font nullfont!
Missing character: There is no ் (U+0BCD) in font nullfont!
Missing character: There is no க (U+0B95) in font nullfont!
Missing character: There is no ி (U+0BBF) in font nullfont!
Missing character: There is no ற (U+0BB1) in font nullfont!
Missing character: There is no த (U+0BA4) in font nullfont!
Missing character: There is no ு (U+0BC1) in font nullfont!
Missing character: There is no . (U+002E) in font nullfont!
Missing character: There is no c (U+0063) in font nullfont!
Missing character: There is no o (U+006F) in font nullfont!
Missing character: There is no g (U+0067) in font nullfont!
Missing character: There is no m (U+006D) in font nullfont!
Missing character: There is no a (U+0061) in font nullfont!
Missing character: There is no n (U+006E) in font nullfont!
Missing character: There is no - (U+002D) in font nullfont!
Missing character: There is no e (U+0065) in font nullfont!
Missing character: There is no x (U+0078) in font nullfont!
Missing character: There is no e (U+0065) in font nullfont!
Missing character: There is no c (U+0063) in font nullfont!
Missing character: There is no u (U+0075) in font nullfont!
Missing character: There is no t (U+0074) in font nullfont!
Missing character: There is no o (U+006F) in font nullfont!
Missing character: There is no r (U+0072) in font nullfont!
Missing character: There is no ( (U+0028) in font nullfont!
Missing character: There is no C (U+0043) in font nullfont!
Missing character: There is no 1 (U+0031) in font nullfont!
Missing character: There is no 1 (U+0031) in font nullfont!
Missing character: There is no ) (U+0029) in font nullfont!
Missing character: There is no ச (U+0B9A) in font nullfont!
Missing character: There is no ெ (U+0BC6) in font nullfont!
Missing character: There is no ய (U+0BAF) in font nullfont!
Missing character: There is no ல (U+0BB2) in font nullfont!
Missing character: There is no ் (U+0BCD) in font nullfont!
Missing character: There is no த (U+0BA4) in font nullfont!
Missing character: There is no ி (U+0BBF) in font nullfont!
Missing character: There is no ட (U+0B9F) in font nullfont!
Missing character: There is no ் (U+0BCD) in font nullfont!
Missing character: There is no ட (U+0B9F) in font nullfont!
Missing character: There is no த (U+0BA4) in font nullfont!
Missing character: There is no ் (U+0BCD) in font nullfont!
Missing character: There is no த (U+0BA4) in font nullfont!
Missing character: There is no ை (U+0BC8) in font nullfont!
Missing character: There is no ந (U+0BA8) in font nullfont!
Missing character: There is no ி (U+0BBF) in font nullfont!
Missing character: There is no ன (U+0BA9) in font nullfont!
Missing character: There is no ை (U+0BC8) in font nullfont!
Missing character: There is no வ (U+0BB5) in font nullfont!
Missing character: There is no க (U+0B95) in font nullfont!
Missing character: There is no வ (U+0BB5) in font nullfont!
Missing character: There is no ர (U+0BB0) in font nullfont!
Missing character: There is no ை (U+0BC8) in font nullfont!
Missing character: There is no ப (U+0BAA) in font nullfont!
Missing character: There is no ட (U+0B9F) in font nullfont!
Missing character: There is no ம (U+0BAE) in font nullfont!
Missing character: There is no ் (U+0BCD) in font nullfont!
Missing character: There is no ச (U+0B9A) in font nullfont!
Missing character: There is no ெ (U+0BC6) in font nullfont!
Missing character: There is no ய (U+0BAF) in font nullfont!
Missing character: There is no ் (U+0BCD) in font nullfont!
Missing character: There is no த (U+0BA4) in font nullfont!
Missing character: There is no ு (U+0BC1) in font nullfont!
Missing character: There is no ஒ (U+0B92) in font nullfont!
Missing character: There is no வ (U+0BB5) in font nullfont!
Missing character: There is no ் (U+0BCD) in font nullfont!
Missing character: There is no வ (U+0BB5) in font nullfont!
Missing character: There is no ொ (U+0BCA) in font nullfont!
Missing character: There is no ர (U+0BB0) in font nullfont!
Missing character: There is no ு (U+0BC1) in font nullfont!
Missing character: There is no ந (U+0BA8) in font nullfont!
Missing character: There is no க (U+0B95) in font nullfont!
Missing character: There is no ல (U+0BB2) in font nullfont!
Missing character: There is no ் (U+0BCD) in font nullfont!
Missing character: There is no ச (U+0B9A) in font nullfont!
Missing character: There is no ெ (U+0BC6) in font nullfont!
Missing character: There is no ய (U+0BAF) in font nullfont!
Missing character: There is no ல (U+0BB2) in font nullfont!
Missing character: There is no ் (U+0BCD) in font nullfont!
Missing character: There is no ப (U+0BAA) in font nullfont!
Missing character: There is no ா (U+0BBE) in font nullfont!
Missing character: There is no ட (U+0B9F) in font nullfont!
Missing character: There is no ் (U+0BCD) in font nullfont!
Missing character: There is no ட (U+0B9F) in font nullfont!
Missing character: There is no ி (U+0BBF) in font nullfont!
Missing character: There is no ல (U+0BB2) in font nullfont!
Missing character: There is no ு (U+0BC1) in font nullfont!
Missing character: There is no ம (U+0BAE) in font nullfont!
Missing character: There is no ் (U+0BCD) in font nullfont!
Missing character: There is no ப (U+0BAA) in font nullfont!
Missing character: There is no ா (U+0BBE) in font nullfont!
Missing character: There is no த (U+0BA4) in font nullfont!
Missing character: There is no ை (U+0BC8) in font nullfont!
Missing character: There is no க (U+0B95) in font nullfont!
Missing character: There is no ட (U+0B9F) in font nullfont!
Missing character: There is no ப (U+0BAA) in font nullfont!
Missing character: There is no ் (U+0BCD) in font nullfont!
Missing character: There is no ப (U+0BAA) in font nullfont!
Missing character: There is no ு (U+0BC1) in font nullfont!
Missing character: There is no ப (U+0BAA) in font nullfont!
Missing character: There is no ா (U+0BBE) in font nullfont!
Missing character: There is no த (U+0BA4) in font nullfont!
Missing character: There is no ு (U+0BC1) in font nullfont!
Missing character: There is no க (U+0B95) in font nullfont!
Missing character: There is no ா (U+0BBE) in font nullfont!
Missing character: There is no ப (U+0BAA) in font nullfont!
Missing character: There is no ் (U+0BCD) in font nullfont!
Missing character: There is no ப (U+0BAA) in font nullfont!
Missing character: There is no ு (U+0BC1) in font nullfont!
Missing character: There is no ட (U+0B9F) in font nullfont!
Missing character: There is no ன (U+0BA9) in font nullfont!
Missing character: There is no ் (U+0BCD) in font nullfont!
Missing character: There is no ச (U+0B9A) in font nullfont!
Missing character: There is no ெ (U+0BC6) in font nullfont!
Missing character: There is no ய (U+0BAF) in font nullfont!
Missing character: There is no ல (U+0BB2) in font nullfont!
Missing character: There is no ் (U+0BCD) in font nullfont!
Missing character: There is no ப (U+0BAA) in font nullfont!
Missing character: There is no ட (U+0B9F) in font nullfont!
Missing character: There is no ு (U+0BC1) in font nullfont!
Missing character: There is no த (U+0BA4) in font nullfont!
Missing character: There is no ் (U+0BCD) in font nullfont!
Missing character: There is no த (U+0BA4) in font nullfont!
Missing character: There is no ு (U+0BC1) in font nullfont!
Missing character: There is no க (U+0B95) in font nullfont!
Missing character: There is no ி (U+0BBF) in font nullfont!
Missing character: There is no ற (U+0BB1) in font nullfont!
Missing character: There is no த (U+0BA4) in font nullfont!
Missing character: There is no ு (U+0BC1) in font nullfont!
Missing character: There is no . (U+002E) in font nullfont!
Missing character: There is no c (U+0063) in font nullfont!
Missing character: There is no o (U+006F) in font nullfont!
Missing character: There is no g (U+0067) in font nullfont!
Missing character: There is no m (U+006D) in font nullfont!
Missing character: There is no a (U+0061) in font nullfont!
Missing character: There is no n (U+006E) in font nullfont!
Missing character: There is no - (U+002D) in font nullfont!
Missing character: There is no s (U+0073) in font nullfont!
Missing character: There is no u (U+0075) in font nullfont!
Missing character: There is no p (U+0070) in font nullfont!
Missing character: There is no e (U+0065) in font nullfont!
Missing character: There is no r (U+0072) in font nullfont!
Missing character: There is no v (U+0076) in font nullfont!
Missing character: There is no i (U+0069) in font nullfont!
Missing character: There is no s (U+0073) in font nullfont!
Missing character: There is no o (U+006F) in font nullfont!
Missing character: There is no r (U+0072) in font nullfont!
Missing character: There is no P (U+0050) in font nullfont!
Missing character: There is no I (U+0049) in font nullfont!
Missing character: There is no D (U+0044) in font nullfont!
Missing character: There is no 1 (U+0031) in font nullfont!
Missing character: There is no ஆ (U+0B86) in font nullfont!
Missing character: There is no க (U+0B95) in font nullfont!
Missing character: There is no ச (U+0B9A) in font nullfont!
Missing character: There is no ெ (U+0BC6) in font nullfont!
Missing character: There is no ய (U+0BAF) in font nullfont!
Missing character: There is no ல (U+0BB2) in font nullfont!
Missing character: There is no ் (U+0BCD) in font nullfont!
Missing character: There is no ப (U+0BAA) in font nullfont!
Missing character: There is no ட (U+0B9F) in font nullfont!
Missing character: There is no ் (U+0BCD) in font nullfont!
Missing character: There is no ட (U+0B9F) in font nullfont!
Missing character: There is no ு (U+0BC1) in font nullfont!
Missing character: There is no , (U+002C) in font nullfont!
Missing character: There is no S (U+0053) in font nullfont!
Missing character: There is no I (U+0049) in font nullfont!
Missing character: There is no G (U+0047) in font nullfont!
Missing character: There is no C (U+0043) in font nullfont!
Missing character: There is no H (U+0048) in font nullfont!
Missing character: There is no L (U+004C) in font nullfont!
Missing character: There is no D (U+0044) in font nullfont!
Missing character: There is no ச (U+0B9A) in font nullfont!
Missing character: There is no ு (U+0BC1) in font nullfont!
Missing character: There is no ய (U+0BAF) in font nullfont!
Missing character: There is no - (U+002D) in font nullfont!
Missing character: There is no க (U+0B95) in font nullfont!
Missing character: There is no ு (U+0BC1) in font nullfont!
Missing character: There is no ழ (U+0BB4) in font nullfont!
Missing character: There is no ா (U+0BBE) in font nullfont!
Missing character: There is no ய (U+0BAF) in font nullfont!
Missing character: There is no ் (U+0BCD) in font nullfont!
Missing character: There is no க (U+0B95) in font nullfont!
Missing character: There is no ு (U+0BC1) in font nullfont!
Missing character: There is no ழ (U+0BB4) in font nullfont!
Missing character: There is no ந (U+0BA8) in font nullfont!
Missing character: There is no ் (U+0BCD) in font nullfont!
Missing character: There is no த (U+0BA4) in font nullfont!
Missing character: There is no ை (U+0BC8) in font nullfont!
Missing character: There is no அ (U+0B85) in font nullfont!
Missing character: There is no ற (U+0BB1) in font nullfont!
Missing character: There is no ு (U+0BC1) in font nullfont!
Missing character: There is no வ (U+0BB5) in font nullfont!
Missing character: There is no ட (U+0B9F) in font nullfont!
Missing character: There is no ை (U+0BC8) in font nullfont!
Missing character: There is no , (U+002C) in font nullfont!
Missing character: There is no ச (U+0B9A) in font nullfont!
Missing character: There is no ா (U+0BBE) in font nullfont!
Missing character: There is no ர (U+0BB0) in font nullfont!
Missing character: There is no ் (U+0BCD) in font nullfont!
Missing character: There is no ப (U+0BAA) in font nullfont!
Missing character: There is no ு (U+0BC1) in font nullfont!
Missing character: There is no வ (U+0BB5) in font nullfont!
Missing character: There is no ர (U+0BB0) in font nullfont!
Missing character: There is no ி (U+0BBF) in font nullfont!
Missing character: There is no ச (U+0B9A) in font nullfont!
Missing character: There is no ை (U+0BC8) in font nullfont!
Missing character: There is no த (U+0BA4) in font nullfont!
Missing character: There is no ொ (U+0BCA) in font nullfont!
Missing character: There is no ட (U+0B9F) in font nullfont!
Missing character: There is no க (U+0B95) in font nullfont!
Missing character: There is no ் (U+0BCD) in font nullfont!
Missing character: There is no க (U+0B95) in font nullfont!
Missing character: There is no ம (U+0BAE) in font nullfont!
Missing character: There is no ் (U+0BCD) in font nullfont!
Missing character: There is no ம (U+0BAE) in font nullfont!
Missing character: There is no ற (U+0BB1) in font nullfont!
Missing character: There is no ் (U+0BCD) in font nullfont!
Missing character: There is no ற (U+0BB1) in font nullfont!
Missing character: There is no ு (U+0BC1) in font nullfont!
Missing character: There is no ம (U+0BAE) in font nullfont!
Missing character: There is no ் (U+0BCD) in font nullfont!
Missing character: There is no ம (U+0BAE) in font nullfont!
Missing character: There is no ூ (U+0BC2) in font nullfont!
Missing character: There is no ன (U+0BA9) in font nullfont!
Missing character: There is no ் (U+0BCD) in font nullfont!
Missing character: There is no ற (U+0BB1) in font nullfont!
Missing character: There is no ு (U+0BC1) in font nullfont!
Missing character: There is no க (U+0B95) in font nullfont!
Missing character: There is no ட (U+0B9F) in font nullfont!
Missing character: There is no ் (U+0BCD) in font nullfont!
Missing character: There is no ட (U+0B9F) in font nullfont!
Missing character: There is no ம (U+0BAE) in font nullfont!
Missing character: There is no ை (U+0BC8) in font nullfont!
Missing character: There is no க (U+0B95) in font nullfont!
Missing character: There is no ் (U+0BCD) in font nullfont!
Missing character: There is no க (U+0B95) in font nullfont!
Missing character: There is no க (U+0B95) in font nullfont!
Missing character: There is no ் (U+0BCD) in font nullfont!
Missing character: There is no க (U+0B95) in font nullfont!
Missing character: There is no ூ (U+0BC2) in font nullfont!
Missing character: There is no ட (U+0B9F) in font nullfont!
Missing character: There is no ி (U+0BBF) in font nullfont!
Missing character: There is no ய (U+0BAF) in font nullfont!
Missing character: There is no ம (U+0BAE) in font nullfont!
Missing character: There is no ற (U+0BB1) in font nullfont!
Missing character: There is no ு (U+0BC1) in font nullfont!
Missing character: There is no த (U+0BA4) in font nullfont!
Missing character: There is no ொ (U+0BCA) in font nullfont!
Missing character: There is no ட (U+0B9F) in font nullfont!
Missing character: There is no க (U+0B95) in font nullfont!
Missing character: There is no ் (U+0BCD) in font nullfont!
Missing character: There is no க (U+0B95) in font nullfont!
Missing character: There is no க (U+0B95) in font nullfont!
Missing character: There is no ொ (U+0BCA) in font nullfont!
Missing character: There is no ள (U+0BB3) in font nullfont!
Missing character: There is no ் (U+0BCD) in font nullfont!
Missing character: There is no க (U+0B95) in font nullfont!
Missing character: There is no ை (U+0BC8) in font nullfont!
Missing character: There is no க (U+0B95) in font nullfont!
Missing character: There is no ள (U+0BB3) in font nullfont!
Missing character: There is no ு (U+0BC1) in font nullfont!
Missing character: There is no ட (U+0B9F) in font nullfont!
Missing character: There is no ன (U+0BA9) in font nullfont!
Missing character: There is no ் (U+0BCD) in font nullfont!
Missing character: There is no அ (U+0B85) in font nullfont!
Missing character: There is no ன (U+0BA9) in font nullfont!
Missing character: There is no ை (U+0BC8) in font nullfont!
Missing character: There is no த (U+0BA4) in font nullfont!
Missing character: There is no ் (U+0BCD) in font nullfont!
Missing character: There is no த (U+0BA4) in font nullfont!
Missing character: There is no ு (U+0BC1) in font nullfont!
Missing character: There is no க (U+0B95) in font nullfont!
Missing character: There is no ண (U+0BA3) in font nullfont!
Missing character: There is no ி (U+0BBF) in font nullfont!
Missing character: There is no ன (U+0BA9) in font nullfont!
Missing character: There is no ி (U+0BBF) in font nullfont!
Missing character: There is no ச (U+0B9A) in font nullfont!
Missing character: There is no ே (U+0BC7) in font nullfont!
Missing character: There is no வ (U+0BB5) in font nullfont!
Missing character: There is no ை (U+0BC8) in font nullfont!
Missing character: There is no க (U+0B95) in font nullfont!
Missing character: There is no ள (U+0BB3) in font nullfont!
Missing character: There is no ை (U+0BC8) in font nullfont!
Missing character: There is no ய (U+0BAF) in font nullfont!
Missing character: There is no ு (U+0BC1) in font nullfont!
Missing character: There is no ம (U+0BAE) in font nullfont!
Missing character: There is no ் (U+0BCD) in font nullfont!
Missing character: There is no ந (U+0BA8) in font nullfont!
Missing character: There is no ி (U+0BBF) in font nullfont!
Missing character: There is no ர (U+0BB0) in font nullfont!
Missing character: There is no ் (U+0BCD) in font nullfont!
Missing character: There is no வ (U+0BB5) in font nullfont!
Missing character: There is no க (U+0B95) in font nullfont!
Missing character: There is no ி (U+0BBF) in font nullfont!
Missing character: There is no க (U+0B95) in font nullfont!
Missing character: There is no ் (U+0BCD) in font nullfont!
Missing character: There is no க (U+0B95) in font nullfont!
Missing character: There is no ி (U+0BBF) in font nullfont!
Missing character: There is no ற (U+0BB1) in font nullfont!
Missing character: There is no த (U+0BA4) in font nullfont!
Missing character: There is no ு (U+0BC1) in font nullfont!
Missing character: There is no . (U+002E) in font nullfont!
Missing character: There is no இ (U+0B87) in font nullfont!
Missing character: There is no ய (U+0BAF) in font nullfont!
Missing character: There is no க (U+0B95) in font nullfont!
Missing character: There is no ் (U+0BCD) in font nullfont!
Missing character: There is no க (U+0B95) in font nullfont!
Missing character: There is no ந (U+0BA8) in font nullfont!
Missing character: There is no ே (U+0BC7) in font nullfont!
Missing character: There is no ர (U+0BB0) in font nullfont!
Missing character: There is no க (U+0B95) in font nullfont!
Missing character: There is no ட (U+0B9F) in font nullfont!
Missing character: There is no ் (U+0BCD) in font nullfont!
Missing character: There is no ட (U+0B9F) in font nullfont!
Missing character: There is no ு (U+0BC1) in font nullfont!
Missing character: There is no ப (U+0BAA) in font nullfont!
Missing character: There is no ் (U+0BCD) in font nullfont!
Missing character: There is no ப (U+0BAA) in font nullfont!
Missing character: There is no ா (U+0BBE) in font nullfont!
Missing character: There is no ட (U+0B9F) in font nullfont!
Missing character: There is no ு (U+0BC1) in font nullfont!
Missing character: There is no U (U+0055) in font nullfont!
Missing character: There is no n (U+006E) in font nullfont!
Missing character: There is no i (U+0069) in font nullfont!
Missing character: There is no x (U+0078) in font nullfont!
Missing character: There is no ட (U+0B9F) in font nullfont!
Missing character: There is no ொ (U+0BCA) in font nullfont!
Missing character: There is no ம (U+0BAE) in font nullfont!
Missing character: There is no ை (U+0BC8) in font nullfont!
Missing character: There is no ன (U+0BA9) in font nullfont!
Missing character: There is no ் (U+0BCD) in font nullfont!
Missing character: There is no ச (U+0B9A) in font nullfont!
Missing character: There is no ா (U+0BBE) in font nullfont!
Missing character: There is no க (U+0B95) in font nullfont!
Missing character: There is no ் (U+0BCD) in font nullfont!
Missing character: There is no க (U+0B95) in font nullfont!
Missing character: There is no ெ (U+0BC6) in font nullfont!
Missing character: There is no ட (U+0B9F) in font nullfont!
Missing character: There is no ் (U+0BCD) in font nullfont!
Missing character: There is no வ (U+0BB5) in font nullfont!
Missing character: There is no ழ (U+0BB4) in font nullfont!
Missing character: There is no ி (U+0BBF) in font nullfont!
Missing character: There is no ய (U+0BAF) in font nullfont!
Missing character: There is no ா (U+0BBE) in font nullfont!
Missing character: There is no க (U+0B95) in font nullfont!
Missing character: There is no c (U+0063) in font nullfont!
Missing character: There is no o (U+006F) in font nullfont!
Missing character: There is no g (U+0067) in font nullfont!
Missing character: There is no m (U+006D) in font nullfont!
Missing character: There is no a (U+0061) in font nullfont!
Missing character: There is no n (U+006E) in font nullfont!
Missing character: There is no - (U+002D) in font nullfont!
Missing character: There is no c (U+0063) in font nullfont!
Missing character: There is no t (U+0074) in font nullfont!
Missing character: There is no l (U+006C) in font nullfont!
Missing character: There is no ம (U+0BAE) in font nullfont!
Missing character: There is no ூ (U+0BC2) in font nullfont!
Missing character: There is no ல (U+0BB2) in font nullfont!
Missing character: There is no ம (U+0BAE) in font nullfont!
Missing character: There is no ் (U+0BCD) in font nullfont!
Missing character: There is no வ (U+0BB5) in font nullfont!
Missing character: There is no ழ (U+0BB4) in font nullfont!
Missing character: There is no ங (U+0B99) in font nullfont!
Missing character: There is no ் (U+0BCD) in font nullfont!
Missing character: There is no க (U+0B95) in font nullfont!
Missing character: There is no ப (U+0BAA) in font nullfont!
Missing character: There is no ் (U+0BCD) in font nullfont!
Missing character: There is no ப (U+0BAA) in font nullfont!
Missing character: There is no ட (U+0B9F) in font nullfont!
Missing character: There is no ு (U+0BC1) in font nullfont!
Missing character: There is no க (U+0B95) in font nullfont!
Missing character: There is no ி (U+0BBF) in font nullfont!
Missing character: There is no ற (U+0BB1) in font nullfont!
Missing character: There is no த (U+0BA4) in font nullfont!
Missing character: There is no ு (U+0BC1) in font nullfont!
Missing character: There is no . (U+002E) in font nullfont!
Missing character: There is no ச (U+0B9A) in font nullfont!
Missing character: There is no ெ (U+0BC6) in font nullfont!
Missing character: There is no ய (U+0BAF) in font nullfont!
Missing character: There is no ல (U+0BB2) in font nullfont!
Missing character: There is no ் (U+0BCD) in font nullfont!
Missing character: There is no த (U+0BA4) in font nullfont!
Missing character: There is no ி (U+0BBF) in font nullfont!
Missing character: There is no ற (U+0BB1) in font nullfont!
Missing character: There is no ன (U+0BA9) in font nullfont!
Missing character: There is no ் (U+0BCD) in font nullfont!
Missing character: There is no ம (U+0BAE) in font nullfont!
Missing character: There is no த (U+0BA4) in font nullfont!
Missing character: There is no ி (U+0BBF) in font nullfont!
Missing character: There is no ப (U+0BAA) in font nullfont!
Missing character: There is no ் (U+0BCD) in font nullfont!
Missing character: There is no ப (U+0BAA) in font nullfont!
Missing character: There is no ீ (U+0BC0) in font nullfont!
Missing character: There is no ட (U+0B9F) in font nullfont!
Missing character: There is no ு (U+0BC1) in font nullfont!
Missing character: There is no த (U+0BA4) in font nullfont!
Missing character: There is no ி (U+0BBF) in font nullfont!
Missing character: There is no ட (U+0B9F) in font nullfont!
Missing character: There is no ் (U+0BCD) in font nullfont!
Missing character: There is no ட (U+0B9F) in font nullfont!
Missing character: There is no த (U+0BA4) in font nullfont!
Missing character: There is no ீ (U+0BC0) in font nullfont!
Missing character: There is no ர (U+0BB0) in font nullfont!
Missing character: There is no ் (U+0BCD) in font nullfont!
Missing character: There is no வ (U+0BB5) in font nullfont!
Missing character: There is no ு (U+0BC1) in font nullfont!
Missing character: There is no ந (U+0BA8) in font nullfont!
Missing character: There is no ே (U+0BC7) in font nullfont!
Missing character: There is no ர (U+0BB0) in font nullfont!
Missing character: There is no த (U+0BA4) in font nullfont!
Missing character: There is no ் (U+0BCD) in font nullfont!
Missing character: There is no த (U+0BA4) in font nullfont!
Missing character: There is no ி (U+0BBF) in font nullfont!
Missing character: There is no ல (U+0BB2) in font nullfont!
Missing character: There is no ் (U+0BCD) in font nullfont!
Missing character: There is no 5 (U+0035) in font nullfont!
Missing character: There is no 6 (U+0036) in font nullfont!
Missing character: There is no ம (U+0BAE) in font nullfont!
Missing character: There is no ட (U+0B9F) in font nullfont!
Missing character: There is no ங (U+0B99) in font nullfont!
Missing character: There is no ் (U+0BCD) in font nullfont!
Missing character: There is no க (U+0B95) in font nullfont!
Missing character: There is no ு (U+0BC1) in font nullfont!
Missing character: There is no ம (U+0BAE) in font nullfont!
Missing character: There is no ே (U+0BC7) in font nullfont!
Missing character: There is no ம (U+0BAE) in font nullfont!
Missing character: There is no ் (U+0BCD) in font nullfont!
Missing character: There is no ப (U+0BAA) in font nullfont!
Missing character: There is no ா (U+0BBE) in font nullfont!
Missing character: There is no ட (U+0B9F) in font nullfont!
Missing character: There is no ு (U+0BC1) in font nullfont!
Missing character: There is no ( (U+0028) in font nullfont!
Missing character: There is no 8 (U+0038) in font nullfont!
Missing character: There is no m (U+006D) in font nullfont!
Missing character: There is no s (U+0073) in font nullfont!
Missing character: There is no ம (U+0BAE) in font nullfont!
Missing character: There is no ே (U+0BC7) in font nullfont!
Missing character: There is no ல (U+0BB2) in font nullfont!
Missing character: There is no ு (U+0BC1) in font nullfont!
Missing character: There is no ம (U+0BAE) in font nullfont!
Missing character: There is no ் (U+0BCD) in font nullfont!
Missing character: There is no 4 (U+0034) in font nullfont!
Missing character: There is no 5 (U+0035) in font nullfont!
Missing character: There is no 0 (U+0030) in font nullfont!
Missing character: There is no m (U+006D) in font nullfont!
Missing character: There is no s (U+0073) in font nullfont!
Missing character: There is no ) (U+0029) in font nullfont!
Missing character: There is no , (U+002C) in font nullfont!
Missing character: There is no உ (U+0B89) in font nullfont!
Missing character: There is no ச (U+0B9A) in font nullfont!
Missing character: There is no ் (U+0BCD) in font nullfont!
Missing character: There is no ச (U+0B9A) in font nullfont!
Missing character: There is no ந (U+0BA8) in font nullfont!
Missing character: There is no ி (U+0BBF) in font nullfont!
Missing character: There is no ன (U+0BA9) in font nullfont!
Missing character: There is no ை (U+0BC8) in font nullfont!
Missing character: There is no வ (U+0BB5) in font nullfont!
Missing character: There is no க (U+0B95) in font nullfont!
Missing character: There is no த (U+0BA4) in font nullfont!
Missing character: There is no ் (U+0BCD) in font nullfont!
Missing character: There is no த (U+0BA4) in font nullfont!
Missing character: There is no ி (U+0BBF) in font nullfont!
Missing character: There is no ல (U+0BB2) in font nullfont!
Missing character: There is no ் (U+0BCD) in font nullfont!
Missing character: There is no 2 (U+0032) in font nullfont!
Missing character: There is no 1 (U+0031) in font nullfont!
Missing character: There is no ம (U+0BAE) in font nullfont!
Missing character: There is no ட (U+0B9F) in font nullfont!
Missing character: There is no ங (U+0B99) in font nullfont!
Missing character: There is no ் (U+0BCD) in font nullfont!
Missing character: There is no க (U+0B95) in font nullfont!
Missing character: There is no ு (U+0BC1) in font nullfont!
Missing character: There is no க (U+0B95) in font nullfont!
Missing character: There is no ு (U+0BC1) in font nullfont!
Missing character: There is no ற (U+0BB1) in font nullfont!
Missing character: There is no ை (U+0BC8) in font nullfont!
Missing character: There is no ப (U+0BAA) in font nullfont!
Missing character: There is no ் (U+0BCD) in font nullfont!
Missing character: There is no ப (U+0BAA) in font nullfont!
Missing character: There is no ு (U+0BC1) in font nullfont!
Missing character: There is no ( (U+0028) in font nullfont!
Missing character: There is no 4 (U+0034) in font nullfont!
Missing character: There is no M (U+004D) in font nullfont!
Missing character: There is no B (U+0042) in font nullfont!
Missing character: There is no ம (U+0BAE) in font nullfont!
Missing character: There is no ே (U+0BC7) in font nullfont!
Missing character: There is no ல (U+0BB2) in font nullfont!
Missing character: There is no ு (U+0BC1) in font nullfont!
Missing character: There is no ம (U+0BAE) in font nullfont!
Missing character: There is no ் (U+0BCD) in font nullfont!
Missing character: There is no 8 (U+0038) in font nullfont!
Missing character: There is no 5 (U+0035) in font nullfont!
Missing character: There is no M (U+004D) in font nullfont!
Missing character: There is no B (U+0042) in font nullfont!
Missing character: There is no ) (U+0029) in font nullfont!
Missing character: There is no ம (U+0BAE) in font nullfont!
Missing character: There is no ற (U+0BB1) in font nullfont!
Missing character: There is no ் (U+0BCD) in font nullfont!
Missing character: There is no ற (U+0BB1) in font nullfont!
Missing character: There is no ு (U+0BC1) in font nullfont!
Missing character: There is no ம (U+0BAE) in font nullfont!
Missing character: There is no ் (U+0BCD) in font nullfont!
Missing character: There is no ப (U+0BAA) in font nullfont!
Missing character: There is no ட (U+0B9F) in font nullfont!
Missing character: There is no ி (U+0BBF) in font nullfont!
Missing character: There is no - (U+002D) in font nullfont!
Missing character: There is no ம (U+0BAE) in font nullfont!
Missing character: There is no ே (U+0BC7) in font nullfont!
Missing character: There is no ல (U+0BB2) in font nullfont!
Missing character: There is no ் (U+0BCD) in font nullfont!
Missing character: There is no - (U+002D) in font nullfont!
Missing character: There is no ந (U+0BA8) in font nullfont!
Missing character: There is no ி (U+0BBF) in font nullfont!
Missing character: There is no ல (U+0BB2) in font nullfont!
Missing character: There is no ை (U+0BC8) in font nullfont!
Missing character: There is no ச (U+0B9A) in font nullfont!
Missing character: There is no ் (U+0BCD) in font nullfont!
Missing character: There is no ச (U+0B9A) in font nullfont!
Missing character: There is no ு (U+0BC1) in font nullfont!
Missing character: There is no ம (U+0BAE) in font nullfont!
Missing character: There is no ை (U+0BC8) in font nullfont!
Missing character: There is no ய (U+0BAF) in font nullfont!
Missing character: There is no ி (U+0BBF) in font nullfont!
Missing character: There is no ல (U+0BB2) in font nullfont!
Missing character: There is no ் (U+0BCD) in font nullfont!
Missing character: There is no 5 (U+0035) in font nullfont!
Missing character: There is no 0 (U+0030) in font nullfont!
Missing character: There is no ம (U+0BAE) in font nullfont!
Missing character: There is no ட (U+0B9F) in font nullfont!
Missing character: There is no ங (U+0B99) in font nullfont!
Missing character: There is no ் (U+0BCD) in font nullfont!
Missing character: There is no க (U+0B95) in font nullfont!
Missing character: There is no ு (U+0BC1) in font nullfont!
Missing character: There is no க (U+0B95) in font nullfont!
Missing character: There is no ு (U+0BC1) in font nullfont!
Missing character: There is no ற (U+0BB1) in font nullfont!
Missing character: There is no ை (U+0BC8) in font nullfont!
Missing character: There is no ப (U+0BAA) in font nullfont!
Missing character: There is no ் (U+0BCD) in font nullfont!
Missing character: There is no ப (U+0BAA) in font nullfont!
Missing character: There is no ை (U+0BC8) in font nullfont!
Missing character: There is no ந (U+0BA8) in font nullfont!
Missing character: There is no ி (U+0BBF) in font nullfont!
Missing character: There is no ர (U+0BB0) in font nullfont!
Missing character: There is no ூ (U+0BC2) in font nullfont!
Missing character: There is no ப (U+0BAA) in font nullfont!
Missing character: There is no ி (U+0BBF) in font nullfont!
Missing character: There is no க (U+0B95) in font nullfont!
Missing character: There is no ் (U+0BCD) in font nullfont!
Missing character: There is no க (U+0B95) in font nullfont!
Missing character: There is no ி (U+0BBF) in font nullfont!
Missing character: There is no ற (U+0BB1) in font nullfont!
Missing character: There is no த (U+0BA4) in font nullfont!
Missing character: There is no ு (U+0BC1) in font nullfont!
Missing character: There is no . (U+002E) in font nullfont!
Missing character: There is no த (U+0BA4) in font nullfont!
Missing character: There is no ோ (U+0BCB) in font nullfont!
Missing character: There is no ர (U+0BB0) in font nullfont!
Missing character: There is no ா (U+0BBE) in font nullfont!
Missing character: There is no ய (U+0BAF) in font nullfont!
Missing character: There is no ம (U+0BAE) in font nullfont!
Missing character: There is no ா (U+0BBE) in font nullfont!
Missing character: There is no க (U+0B95) in font nullfont!
Missing character: There is no 6 (U+0036) in font nullfont!
Missing character: There is no . (U+002E) in font nullfont!
Missing character: There is no 3 (U+0033) in font nullfont!
Missing character: There is no M (U+004D) in font nullfont!
Missing character: There is no B (U+0042) in font nullfont!
Missing character: There is no அ (U+0B85) in font nullfont!
Missing character: There is no ள (U+0BB3) in font nullfont!
Missing character: There is no வ (U+0BB5) in font nullfont!
Missing character: There is no ி (U+0BBF) in font nullfont!
Missing character: There is no ல (U+0BB2) in font nullfont!
Missing character: There is no ா (U+0BBE) in font nullfont!
Missing character: There is no ன (U+0BA9) in font nullfont!
Missing character: There is no த (U+0BA4) in font nullfont!
Missing character: There is no ு (U+0BC1) in font nullfont!
Missing character: There is no வ (U+0BB5) in font nullfont!
Missing character: There is no க (U+0B95) in font nullfont!
Missing character: There is no ் (U+0BCD) in font nullfont!
Missing character: There is no க (U+0B95) in font nullfont!
Missing character: There is no க (U+0B95) in font nullfont!
Missing character: There is no ் (U+0BCD) in font nullfont!
Missing character: There is no க (U+0B95) in font nullfont!
Missing character: There is no ூ (U+0BC2) in font nullfont!
Missing character: There is no ட (U+0B9F) in font nullfont!
Missing character: There is no ி (U+0BBF) in font nullfont!
Missing character: There is no ய (U+0BAF) in font nullfont!
Missing character: There is no r (U+0072) in font nullfont!
Missing character: There is no o (U+006F) in font nullfont!
Missing character: There is no o (U+006F) in font nullfont!
Missing character: There is no t (U+0074) in font nullfont!
Missing character: There is no f (U+0066) in font nullfont!
Missing character: There is no s (U+0073) in font nullfont!
Missing character: There is no Q (U+0051) in font nullfont!
Missing character: There is no E (U+0045) in font nullfont!
Missing character: There is no M (U+004D) in font nullfont!
Missing character: There is no U (U+0055) in font nullfont!
Missing character: There is no இ (U+0B87) in font nullfont!
Missing character: There is no ல (U+0BB2) in font nullfont!
Missing character: There is no ் (U+0BCD) in font nullfont!
Missing character: There is no அ (U+0B85) in font nullfont!
Missing character: There is no ன (U+0BA9) in font nullfont!
Missing character: There is no ை (U+0BC8) in font nullfont!
Missing character: There is no த (U+0BA4) in font nullfont!
Missing character: There is no ் (U+0BCD) in font nullfont!
Missing character: There is no த (U+0BA4) in font nullfont!
Missing character: There is no ு (U+0BC1) in font nullfont!
Missing character: There is no 4 (U+0034) in font nullfont!
Missing character: There is no 0 (U+0030) in font nullfont!
Missing character: There is no ச (U+0B9A) in font nullfont!
Missing character: There is no ோ (U+0BCB) in font nullfont!
Missing character: There is no த (U+0BA4) in font nullfont!
Missing character: There is no ன (U+0BA9) in font nullfont!
Missing character: There is no ை (U+0BC8) in font nullfont!
Missing character: There is no வ (U+0BB5) in font nullfont!
Missing character: There is no ழ (U+0BB4) in font nullfont!
Missing character: There is no க (U+0B95) in font nullfont!
Missing character: There is no ் (U+0BCD) in font nullfont!
Missing character: There is no க (U+0B95) in font nullfont!
Missing character: There is no ு (U+0BC1) in font nullfont!
Missing character: There is no க (U+0B95) in font nullfont!
Missing character: There is no ள (U+0BB3) in font nullfont!
Missing character: There is no ு (U+0BC1) in font nullfont!
Missing character: There is no ம (U+0BAE) in font nullfont!
Missing character: There is no ் (U+0BCD) in font nullfont!
Missing character: There is no த (U+0BA4) in font nullfont!
Missing character: There is no ே (U+0BC7) in font nullfont!
Missing character: There is no ர (U+0BB0) in font nullfont!
Missing character: There is no ் (U+0BCD) in font nullfont!
Missing character: There is no ச (U+0B9A) in font nullfont!
Missing character: There is no ் (U+0BCD) in font nullfont!
Missing character: There is no ச (U+0B9A) in font nullfont!
Missing character: There is no ி (U+0BBF) in font nullfont!
Missing character: There is no ப (U+0BAA) in font nullfont!
Missing character: There is no ெ (U+0BC6) in font nullfont!
Missing character: There is no ற (U+0BB1) in font nullfont!
Missing character: There is no ் (U+0BCD) in font nullfont!
Missing character: There is no ற (U+0BB1) in font nullfont!
Missing character: There is no ு (U+0BC1) in font nullfont!
Missing character: There is no ச (U+0B9A) in font nullfont!
Missing character: There is no ர (U+0BB0) in font nullfont!
Missing character: There is no ி (U+0BBF) in font nullfont!
Missing character: There is no ப (U+0BAA) in font nullfont!
Missing character: There is no ா (U+0BBE) in font nullfont!
Missing character: There is no ர (U+0BB0) in font nullfont!
Missing character: There is no ் (U+0BCD) in font nullfont!
Missing character: There is no க (U+0B95) in font nullfont!
Missing character: There is no ் (U+0BCD) in font nullfont!
Missing character: There is no க (U+0B95) in font nullfont!
Missing character: There is no ப (U+0BAA) in font nullfont!
Missing character: There is no ் (U+0BCD) in font nullfont!
Missing character: There is no ப (U+0BAA) in font nullfont!
Missing character: There is no ட (U+0B9F) in font nullfont!
Missing character: There is no ் (U+0BCD) in font nullfont!
Missing character: There is no ட (U+0B9F) in font nullfont!
Missing character: There is no த (U+0BA4) in font nullfont!
Missing character: There is no ு (U+0BC1) in font nullfont!
Missing character: There is no . (U+002E) in font nullfont!
Missing character: There is no த (U+0BA4) in font nullfont!
Missing character: There is no ி (U+0BBF) in font nullfont!
Missing character: There is no ற (U+0BB1) in font nullfont!
Missing character: There is no வ (U+0BB5) in font nullfont!
Missing character: There is no ு (U+0BC1) in font nullfont!
Missing character: There is no ச (U+0B9A) in font nullfont!
Missing character: There is no ் (U+0BCD) in font nullfont!
Missing character: There is no ச (U+0B9A) in font nullfont!
Missing character: There is no ொ (U+0BCA) in font nullfont!
Missing character: There is no ற (U+0BB1) in font nullfont!
Missing character: There is no ் (U+0BCD) in font nullfont!
Missing character: There is no க (U+0B95) in font nullfont!
Missing character: There is no ள (U+0BB3) in font nullfont!
Missing character: There is no ் (U+0BCD) in font nullfont!
Missing character: There is no : (U+003A) in font nullfont!
Missing character: There is no க (U+0B95) in font nullfont!
Missing character: There is no ு (U+0BC1) in font nullfont!
Missing character: There is no ற (U+0BB1) in font nullfont!
Missing character: There is no ை (U+0BC8) in font nullfont!
Missing character: There is no ந (U+0BA8) in font nullfont!
Missing character: There is no ் (U+0BCD) in font nullfont!
Missing character: There is no த (U+0BA4) in font nullfont!
Missing character: There is no ப (U+0BAA) in font nullfont!
Missing character: There is no ட (U+0B9F) in font nullfont!
Missing character: There is no ் (U+0BCD) in font nullfont!
Missing character: There is no ச (U+0B9A) in font nullfont!
Missing character: There is no L (U+004C) in font nullfont!
Missing character: There is no i (U+0069) in font nullfont!
Missing character: There is no n (U+006E) in font nullfont!
Missing character: There is no u (U+0075) in font nullfont!
Missing character: There is no x (U+0078) in font nullfont!
Missing character: There is no , (U+002C) in font nullfont!
Missing character: There is no இ (U+0B87) in font nullfont!
Missing character: There is no ண (U+0BA3) in font nullfont!
Missing character: There is no ை (U+0BC8) in font nullfont!
Missing character: There is no ய (U+0BAF) in font nullfont!
Missing character: There is no ப (U+0BAA) in font nullfont!
Missing character: There is no ் (U+0BCD) in font nullfont!
Missing character: There is no ப (U+0BAA) in font nullfont!
Missing character: There is no ா (U+0BBE) in font nullfont!
Missing character: There is no த (U+0BA4) in font nullfont!
Missing character: There is no ு (U+0BC1) in font nullfont!
Missing character: There is no க (U+0B95) in font nullfont!
Missing character: There is no ா (U+0BBE) in font nullfont!
Missing character: There is no ப (U+0BAA) in font nullfont!
Missing character: There is no ் (U+0BCD) in font nullfont!
Missing character: There is no ப (U+0BAA) in font nullfont!
Missing character: There is no ு (U+0BC1) in font nullfont!
Missing character: There is no , (U+002C) in font nullfont!
Missing character: There is no ஊ (U+0B8A) in font nullfont!
Missing character: There is no ட (U+0B9F) in font nullfont!
Missing character: There is no ு (U+0BC1) in font nullfont!
Missing character: There is no ர (U+0BB0) in font nullfont!
Missing character: There is no ு (U+0BC1) in font nullfont!
Missing character: There is no வ (U+0BB5) in font nullfont!
Missing character: There is no ல (U+0BB2) in font nullfont!
Missing character: There is no ் (U+0BCD) in font nullfont!
Missing character: There is no ச (U+0B9A) in font nullfont!
Missing character: There is no ோ (U+0BCB) in font nullfont!
Missing character: There is no த (U+0BA4) in font nullfont!
Missing character: There is no ன (U+0BA9) in font nullfont!
Missing character: There is no ை (U+0BC8) in font nullfont!
Missing character: There is no , (U+002C) in font nullfont!
Missing character: There is no C (U+0043) in font nullfont!
Missing character: There is no o (U+006F) in font nullfont!
Missing character: There is no g (U+0067) in font nullfont!
Missing character: There is no m (U+006D) in font nullfont!
Missing character: There is no a (U+0061) in font nullfont!
Missing character: There is no n (U+006E) in font nullfont!
Missing character: There is no , (U+002C) in font nullfont!
Missing character: There is no P (U+0050) in font nullfont!
Missing character: There is no I (U+0049) in font nullfont!
Missing character: There is no D (U+0044) in font nullfont!
Missing character: There is no 1 (U+0031) in font nullfont!
Missing character: There is no , (U+002C) in font nullfont!
Missing character: There is no n (U+006E) in font nullfont!
Missing character: There is no m (U+006D) in font nullfont!
Missing character: There is no a (U+0061) in font nullfont!
Missing character: There is no p (U+0070) in font nullfont!
Missing character: There is no , (U+002C) in font nullfont!
Missing character: There is no t (U+0074) in font nullfont!
Missing character: There is no c (U+0063) in font nullfont!
Missing character: There is no p (U+0070) in font nullfont!
Missing character: There is no d (U+0064) in font nullfont!
Missing character: There is no u (U+0075) in font nullfont!
Missing character: There is no m (U+006D) in font nullfont!
Missing character: There is no p (U+0070) in font nullfont!
Missing character: There is no , (U+002C) in font nullfont!
Missing character: There is no X (U+0058) in font nullfont!
Missing character: There is no 1 (U+0031) in font nullfont!
Missing character: There is no 1 (U+0031) in font nullfont!
Missing character: There is no , (U+002C) in font nullfont!
Missing character: There is no D (U+0044) in font nullfont!
Missing character: There is no W (U+0057) in font nullfont!
Missing character: There is no M (U+004D) in font nullfont!
Missing character: There is no , (U+002C) in font nullfont!
Missing character: There is no T (U+0054) in font nullfont!
Missing character: There is no O (U+004F) in font nullfont!
Missing character: There is no M (U+004D) in font nullfont!
Missing character: There is no L (U+004C) in font nullfont!
Missing character: There is no , (U+002C) in font nullfont!
Missing character: There is no R (U+0052) in font nullfont!
Missing character: There is no u (U+0075) in font nullfont!
Missing character: There is no s (U+0073) in font nullfont!
Missing character: There is no t (U+0074) in font nullfont!
Missing character: There is no , (U+002C) in font nullfont!
Missing character: There is no C (U+0043) in font nullfont!
Missing character: There is no 1 (U+0031) in font nullfont!
Missing character: There is no 1 (U+0031) in font nullfont!
Missing character: There is no , (U+002C) in font nullfont!
Missing character: There is no C (U+0043) in font nullfont!
Missing character: There is no G (U+0047) in font nullfont!
Missing character: There is no M (U+004D) in font nullfont!
Missing character: There is no 2 (U+0032) in font nullfont!
Missing character: There is no P (U+0050) in font nullfont!
Missing character: There is no L (U+004C) in font nullfont!
Missing character: There is no A (U+0041) in font nullfont!
Missing character: There is no N (U+004E) in font nullfont!
Missing character: There is no , (U+002C) in font nullfont!
Missing character: There is no Q (U+0051) in font nullfont!
Missing character: There is no E (U+0045) in font nullfont!
Missing character: There is no M (U+004D) in font nullfont!
Missing character: There is no U (U+0055) in font nullfont!
Missing character: There is no , (U+002C) in font nullfont!
Missing character: There is no n (U+006E) in font nullfont!
Missing character: There is no f (U+0066) in font nullfont!
Missing character: There is no t (U+0074) in font nullfont!
Missing character: There is no a (U+0061) in font nullfont!
Missing character: There is no b (U+0062) in font nullfont!
Missing character: There is no l (U+006C) in font nullfont!
Missing character: There is no e (U+0065) in font nullfont!
Missing character: There is no s (U+0073) in font nullfont!
Missing character: There is no , (U+002C) in font nullfont!
Missing character: There is no D (U+0044) in font nullfont!
Missing character: There is no r (U+0072) in font nullfont!
Missing character: There is no o (U+006F) in font nullfont!
Missing character: There is no p (U+0070) in font nullfont!
Missing character: There is no b (U+0062) in font nullfont!
Missing character: There is no e (U+0065) in font nullfont!
Missing character: There is no a (U+0061) in font nullfont!
Missing character: There is no r (U+0072) in font nullfont!
Missing character: There is no . (U+002E) in font nullfont!
] (./tamil_abstract.aux)
 ***********
LaTeX2e <2025-11-01>
L3 programming layer <2026-01-19>
 ***********
)

Here is how much of LuaTeX's memory you used:
 3468 strings out of 476076
 100000,552014 words of node,token memory allocated
 373 words of node memory still in use:
   3 hlist, 1 vlist, 1 rule, 2 glue, 49 glue_spec, 1 write nodes
   avail lists: 2:13,3:16,4:5,5:29,6:10,7:4288,9:34,10:4,11:16
 25939 multiletter control sequences out of 65536+600000
 15 fonts using 636923 bytes
 73i,5n,92p,289b,260s stack positions out of 10000i,1000n,20000p,200000b,200000s
Output written on tamil_abstract.pdf (1 page, 895 bytes).

PDF statistics: 8 PDF objects out of 1000 (max. 8388607)
 4 compressed objects within 1 object stream
 0 named destinations out of 1000 (max. 1048576)
 1 words of extra memory for PDF output out of 10000 (max. 100000000)

